user_id,order_id,purchase_ts,ship_ts,refund_ts,product_name,product_id,usd_price,purchase_platform,marketing_channel,account_creation_method,country_code,purchase_y,purchase_ym,purchase_ymd,purchase_ymw,purchase_q,ship_y,ship_ym,ship_ymd,ship_ymw,ship_q
2c06175e,0001328c3c220830,2020-12-24 00:00:00,2020-12-13,,Nintendo Switch,e682,168.0,website,affiliate,unknown,US,2020,2020-12,2020-12-24,2020-12-21/2020-12-27,2020Q4,2020,2020-12,2020-12-13,2020-12-07/2020-12-13,2020Q4
d37ef9f9,006116b394689293,2020-12-23 00:00:00,2020-08-29,,27in 4K gaming monitor,891b,312.0,website,direct,desktop,US,2020,2020-12,2020-12-23,2020-12-21/2020-12-27,2020Q4,2020,2020-08,2020-08-29,2020-08-24/2020-08-30,2020Q3
6ee318a8,0064a61f5e347824,2020-12-06 00:00:00,2020-08-30,,JBL Quantum 100 Gaming Headset,2997,24.0,mobile app,direct,desktop,US,2020,2020-12,2020-12-06,2020-11-30/2020-12-06,2020Q4,2020,2020-08,2020-08-30,2020-08-24/2020-08-30,2020Q3
6967b8ad,007d7cc247b45508,2020-12-23 00:00:00,2020-10-31,,Nintendo Switch,e682,168.0,website,direct,desktop,US,2020,2020-12,2020-12-23,2020-12-21/2020-12-27,2020Q4,2020,2020-10,2020-10-31,2020-10-26/2020-11-01,2020Q4
f0fbb10a,00bdb7840ac101863,2020-12-13 00:00:00,2020-08-26,2/26/2022,Nintendo Switch,e682,181.02,website,direct,desktop,GB,2020,2020-12,2020-12-13,2020-12-07/2020-12-13,2020Q4,2020,2020-08,2020-08-26,2020-08-24/2020-08-30,2020Q3
ac27bd8b,00cb82187c772953,2020-12-18 00:00:00,2020-11-04,12/8/2025,Nintendo Switch,8d0d,149.36,website,direct,desktop,PL,2020,2020-12,2020-12-18,2020-12-14/2020-12-20,2020Q4,2020,2020-11,2020-11-04,2020-11-02/2020-11-08,2020Q4
ac27bd8b,00cb82187c772955,2020-12-18 00:00:00,2020-10-30,,Nintendo Switch,8d0d,149.36,website,direct,desktop,PL,2020,2020-12,2020-12-18,2020-12-14/2020-12-20,2020Q4,2020,2020-10,2020-10-30,2020-10-26/2020-11-01,2020Q4
771f93ec,00fc0753e6f51019,2020-12-27 00:00:00,2020-09-17,,JBL Quantum 100 Gaming Headset,ab0f,24.0,website,direct,desktop,JM,2020,2020-12,2020-12-27,2020-12-21/2020-12-27,2020Q4,2020,2020-09,2020-09-17,2020-09-14/2020-09-20,2020Q3
14934774,01015969b42424,2020-12-27 00:00:00,2020-08-14,,Nintendo Switch,e682,153.88,website,direct,desktop,AU,2020,2020-12,2020-12-27,2020-12-21/2020-12-27,2020Q4,2020,2020-08,2020-08-14,2020-08-10/2020-08-16,2020Q3
34918d84,010479a65fb24299,2020-12-17 00:00:00,2020-11-19,,Nintendo Switch,8d0d,168.0,website,direct,desktop,US,2020,2020-12,2020-12-17,2020-12-14/2020-12-20,2020Q4,2020,2020-11,2020-11-19,2020-11-16/2020-11-22,2020Q4
34706fc2,010d124585e24253,2020-12-22 00:00:00,2020-10-24,,27in 4K gaming monitor,e7e6,480.0,website,email,desktop,US,2020,2020-12,2020-12-22,2020-12-21/2020-12-27,2020Q4,2020,2020-10,2020-10-24,2020-10-19/2020-10-25,2020Q4
994ab136,01454de09e164831,2020-01-20 00:00:00,2019-12-14,,JBL Quantum 100 Gaming Headset,ab0f,24.0,website,direct,desktop,US,2020,2020-01,2020-01-20,2020-01-20/2020-01-26,2020Q1,2019,2019-12,2019-12-14,2019-12-09/2019-12-15,2019Q4
55b7dbdf,0148a5cc8a337680,2020-12-22 00:00:00,2020-12-16,,Nintendo Switch,e682,143.02,website,direct,desktop,PL,2020,2020-12,2020-12-22,2020-12-21/2020-12-27,2020Q4,2020,2020-12,2020-12-16,2020-12-14/2020-12-20,2020Q4
83453728,01562d852912206,2020-12-07 00:00:00,2020-11-18,,Nintendo Switch,e682,144.17,website,direct,desktop,AU,2020,2020-12,2020-12-07,2020-12-07/2020-12-13,2020Q4,2020,2020-11,2020-11-18,2020-11-16/2020-11-22,2020Q4
08e4bdbb,015be60c5e96663,2020-12-21 00:00:00,2020-10-21,1/19/2024,27in 4K gaming monitor,e7e6,480.0,website,direct,desktop,US,2020,2020-12,2020-12-21,2020-12-21/2020-12-27,2020Q4,2020,2020-10,2020-10-21,2020-10-19/2020-10-25,2020Q4
64e1dd19,0164bd6b79e43617,2020-12-23 00:00:00,2020-12-18,,Nintendo Switch,e682,184.9,website,direct,desktop,GB,2020,2020-12,2020-12-23,2020-12-21/2020-12-27,2020Q4,2020,2020-12,2020-12-18,2020-12-14/2020-12-20,2020Q4
be40951c,0179d78928080528,2020-12-31 00:00:00,2020-11-28,,JBL Quantum 100 Gaming Headset,ab0f,24.0,website,direct,desktop,IN,2020,2020-12,2020-12-31,2020-12-28/2021-01-03,2020Q4,2020,2020-11,2020-11-28,2020-11-23/2020-11-29,2020Q4
389f8fbf,01a7b9084cf25922,2020-12-20 00:00:00,2020-10-04,,27in 4K gaming monitor,891b,265.2,website,direct,desktop,GB,2020,2020-12,2020-12-20,2020-12-14/2020-12-20,2020Q4,2020,2020-10,2020-10-04,2020-09-28/2020-10-04,2020Q4
389f8fbf,01a7b9084cf25923,2020-12-20 00:00:00,2020-09-18,,27in 4K gaming monitor,891b,265.2,website,direct,desktop,GB,2020,2020-12,2020-12-20,2020-12-14/2020-12-20,2020Q4,2020,2020-09,2020-09-18,2020-09-14/2020-09-20,2020Q3
82ab6848,020cce9aa2655662,2020-12-21 00:00:00,2020-08-01,,Nintendo Switch,b5f7,167.98,mobile app,email,desktop,US,2020,2020-12,2020-12-21,2020-12-21/2020-12-27,2020Q4,2020,2020-08,2020-08-01,2020-07-27/2020-08-02,2020Q3
82ab6848,020cce9aa2655663,2020-12-21 00:00:00,2020-08-09,11/28/2023,Nintendo Switch,b5f7,167.98,mobile app,email,desktop,US,2020,2020-12,2020-12-21,2020-12-21/2020-12-27,2020Q4,2020,2020-08,2020-08-09,2020-08-03/2020-08-09,2020Q3
82ab6848,020cce9aa2655664,2020-12-21 00:00:00,2020-09-28,,Nintendo Switch,b5f7,167.98,mobile app,email,desktop,US,2020,2020-12,2020-12-21,2020-12-21/2020-12-27,2020Q4,2020,2020-09,2020-09-28,2020-09-28/2020-10-04,2020Q3
2ef89626,025c5f5904722041,2020-12-11 00:00:00,2020-11-12,,Dell Gaming Mouse,8d4f,49.98,mobile app,direct,desktop,US,2020,2020-12,2020-12-11,2020-12-07/2020-12-13,2020Q4,2020,2020-11,2020-11-12,2020-11-09/2020-11-15,2020Q4
be7e6dd7,0279b93a84080648,2020-12-27 00:00:00,2020-12-17,,27in 4K gaming monitor,891b,450.37,website,direct,desktop,NL,2020,2020-12,2020-12-27,2020-12-21/2020-12-27,2020Q4,2020,2020-12,2020-12-17,2020-12-14/2020-12-20,2020Q4
402648ef,02aa499b74e29055,2020-12-11 00:00:00,2020-11-05,6/18/2025,27in 4K gaming monitor,e7e6,439.2,website,email,desktop,NL,2020,2020-12,2020-12-11,2020-12-07/2020-12-13,2020Q4,2020,2020-11,2020-11-05,2020-11-02/2020-11-08,2020Q4
55ff94c4,02c527ac37237792,2020-12-23 00:00:00,2020-12-11,5/4/2021,Nintendo Switch,e682,158.79,website,direct,desktop,JP,2020,2020-12,2020-12-23,2020-12-21/2020-12-27,2020Q4,2020,2020-12,2020-12-11,2020-12-07/2020-12-13,2020Q4
55ff94c4,02c527ac37237793,2020-12-23 00:00:00,2020-12-22,,Nintendo Switch,e682,158.79,website,direct,desktop,JP,2020,2020-12,2020-12-23,2020-12-21/2020-12-27,2020Q4,2020,2020-12,2020-12-22,2020-12-21/2020-12-27,2020Q4
2294244d,02d913ca94017020,2020-01-30 00:00:00,2019-10-23,,Nintendo Switch,8d0d,168.0,website,direct,desktop,US,2020,2020-01,2020-01-30,2020-01-27/2020-02-02,2020Q1,2019,2019-10,2019-10-23,2019-10-21/2019-10-27,2019Q4
b0c8d325,032806cdd9b74921,2020-12-26 00:00:00,2020-08-23,,27in 4K gaming monitor,891b,417.42,website,direct,desktop,US,2020,2020-12,2020-12-26,2020-12-21/2020-12-27,2020Q4,2020,2020-08,2020-08-23,2020-08-17/2020-08-23,2020Q3
bca0535b,03467dc314a79864,2020-12-07 00:00:00,2020-10-25,,Nintendo Switch,8d0d,161.05,website,direct,desktop,SE,2020,2020-12,2020-12-07,2020-12-07/2020-12-13,2020Q4,2020,2020-10,2020-10-25,2020-10-19/2020-10-25,2020Q4
2c1a2b2e,0348ec0227020870,2020-12-19 00:00:00,2020-08-27,2/4/2024,27in 4K gaming monitor,891b,280.18,website,direct,desktop,DE,2020,2020-12,2020-12-19,2020-12-14/2020-12-20,2020Q4,2020,2020-08,2020-08-27,2020-08-24/2020-08-30,2020Q3
d234c0b2,034a1b478ac88733,2020-01-30 00:00:00,2019-10-12,,Nintendo Switch,8d0d,150.41,website,direct,desktop,GR,2020,2020-01,2020-01-30,2020-01-27/2020-02-02,2020Q1,2019,2019-10,2019-10-12,2019-10-07/2019-10-13,2019Q4
c0225cf1,0371900a86481365,2020-12-28 00:00:00,2020-09-18,,27in 4K gaming monitor,e7e6,480.0,website,direct,desktop,TH,2020,2020-12,2020-12-28,2020-12-28/2021-01-03,2020Q4,2020,2020-09,2020-09-18,2020-09-14/2020-09-20,2020Q3
bbe37836,037d9fcf29a79552,2020-12-10 00:00:00,2020-12-01,,Nintendo Switch,8d0d,168.0,website,direct,desktop,US,2020,2020-12,2020-12-10,2020-12-07/2020-12-13,2020Q4,2020,2020-12,2020-12-01,2020-11-30/2020-12-06,2020Q4
a32c0c05,037f6170ca669049,2020-12-04 00:00:00,2020-11-08,11/3/2025,Nintendo Switch,e682,168.0,website,email,desktop,US,2020,2020-12,2020-12-04,2020-11-30/2020-12-06,2020Q4,2020,2020-11,2020-11-08,2020-11-02/2020-11-08,2020Q4
361d142c,03939f1823c24915,2020-12-15 00:00:00,2020-11-06,11/30/2023,27in 4K gaming monitor,891b,490.89,website,direct,desktop,GB,2020,2020-12,2020-12-15,2020-12-14/2020-12-20,2020Q4,2020,2020-11,2020-11-06,2020-11-02/2020-11-08,2020Q4
76211116,03a7e7346f22016,2020-12-18 00:00:00,2020-09-17,,Nintendo Switch,e682,184.9,website,direct,desktop,GB,2020,2020-12,2020-12-18,2020-12-14/2020-12-20,2020Q4,2020,2020-09,2020-09-17,2020-09-14/2020-09-20,2020Q3
aff6df6d,03b0ce6bb0774573,2020-12-23 00:00:00,2020-09-02,,Nintendo Switch,e682,168.0,website,direct,desktop,US,2020,2020-12,2020-12-23,2020-12-21/2020-12-27,2020Q4,2020,2020-09,2020-09-02,2020-08-31/2020-09-06,2020Q3
aff6df6d,03b0ce6bb0774574,2020-12-23 00:00:00,2020-12-03,,Nintendo Switch,e682,168.0,website,direct,desktop,US,2020,2020-12,2020-12-23,2020-12-21/2020-12-27,2020Q4,2020,2020-12,2020-12-03,2020-11-30/2020-12-06,2020Q4
aff6df6d,03b0ce6bb0774575,2020-12-23 00:00:00,2020-11-25,,Nintendo Switch,e682,168.0,website,direct,desktop,US,2020,2020-12,2020-12-23,2020-12-21/2020-12-27,2020Q4,2020,2020-11,2020-11-25,2020-11-23/2020-11-29,2020Q4
3a34a355,03e320b5d2026564,2020-12-27 00:00:00,2020-12-08,,27in 4K gaming monitor,891b,454.21,website,direct,desktop,JP,2020,2020-12,2020-12-27,2020-12-21/2020-12-27,2020Q4,2020,2020-12,2020-12-08,2020-12-07/2020-12-13,2020Q4
150ee711,03ee5bae23911602,2020-01-26 00:00:00,2019-12-12,,Nintendo Switch,8d0d,168.0,website,direct,desktop,US,2020,2020-01,2020-01-26,2020-01-20/2020-01-26,2020Q1,2019,2019-12,2019-12-12,2019-12-09/2019-12-15,2019Q4
a7950766,04345f6eca170989,2020-01-24 00:00:00,2019-12-28,,Nintendo Switch,8d0d,142.8,website,direct,desktop,US,2020,2020-01,2020-01-24,2020-01-20/2020-01-26,2020Q1,2019,2019-12,2019-12-28,2019-12-23/2019-12-29,2019Q4
685e9c25,0446379a99845041,2020-12-19 00:00:00,2020-10-07,,27in 4K gaming monitor,891b,445.51,website,direct,desktop,CA,2020,2020-12,2020-12-19,2020-12-14/2020-12-20,2020Q4,2020,2020-10,2020-10-07,2020-10-05/2020-10-11,2020Q4
2bd3b78d,047954623f720731,2020-12-19 00:00:00,2020-12-13,,Lenovo IdeaPad Gaming 3,9ef0,779.72,website,direct,desktop,MX,2020,2020-12,2020-12-19,2020-12-14/2020-12-20,2020Q4,2020,2020-12,2020-12-13,2020-12-07/2020-12-13,2020Q4
fea68d76,0484f0d1023107564,2020-01-25 00:00:00,2019-12-20,,27in 4K gaming monitor,891b,401.38,website,email,mobile,US,2020,2020-01,2020-01-25,2020-01-20/2020-01-26,2020Q1,2019,2019-12,2019-12-20,2019-12-16/2019-12-22,2019Q4
af7e4ad7,048e3ef006174359,2020-12-26 00:00:00,2020-12-20,12/1/2022,Nintendo Switch,e682,168.0,website,direct,desktop,NZ,2020,2020-12,2020-12-26,2020-12-21/2020-12-27,2020Q4,2020,2020-12,2020-12-20,2020-12-14/2020-12-20,2020Q4
5e8c87bf,04b144ecd5b41201,2020-12-30 00:00:00,2020-11-19,,Sony PlayStation 5 Bundle,54ed,452.58,website,direct,desktop,DK,2020,2020-12,2020-12-30,2020-12-28/2021-01-03,2020Q4,2020,2020-11,2020-11-19,2020-11-16/2020-11-22,2020Q4
ae4d570e,04cb8896f1773857,2020-12-18 00:00:00,2020-07-25,,JBL Quantum 100 Gaming Headset,ab0f,24.0,website,direct,desktop,HK,2020,2020-12,2020-12-18,2020-12-14/2020-12-20,2020Q4,2020,2020-07,2020-07-25,2020-07-20/2020-07-26,2020Q3
6d156788,04ef10d0c2747090,2020-12-05 00:00:00,2020-08-22,,27in 4K gaming monitor,e7e6,480.0,website,social media,tablet,US,2020,2020-12,2020-12-05,2020-11-30/2020-12-06,2020Q4,2020,2020-08,2020-08-22,2020-08-17/2020-08-23,2020Q3
b79626cf,052909c1a9577764,2020-01-20 00:00:00,2019-11-30,,JBL Quantum 100 Gaming Headset,ab0f,24.0,website,direct,desktop,US,2020,2020-01,2020-01-20,2020-01-20/2020-01-26,2020Q1,2019,2019-11,2019-11-30,2019-11-25/2019-12-01,2019Q4
fc3a30e0,053efcdac20106550,2020-12-07 00:00:00,2020-07-28,,Nintendo Switch,8d0d,168.0,website,direct,desktop,US,2020,2020-12,2020-12-07,2020-12-07/2020-12-13,2020Q4,2020,2020-07,2020-07-28,2020-07-27/2020-08-02,2020Q3
db8e72d2,058563d1aaf92777,2020-12-21 00:00:00,2020-08-08,,Nintendo Switch,8d0d,118.19,website,direct,desktop,SG,2020,2020-12,2020-12-21,2020-12-21/2020-12-27,2020Q4,2020,2020-08,2020-08-08,2020-08-03/2020-08-09,2020Q3
adadbf22,058cfbdf79b73608,2020-12-24 00:00:00,2020-12-09,,27in 4K gaming monitor,891b,480.0,website,direct,desktop,US,2020,2020-12,2020-12-24,2020-12-21/2020-12-27,2020Q4,2020,2020-12,2020-12-09,2020-12-07/2020-12-13,2020Q4
c3451e9b,059fb59223682719,2020-12-25 00:00:00,2020-08-01,9/2/2021,Nintendo Switch,8d0d,142.8,website,direct,desktop,US,2020,2020-12,2020-12-25,2020-12-21/2020-12-27,2020Q4,2020,2020-08,2020-08-01,2020-07-27/2020-08-02,2020Q3
a922a93d,05e4c38633971680,2020-12-22 00:00:00,2020-09-22,,27in 4K gaming monitor,891b,459.8,website,direct,desktop,US,2020,2020-12,2020-12-22,2020-12-21/2020-12-27,2020Q4,2020,2020-09,2020-09-22,2020-09-21/2020-09-27,2020Q3
77303aed,061a854fcfd51047,2020-12-03 00:00:00,2020-08-11,,Lenovo IdeaPad Gaming 3,04ac,980.4,website,direct,desktop,US,2020,2020-12,2020-12-03,2020-11-30/2020-12-06,2020Q4,2020,2020-08,2020-08-11,2020-08-10/2020-08-16,2020Q3
0b8573c8,065479e72a67733,2020-12-17 00:00:00,2020-11-03,,27in 4K gaming monitor,891b,360.0,website,direct,desktop,US,2020,2020-12,2020-12-17,2020-12-14/2020-12-20,2020Q4,2020,2020-11,2020-11-03,2020-11-02/2020-11-08,2020Q4
1c64bde4,06aedf946c214590,2020-12-24 00:00:00,2020-08-22,,Lenovo IdeaPad Gaming 3,04ac,1028.71,website,direct,desktop,RU,2020,2020-12,2020-12-24,2020-12-21/2020-12-27,2020Q4,2020,2020-08,2020-08-22,2020-08-17/2020-08-23,2020Q3
1c64bde4,06aedf946c214591,2020-12-24 00:00:00,2020-10-25,,Lenovo IdeaPad Gaming 3,04ac,1028.71,website,direct,desktop,RU,2020,2020-12,2020-12-24,2020-12-21/2020-12-27,2020Q4,2020,2020-10,2020-10-25,2020-10-19/2020-10-25,2020Q4
2ca31039,06d8fd5b89721067,2020-12-15 00:00:00,2020-10-01,,Nintendo Switch,8d0d,152.33,website,direct,desktop,GB,2020,2020-12,2020-12-15,2020-12-14/2020-12-20,2020Q4,2020,2020-10,2020-10-01,2020-09-28/2020-10-04,2020Q4
04c6b93a,072cddf966b5065,2020-12-16 00:00:00,2020-09-02,,Lenovo IdeaPad Gaming 3,9ef0,1198.0,website,direct,desktop,US,2020,2020-12,2020-12-16,2020-12-14/2020-12-20,2020Q4,2020,2020-09,2020-09-02,2020-08-31/2020-09-06,2020Q3
ff1196e7,073cd8ce238107719,2020-01-21 00:00:00,2019-10-03,,JBL Quantum 100 Gaming Headset,ab0f,21.54,website,direct,desktop,JP,2020,2020-01,2020-01-21,2020-01-20/2020-01-26,2020Q1,2019,2019-10,2019-10-03,2019-09-30/2019-10-06,2019Q4
dc5f8c63,0748a1671de93130,2020-12-08 00:00:00,2020-09-25,,JBL Quantum 100 Gaming Headset,8315,23.7,mobile app,email,desktop,IN,2020,2020-12,2020-12-08,2020-12-07/2020-12-13,2020Q4,2020,2020-09,2020-09-25,2020-09-21/2020-09-27,2020Q3
dc5f8c63,0748a1671de93131,2020-12-08 00:00:00,2020-09-21,,JBL Quantum 100 Gaming Headset,8315,23.7,mobile app,email,desktop,IN,2020,2020-12,2020-12-08,2020-12-07/2020-12-13,2020Q4,2020,2020-09,2020-09-21,2020-09-21/2020-09-27,2020Q3
d865124b,07af221bbd791429,2020-12-20 00:00:00,2020-09-29,,Acer Nitro V Gaming Laptop,22ea,772.92,website,direct,desktop,PL,2020,2020-12,2020-12-20,2020-12-14/2020-12-20,2020Q4,2020,2020-09,2020-09-29,2020-09-28/2020-10-04,2020Q3
d865124b,07af221bbd791431,2020-12-20 00:00:00,2020-07-29,,Acer Nitro V Gaming Laptop,22ea,772.92,website,direct,desktop,PL,2020,2020-12,2020-12-20,2020-12-14/2020-12-20,2020Q4,2020,2020-07,2020-07-29,2020-07-27/2020-08-02,2020Q3
d60e18a9,07bd4a73c9f90406,2020-12-29 00:00:00,2020-12-01,,Lenovo IdeaPad Gaming 3,04ac,1169.74,website,direct,desktop,US,2020,2020-12,2020-12-29,2020-12-28/2021-01-03,2020Q4,2020,2020-12,2020-12-01,2020-11-30/2020-12-06,2020Q4
6c5928ca,07c2b4449e246761,2020-12-15 00:00:00,2020-08-30,12/23/2022,Nintendo Switch,e682,168.0,website,direct,desktop,US,2020,2020-12,2020-12-15,2020-12-14/2020-12-20,2020Q4,2020,2020-08,2020-08-30,2020-08-24/2020-08-30,2020Q3
9c9b26aa,07d7f436c4e66205,2020-01-25 00:00:00,2019-09-17,,Nintendo Switch,8d0d,150.41,website,direct,desktop,ES,2020,2020-01,2020-01-25,2020-01-20/2020-01-26,2020Q1,2019,2019-09,2019-09-17,2019-09-16/2019-09-22,2019Q3
a8b9ef05,07e7c99d9bd71495,2020-12-09 00:00:00,2020-10-29,12/3/2022,Nintendo Switch,e682,168.0,website,direct,desktop,US,2020,2020-12,2020-12-09,2020-12-07/2020-12-13,2020Q4,2020,2020-10,2020-10-29,2020-10-26/2020-11-01,2020Q4
13cc8b65,081720f3abd11083,2020-12-08 00:00:00,2020-11-29,,Nintendo Switch,e682,168.0,website,direct,desktop,US,2020,2020-12,2020-12-08,2020-12-07/2020-12-13,2020Q4,2020,2020-11,2020-11-29,2020-11-23/2020-11-29,2020Q4
7a176d89,08292477e8f52166,2020-12-23 00:00:00,2020-09-27,1/31/2025,Nintendo Switch,8d0d,151.2,website,direct,desktop,US,2020,2020-12,2020-12-23,2020-12-21/2020-12-27,2020Q4,2020,2020-09,2020-09-27,2020-09-21/2020-09-27,2020Q3
7a176d89,08292477e8f52167,2020-12-23 00:00:00,2020-09-06,,Nintendo Switch,8d0d,151.2,website,direct,desktop,US,2020,2020-12,2020-12-23,2020-12-21/2020-12-27,2020Q4,2020,2020-09,2020-09-06,2020-08-31/2020-09-06,2020Q3
7a176d89,08292477e8f52168,2020-12-23 00:00:00,2020-12-11,,Nintendo Switch,8d0d,151.2,website,direct,desktop,US,2020,2020-12,2020-12-23,2020-12-21/2020-12-27,2020Q4,2020,2020-12,2020-12-11,2020-12-07/2020-12-13,2020Q4
dffbde0d,083f625bfde94687,2020-12-29 00:00:00,2020-10-21,,Dell Gaming Mouse,8d4f,59.5,mobile app,direct,desktop,CH,2020,2020-12,2020-12-29,2020-12-28/2021-01-03,2020Q4,2020,2020-10,2020-10-21,2020-10-19/2020-10-25,2020Q4
b7fbfc46,087ab96dd8177938,2020-01-21 00:00:00,2019-12-08,,JBL Quantum 100 Gaming Headset,ab0f,20.62,website,direct,desktop,KR,2020,2020-01,2020-01-21,2020-01-20/2020-01-26,2020Q1,2019,2019-12,2019-12-08,2019-12-02/2019-12-08,2019Q4
5246f277,087dcef480d36302,2020-12-06 00:00:00,2020-08-09,,Nintendo Switch,8d0d,168.0,website,direct,desktop,US,2020,2020-12,2020-12-06,2020-11-30/2020-12-06,2020Q4,2020,2020-08,2020-08-09,2020-08-03/2020-08-09,2020Q3
6a9f629c,089023507f546012,2020-12-12 00:00:00,2020-07-28,,27in 4K gaming monitor,891b,439.2,website,direct,desktop,DE,2020,2020-12,2020-12-12,2020-12-07/2020-12-13,2020Q4,2020,2020-07,2020-07-28,2020-07-27/2020-08-02,2020Q3
0acdfdf8,0899f283f0b7450,2020-12-23 00:00:00,2020-12-19,,JBL Quantum 100 Gaming Headset,ab0f,25.97,website,direct,desktop,GB,2020,2020-12,2020-12-23,2020-12-21/2020-12-27,2020Q4,2020,2020-12,2020-12-19,2020-12-14/2020-12-20,2020Q4
5610461d,08e4ef968b637817,2020-01-29 00:00:00,2019-11-05,,27in 4K gaming monitor,891b,312.0,website,direct,desktop,US,2020,2020-01,2020-01-29,2020-01-27/2020-02-02,2020Q1,2019,2019-11,2019-11-05,2019-11-04/2019-11-10,2019Q4
89ceb401,090f76f4f7058531,2020-12-22 00:00:00,2020-11-12,,27in 4K gaming monitor,891b,240.0,website,direct,desktop,US,2020,2020-12,2020-12-22,2020-12-21/2020-12-27,2020Q4,2020,2020-11,2020-11-12,2020-11-09/2020-11-15,2020Q4
949902fc,091760c088062966,2020-12-01 00:00:00,2020-08-10,11/9/2022,Sony PlayStation 5 Bundle,54ed,1738.24,website,direct,desktop,US,2020,2020-12,2020-12-01,2020-11-30/2020-12-06,2020Q4,2020,2020-08,2020-08-10,2020-08-10/2020-08-16,2020Q3
5a71c547,0922c6f810639540,2020-12-24 00:00:00,2020-12-19,2/18/2023,Dell Gaming Mouse,8d4f,49.98,mobile app,direct,desktop,US,2020,2020-12,2020-12-24,2020-12-21/2020-12-27,2020Q4,2020,2020-12,2020-12-19,2020-12-14/2020-12-20,2020Q4
5a71c547,0922c6f810639541,2020-12-24 00:00:00,2020-12-23,2/18/2023,Dell Gaming Mouse,8d4f,49.98,mobile app,direct,desktop,US,2020,2020-12,2020-12-24,2020-12-21/2020-12-27,2020Q4,2020,2020-12,2020-12-23,2020-12-21/2020-12-27,2020Q4
9cb3dc35,0935f8ef32466261,2020-01-23 00:00:00,2019-09-23,,Nintendo Switch,e682,177.11,website,direct,desktop,GB,2020,2020-01,2020-01-23,2020-01-20/2020-01-26,2020Q1,2019,2019-09,2019-09-23,2019-09-23/2019-09-29,2019Q3
3a2bce2a,094665ca61526547,2020-12-15 00:00:00,2020-10-16,2/3/2023,Nintendo Switch,e682,164.69,website,direct,desktop,FI,2020,2020-12,2020-12-15,2020-12-14/2020-12-20,2020Q4,2020,2020-10,2020-10-16,2020-10-12/2020-10-18,2020Q4
9a2f9062,0950389cf0e65187,2020-12-12 00:00:00,2020-09-03,11/7/2022,27in 4K gaming monitor,e7e6,480.0,website,direct,desktop,LV,2020,2020-12,2020-12-12,2020-12-07/2020-12-13,2020Q4,2020,2020-09,2020-09-03,2020-08-31/2020-09-06,2020Q3
5ee2014e,095b449fbea41336,2020-12-12 00:00:00,2020-09-03,9/1/2024,Nintendo Switch,e682,168.0,website,direct,desktop,US,2020,2020-12,2020-12-12,2020-12-07/2020-12-13,2020Q4,2020,2020-09,2020-09-03,2020-08-31/2020-09-06,2020Q3
39957730,096105f091b1051,2020-12-25 00:00:00,2020-09-05,,Dell Gaming Mouse,8d4f,49.98,mobile app,direct,desktop,US,2020,2020-12,2020-12-25,2020-12-21/2020-12-27,2020Q4,2020,2020-09,2020-09-05,2020-08-31/2020-09-06,2020Q3
a37200d6,097ffc29c6369158,2020-12-20 00:00:00,2020-10-21,12/7/2025,27in 4K gaming monitor,891b,408.0,website,direct,desktop,IN,2020,2020-12,2020-12-20,2020-12-14/2020-12-20,2020Q4,2020,2020-10,2020-10-21,2020-10-19/2020-10-25,2020Q4
740121fd,098a831a72a49819,2020-01-30 00:00:00,2019-11-24,,Nintendo Switch,8d0d,168.0,website,direct,desktop,US,2020,2020-01,2020-01-30,2020-01-27/2020-02-02,2020Q1,2019,2019-11,2019-11-24,2019-11-18/2019-11-24,2019Q4
740121fd,098a831a72a49820,2020-01-30 00:00:00,2019-11-25,,Nintendo Switch,8d0d,168.0,website,direct,desktop,US,2020,2020-01,2020-01-30,2020-01-27/2020-02-02,2020Q1,2019,2019-11,2019-11-25,2019-11-25/2019-12-01,2019Q4
78811626,098a9ce82ef2088,2020-12-04 00:00:00,2020-07-14,,Nintendo Switch,8d0d,181.02,website,direct,desktop,GB,2020,2020-12,2020-12-04,2020-11-30/2020-12-06,2020Q4,2020,2020-07,2020-07-14,2020-07-13/2020-07-19,2020Q3
3a909ab9,09bb0f87ec326687,2020-12-11 00:00:00,2020-07-19,12/17/2022,Nintendo Switch,e682,168.0,website,affiliate,unknown,US,2020,2020-12,2020-12-11,2020-12-07/2020-12-13,2020Q4,2020,2020-07,2020-07-19,2020-07-13/2020-07-19,2020Q3
dcf2dd4b,0a41a6e990f93360,2020-12-20 00:00:00,2020-10-26,,Nintendo Switch,e682,154.75,website,direct,desktop,CA,2020,2020-12,2020-12-20,2020-12-14/2020-12-20,2020Q4,2020,2020-10,2020-10-26,2020-10-26/2020-11-01,2020Q4
91731fed,0a6f324a7dc61669,2020-12-18 00:00:00,2020-09-03,,Nintendo Switch,8d0d,136.29,website,direct,desktop,DE,2020,2020-12,2020-12-18,2020-12-14/2020-12-20,2020Q4,2020,2020-09,2020-09-03,2020-08-31/2020-09-06,2020Q3
e772a141,0a76e71c17297773,2020-01-31 00:00:00,2019-10-20,,JBL Quantum 100 Gaming Headset,ab0f,24.0,website,direct,desktop,US,2020,2020-01,2020-01-31,2020-01-27/2020-02-02,2020Q1,2019,2019-10,2019-10-20,2019-10-14/2019-10-20,2019Q4
e278a2a8,0a7be61380495673,2020-12-11 00:00:00,2020-10-09,,Dell Gaming Mouse,f81e,49.98,mobile app,organic,,US,2020,2020-12,2020-12-11,2020-12-07/2020-12-13,2020Q4,2020,2020-10,2020-10-09,2020-10-05/2020-10-11,2020Q4
787c1944,0a7fe7dd1d451528,2020-12-23 00:00:00,2020-12-14,,JBL Quantum 100 Gaming Headset,2997,20.0,mobile app,direct,desktop,LT,2020,2020-12,2020-12-23,2020-12-21/2020-12-27,2020Q4,2020,2020-12,2020-12-14,2020-12-14/2020-12-20,2020Q4
61b0b6eb,0a8521a54f742439,2020-01-31 00:00:00,2019-12-17,,27in 4K gaming monitor,891b,397.62,website,direct,desktop,US,2020,2020-01,2020-01-31,2020-01-27/2020-02-02,2020Q1,2019,2019-12,2019-12-17,2019-12-16/2019-12-22,2019Q4
d60183d6,0a8d5bb346b90388,2020-12-20 00:00:00,2020-08-08,,Nintendo Switch,8d0d,164.69,website,direct,desktop,DE,2020,2020-12,2020-12-20,2020-12-14/2020-12-20,2020Q4,2020,2020-08,2020-08-08,2020-08-03/2020-08-09,2020Q3
3399e02b,0aa76965ebc23942,2020-12-19 00:00:00,2020-09-10,,Dell Gaming Mouse,8d4f,49.98,mobile app,direct,desktop,US,2020,2020-12,2020-12-19,2020-12-14/2020-12-20,2020Q4,2020,2020-09,2020-09-10,2020-09-07/2020-09-13,2020Q3
359ea856,0ac69310d1224724,2020-12-26 00:00:00,2020-10-18,,27in 4K gaming monitor,e7e6,480.0,website,email,desktop,US,2020,2020-12,2020-12-26,2020-12-21/2020-12-27,2020Q4,2020,2020-10,2020-10-18,2020-10-12/2020-10-18,2020Q4
8536356d,0ad601b6fc756668,2020-12-19 00:00:00,2020-12-03,,27in 4K gaming monitor,e7e6,480.0,website,email,desktop,US,2020,2020-12,2020-12-19,2020-12-14/2020-12-20,2020Q4,2020,2020-12,2020-12-03,2020-11-30/2020-12-06,2020Q4
8536356d,0ad601b6fc756669,2020-12-19 00:00:00,2020-11-01,,27in 4K gaming monitor,e7e6,480.0,website,email,desktop,US,2020,2020-12,2020-12-19,2020-12-14/2020-12-20,2020Q4,2020,2020-11,2020-11-01,2020-10-26/2020-11-01,2020Q4
24652364,0b375393abb666,2020-01-28 00:00:00,2020-01-20,,Nintendo Switch,8d0d,175.86,website,direct,desktop,GB,2020,2020-01,2020-01-28,2020-01-27/2020-02-02,2020Q1,2020,2020-01,2020-01-20,2020-01-20/2020-01-26,2020Q1
32258cbe,0b551908c3823364,2020-12-22 00:00:00,2020-12-05,,Dell Gaming Mouse,8d4f,65.13,mobile app,direct,desktop,PL,2020,2020-12,2020-12-22,2020-12-21/2020-12-27,2020Q4,2020,2020-12,2020-12-05,2020-11-30/2020-12-06,2020Q4
cd02a160,0bb8fee960886595,2020-12-08 00:00:00,2020-07-16,,27in 4K gaming monitor,e7e6,470.74,website,direct,desktop,NO,2020,2020-12,2020-12-08,2020-12-07/2020-12-13,2020Q4,2020,2020-07,2020-07-16,2020-07-13/2020-07-19,2020Q3
3ca22490,0be5d684c3327566,2020-12-05 00:00:00,2020-08-26,,Nintendo Switch,8d0d,175.74,website,direct,desktop,GB,2020,2020-12,2020-12-05,2020-11-30/2020-12-06,2020Q4,2020,2020-08,2020-08-26,2020-08-24/2020-08-30,2020Q3
5b47488a,0be979888da39881,2020-01-24 00:00:00,2019-11-28,,Nintendo Switch,e682,168.0,website,direct,desktop,US,2020,2020-01,2020-01-24,2020-01-20/2020-01-26,2020Q1,2019,2019-11,2019-11-28,2019-11-25/2019-12-01,2019Q4
922632fd,0c850b555b361995,2020-12-02 00:00:00,2020-11-21,,Nintendo Switch,e682,164.88,website,direct,desktop,NL,2020,2020-12,2020-12-02,2020-11-30/2020-12-06,2020Q4,2020,2020-11,2020-11-21,2020-11-16/2020-11-22,2020Q4
9b386845,0cca46223e065634,2020-01-23 00:00:00,2019-11-05,,JBL Quantum 100 Gaming Headset,ab0f,24.0,website,direct,desktop,HT,2020,2020-01,2020-01-23,2020-01-20/2020-01-26,2020Q1,2019,2019-11,2019-11-05,2019-11-04/2019-11-10,2019Q4
11dfd992,0cf192471fc10309,2020-01-29 00:00:00,2019-10-14,,Nintendo Switch,8d0d,168.0,website,direct,desktop,US,2020,2020-01,2020-01-29,2020-01-27/2020-02-02,2020Q1,2019,2019-10,2019-10-14,2019-10-14/2019-10-20,2019Q4
e9630853,0cf9e97ea8d98578,2020-12-26 00:00:00,2020-11-15,,Nintendo Switch,e682,164.69,website,direct,desktop,DE,2020,2020-12,2020-12-26,2020-12-21/2020-12-27,2020Q4,2020,2020-11,2020-11-15,2020-11-09/2020-11-15,2020Q4
0e6c1648,0d8d1d8cf4e8937,2020-01-30 00:00:00,2019-09-12,,27in 4K gaming monitor,891b,412.31,website,direct,desktop,IT,2020,2020-01,2020-01-30,2020-01-27/2020-02-02,2020Q1,2019,2019-09,2019-09-12,2019-09-09/2019-09-15,2019Q3
52209620,0dc3a0f7cc81373,2020-12-25 00:00:00,2020-08-01,7/16/2025,Nintendo Switch,e682,184.9,website,direct,desktop,GB,2020,2020-12,2020-12-25,2020-12-21/2020-12-27,2020Q4,2020,2020-08,2020-08-01,2020-07-27/2020-08-02,2020Q3
52209620,0dc3a0f7cc81374,2020-12-25 00:00:00,2020-08-28,10/23/2021,Nintendo Switch,e682,184.9,website,direct,desktop,GB,2020,2020-12,2020-12-25,2020-12-21/2020-12-27,2020Q4,2020,2020-08,2020-08-28,2020-08-24/2020-08-30,2020Q3
0fce386a,0dca89434339529,2020-12-22 00:00:00,2020-12-10,,27in 4K gaming monitor,891b,480.0,website,direct,desktop,US,2020,2020-12,2020-12-22,2020-12-21/2020-12-27,2020Q4,2020,2020-12,2020-12-10,2020-12-07/2020-12-13,2020Q4
94aae4c0,0dfcad303bb63000,2020-12-18 00:00:00,2020-08-02,,27in 4K gaming monitor,e7e6,506.46,website,direct,desktop,GB,2020,2020-12,2020-12-18,2020-12-14/2020-12-20,2020Q4,2020,2020-08,2020-08-02,2020-07-27/2020-08-02,2020Q3
02f47c7a,0e4ab2328b54394,2020-12-31 00:00:00,2020-11-08,,JBL Quantum 100 Gaming Headset,ab0f,24.0,website,email,desktop,BR,2020,2020-12,2020-12-31,2020-12-28/2021-01-03,2020Q4,2020,2020-11,2020-11-08,2020-11-02/2020-11-08,2020Q4
a35cfae9,0e73092da3769128,2020-12-16 00:00:00,2020-09-28,11/12/2024,27in 4K gaming monitor,891b,326.63,website,direct,desktop,DK,2020,2020-12,2020-12-16,2020-12-14/2020-12-20,2020Q4,2020,2020-09,2020-09-28,2020-09-28/2020-10-04,2020Q3
5a8a7f0e,0e9146e7fcb39576,2020-01-21 00:00:00,2019-10-03,,Nintendo Switch,8d0d,140.69,website,direct,desktop,PL,2020,2020-01,2020-01-21,2020-01-20/2020-01-26,2020Q1,2019,2019-10,2019-10-03,2019-09-30/2019-10-06,2019Q4
5a8a7f0e,0e9146e7fcb39577,2020-01-21 00:00:00,2019-10-23,,Nintendo Switch,8d0d,140.69,website,direct,desktop,PL,2020,2020-01,2020-01-21,2020-01-20/2020-01-26,2020Q1,2019,2019-10,2019-10-23,2019-10-21/2019-10-27,2019Q4
82ff1cf0,0e9c2800a6955818,2020-12-03 00:00:00,2020-11-22,,Nintendo Switch,e682,168.0,website,direct,desktop,HK,2020,2020-12,2020-12-03,2020-11-30/2020-12-06,2020Q4,2020,2020-11,2020-11-22,2020-11-16/2020-11-22,2020Q4
82ff1cf0,0e9c2800a6955819,2020-12-03 00:00:00,2020-07-16,,Nintendo Switch,e682,168.0,website,direct,desktop,HK,2020,2020-12,2020-12-03,2020-11-30/2020-12-06,2020Q4,2020,2020-07,2020-07-16,2020-07-13/2020-07-19,2020Q3
38166c9a,0ebae5cea6325713,2020-01-29 00:00:00,2019-12-16,,JBL Quantum 100 Gaming Headset,8315,22.56,mobile app,direct,desktop,PH,2020,2020-01,2020-01-29,2020-01-27/2020-02-02,2020Q1,2019,2019-12,2019-12-16,2019-12-16/2019-12-22,2019Q4
a85eb4f6,0ecb1339bb171339,2020-12-06 00:00:00,2020-12-04,,JBL Quantum 100 Gaming Headset,8315,23.42,mobile app,direct,desktop,US,2020,2020-12,2020-12-06,2020-11-30/2020-12-06,2020Q4,2020,2020-12,2020-12-04,2020-11-30/2020-12-06,2020Q4
8e7c06aa,0f00fb934b860515,2020-12-25 00:00:00,2020-08-19,,Nintendo Switch,e682,164.88,website,direct,desktop,NL,2020,2020-12,2020-12-25,2020-12-21/2020-12-27,2020Q4,2020,2020-08,2020-08-19,2020-08-17/2020-08-23,2020Q3
8643d309,0f0e3feaab457114,2020-12-11 00:00:00,2020-09-03,,Nintendo Switch,8d0d,160.34,website,direct,desktop,DE,2020,2020-12,2020-12-11,2020-12-07/2020-12-13,2020Q4,2020,2020-09,2020-09-03,2020-08-31/2020-09-06,2020Q3
4276606d,0f2404836b029962,2020-12-16 00:00:00,2020-11-09,,Dell Gaming Mouse,8d4f,63.61,mobile app,email,desktop,US,2020,2020-12,2020-12-16,2020-12-14/2020-12-20,2020Q4,2020,2020-11,2020-11-09,2020-11-09/2020-11-15,2020Q4
c65e0cd6,0f360137faf83916,2020-12-19 00:00:00,2020-08-16,,Nintendo Switch,8d0d,179.22,website,direct,desktop,GB,2020,2020-12,2020-12-19,2020-12-14/2020-12-20,2020Q4,2020,2020-08,2020-08-16,2020-08-10/2020-08-16,2020Q3
ec898a24,0f399f98eeb99937,2020-12-01 00:00:00,2020-09-17,1/3/2023,Nintendo Switch,e682,168.0,website,direct,desktop,US,2020,2020-12,2020-12-01,2020-11-30/2020-12-06,2020Q4,2020,2020-09,2020-09-17,2020-09-14/2020-09-20,2020Q3
daa5ccc7,0f58161fc0092381,2020-12-22 00:00:00,2020-10-11,,Sony PlayStation 5 Bundle,54ed,2001.65,website,direct,desktop,DE,2020,2020-12,2020-12-22,2020-12-21/2020-12-27,2020Q4,2020,2020-10,2020-10-11,2020-10-05/2020-10-11,2020Q4
dafb22e8,0f7309343ea92539,2020-12-19 00:00:00,2020-11-29,11/18/2024,27in 4K gaming monitor,891b,434.44,website,direct,desktop,JP,2020,2020-12,2020-12-19,2020-12-14/2020-12-20,2020Q4,2020,2020-11,2020-11-29,2020-11-23/2020-11-29,2020Q4
dafb22e8,0f7309343ea92540,2020-12-19 00:00:00,2020-09-08,,27in 4K gaming monitor,891b,434.44,website,direct,desktop,JP,2020,2020-12,2020-12-19,2020-12-14/2020-12-20,2020Q4,2020,2020-09,2020-09-08,2020-09-07/2020-09-13,2020Q3
e759b47e,0f7ad2bed9197727,2020-12-18 00:00:00,2020-10-24,,Nintendo Switch,8d0d,168.0,website,email,desktop,US,2020,2020-12,2020-12-18,2020-12-14/2020-12-20,2020Q4,2020,2020-10,2020-10-24,2020-10-19/2020-10-25,2020Q4
bd5e9e69,0f84ad5737280162,2020-12-18 00:00:00,2020-10-20,3/1/2023,Lenovo IdeaPad Gaming 3,9ef0,1006.13,website,direct,desktop,CA,2020,2020-12,2020-12-18,2020-12-14/2020-12-20,2020Q4,2020,2020-10,2020-10-20,2020-10-19/2020-10-25,2020Q4
920c58b5,0fb199bbb2861951,2020-12-06 00:00:00,2020-08-31,,Nintendo Switch,e682,168.0,website,email,desktop,US,2020,2020-12,2020-12-06,2020-11-30/2020-12-06,2020Q4,2020,2020-08,2020-08-31,2020-08-31/2020-09-06,2020Q3
453e2ec5,0fccbbec0c331102,2020-01-30 00:00:00,2019-09-26,,Nintendo Switch,e682,168.0,website,direct,desktop,BR,2020,2020-01,2020-01-30,2020-01-27/2020-02-02,2020Q1,2019,2019-09,2019-09-26,2019-09-23/2019-09-29,2019Q3
3462bba3,0ff126843eb24240,2020-12-31 00:00:00,2020-12-29,10/1/2022,Nintendo Switch,8d0d,142.8,website,direct,desktop,US,2020,2020-12,2020-12-31,2020-12-28/2021-01-03,2020Q4,2020,2020-12,2020-12-29,2020-12-28/2021-01-03,2020Q4
3462bba3,0ff126843eb24241,2020-12-31 00:00:00,2020-09-09,,Nintendo Switch,8d0d,142.8,website,direct,desktop,US,2020,2020-12,2020-12-31,2020-12-28/2021-01-03,2020Q4,2020,2020-09,2020-09-09,2020-09-07/2020-09-13,2020Q3
19a7daed,0ffaf5d3ff313413,2020-12-18 00:00:00,2020-09-23,,Nintendo Switch,e682,168.0,website,direct,desktop,US,2020,2020-12,2020-12-18,2020-12-14/2020-12-20,2020Q4,2020,2020-09,2020-09-23,2020-09-21/2020-09-27,2020Q3
19a7daed,0ffaf5d3ff313414,2020-12-18 00:00:00,2020-10-14,11/18/2021,Nintendo Switch,e682,168.0,website,direct,desktop,US,2020,2020-12,2020-12-18,2020-12-14/2020-12-20,2020Q4,2020,2020-10,2020-10-14,2020-10-12/2020-10-18,2020Q4
4b66e8cb,0ffb385fe4b33508,2020-12-02 00:00:00,2020-07-25,,Nintendo Switch,e682,168.0,website,direct,desktop,US,2020,2020-12,2020-12-02,2020-11-30/2020-12-06,2020Q4,2020,2020-07,2020-07-25,2020-07-20/2020-07-26,2020Q3
4b66e8cb,0ffb385fe4b33509,2020-12-02 00:00:00,2020-07-13,12/10/2021,Nintendo Switch,e682,168.0,website,direct,desktop,US,2020,2020-12,2020-12-02,2020-11-30/2020-12-06,2020Q4,2020,2020-07,2020-07-13,2020-07-13/2020-07-19,2020Q3
3effd133,100f6419ee528530,2020-12-25 00:00:00,2020-11-28,,Nintendo Switch,e682,106.27,website,direct,desktop,MX,2020,2020-12,2020-12-25,2020-12-21/2020-12-27,2020Q4,2020,2020-11,2020-11-28,2020-11-23/2020-11-29,2020Q4
cc2fc760,10216c9d0a486272,2020-12-26 00:00:00,2020-09-28,,JBL Quantum 100 Gaming Headset,ab0f,25.97,website,direct,desktop,IT,2020,2020-12,2020-12-26,2020-12-21/2020-12-27,2020Q4,2020,2020-09,2020-09-28,2020-09-28/2020-10-04,2020Q3
ddb3ceb5,102f8c1a44f93704,2020-12-14 00:00:00,2020-11-26,,Nintendo Switch,8d0d,168.0,website,direct,desktop,US,2020,2020-12,2020-12-14,2020-12-14/2020-12-20,2020Q4,2020,2020-11,2020-11-26,2020-11-23/2020-11-29,2020Q4
e749986a,1041360a9a997694,2020-12-31 01:54:35,2020-11-03,,27in 4K gaming monitor,891b,480.0,website,direct,desktop,US,2020,2020-12,2020-12-31,2020-12-28/2021-01-03,2020Q4,2020,2020-11,2020-11-03,2020-11-02/2020-11-08,2020Q4
d97639c3,105d553ebcc91857,2020-12-04 00:00:00,2020-08-08,12/13/2021,Nintendo Switch,e682,168.0,website,direct,desktop,US,2020,2020-12,2020-12-04,2020-11-30/2020-12-06,2020Q4,2020,2020-08,2020-08-08,2020-08-03/2020-08-09,2020Q3
a8556995,106ad18dd9b71319,2020-12-02 00:00:00,2020-10-11,,27in 4K gaming monitor,891b,480.0,website,direct,desktop,US,2020,2020-12,2020-12-02,2020-11-30/2020-12-06,2020Q4,2020,2020-10,2020-10-11,2020-10-05/2020-10-11,2020Q4
cb58f517,107693bf60785949,2020-12-22 00:00:00,2020-11-27,,Nintendo Switch,8d0d,168.0,website,direct,desktop,US,2020,2020-12,2020-12-22,2020-12-21/2020-12-27,2020Q4,2020,2020-11,2020-11-27,2020-11-23/2020-11-29,2020Q4
7b234923,10a3eb23c2452621,2020-12-11 00:00:00,2020-08-20,,Nintendo Switch,e682,168.0,website,direct,desktop,US,2020,2020-12,2020-12-11,2020-12-07/2020-12-13,2020Q4,2020,2020-08,2020-08-20,2020-08-17/2020-08-23,2020Q3
97c34d09,10db785c24064263,2020-12-17 00:00:00,2020-08-22,9/15/2024,Nintendo Switch,8d0d,164.88,website,direct,desktop,IT,2020,2020-12,2020-12-17,2020-12-14/2020-12-20,2020Q4,2020,2020-08,2020-08-22,2020-08-17/2020-08-23,2020Q3
e38a6814,11293cd3bed96107,2020-12-13 00:00:00,2020-10-09,,Nintendo Switch,8d0d,150.67,website,direct,desktop,NO,2020,2020-12,2020-12-13,2020-12-07/2020-12-13,2020Q4,2020,2020-10,2020-10-09,2020-10-05/2020-10-11,2020Q4
0f53173f,11f2f858feb9329,2020-12-19 00:00:00,2020-07-29,,JBL Quantum 100 Gaming Headset,ab0f,23.24,website,direct,desktop,FR,2020,2020-12,2020-12-19,2020-12-14/2020-12-20,2020Q4,2020,2020-07,2020-07-29,2020-07-27/2020-08-02,2020Q3
fcdbcf85,11ffb5f42b0106775,2020-12-05 00:00:00,2020-11-30,11/8/2024,27in 4K gaming monitor,891b,465.39,website,direct,desktop,CH,2020,2020-12,2020-12-05,2020-11-30/2020-12-06,2020Q4,2020,2020-11,2020-11-30,2020-11-30/2020-12-06,2020Q4
1bf85962,12e30255dc114418,2020-12-23 00:00:00,2020-10-01,12/3/2022,27in 4K gaming monitor,891b,333.64,website,direct,desktop,US,2020,2020-12,2020-12-23,2020-12-21/2020-12-27,2020Q4,2020,2020-10,2020-10-01,2020-09-28/2020-10-04,2020Q4
4930144f,12e9b16bf3f32601,2020-12-31 00:00:00,2020-08-19,,Dell Gaming Mouse,8d4f,49.98,mobile app,direct,desktop,US,2020,2020-12,2020-12-31,2020-12-28/2021-01-03,2020Q4,2020,2020-08,2020-08-19,2020-08-17/2020-08-23,2020Q3
ac8f8edd,1346ad9451173116,2020-12-06 00:00:00,2020-08-14,,Nintendo Switch,e682,144.17,website,direct,desktop,AU,2020,2020-12,2020-12-06,2020-11-30/2020-12-06,2020Q4,2020,2020-08,2020-08-14,2020-08-10/2020-08-16,2020Q3
2666d08d,1349cc41d5518552,2020-12-11 00:00:00,2020-12-08,,Nintendo Switch,e682,168.0,website,direct,desktop,US,2020,2020-12,2020-12-11,2020-12-07/2020-12-13,2020Q4,2020,2020-12,2020-12-08,2020-12-07/2020-12-13,2020Q4
55460546,13bf7a61d0a1461,2020-12-20 00:00:00,2020-09-24,,Nintendo Switch,8d0d,168.0,website,direct,desktop,BR,2020,2020-12,2020-12-20,2020-12-14/2020-12-20,2020Q4,2020,2020-09,2020-09-24,2020-09-21/2020-09-27,2020Q3
3ef1c2b7,13c1e3a972428509,2020-12-05 00:00:00,2020-09-25,,Nintendo Switch,8d0d,168.0,website,email,desktop,US,2020,2020-12,2020-12-05,2020-11-30/2020-12-06,2020Q4,2020,2020-09,2020-09-25,2020-09-21/2020-09-27,2020Q3
597c11ba,13c9b97f84e39123,2020-12-24 00:00:00,2020-12-08,,Sony PlayStation 5 Bundle,54ed,1800.0,website,email,desktop,US,2020,2020-12,2020-12-24,2020-12-21/2020-12-27,2020Q4,2020,2020-12,2020-12-08,2020-12-07/2020-12-13,2020Q4
9bb0c0b1,13e5188abe265819,2020-12-25 00:00:00,2020-12-14,,27in 4K gaming monitor,891b,253.64,website,direct,desktop,US,2020,2020-12,2020-12-25,2020-12-21/2020-12-27,2020Q4,2020,2020-12,2020-12-14,2020-12-14/2020-12-20,2020Q4
a7c1d99a,144e23f345f71053,2020-12-23 00:00:00,2020-12-12,,Nintendo Switch,8d0d,164.88,website,direct,desktop,BE,2020,2020-12,2020-12-23,2020-12-21/2020-12-27,2020Q4,2020,2020-12,2020-12-12,2020-12-07/2020-12-13,2020Q4
a7c1d99a,144e23f345f71054,2020-12-23 00:00:00,2020-11-29,,Nintendo Switch,8d0d,164.88,website,direct,desktop,BE,2020,2020-12,2020-12-23,2020-12-21/2020-12-27,2020Q4,2020,2020-11,2020-11-29,2020-11-23/2020-11-29,2020Q4
44468821,146ade4390a1167,2020-12-01 00:00:00,2020-09-13,,Nintendo Switch,e682,179.22,website,direct,desktop,GB,2020,2020-12,2020-12-01,2020-11-30/2020-12-06,2020Q4,2020,2020-09,2020-09-13,2020-09-07/2020-09-13,2020Q3
43fe0e48,147ca24175230614,2020-12-02 00:00:00,2020-09-16,,27in 4K gaming monitor,e7e6,495.83,website,direct,desktop,GB,2020,2020-12,2020-12-02,2020-11-30/2020-12-06,2020Q4,2020,2020-09,2020-09-16,2020-09-14/2020-09-20,2020Q3
43fe0e48,147ca24175230615,2020-12-02 00:00:00,2020-12-01,,27in 4K gaming monitor,e7e6,495.83,website,direct,desktop,GB,2020,2020-12,2020-12-02,2020-11-30/2020-12-06,2020Q4,2020,2020-12,2020-12-01,2020-11-30/2020-12-06,2020Q4
c1031c34,147d1c5e07481724,2020-12-31 00:00:00,2020-09-23,,Nintendo Switch,e682,159.73,website,direct,desktop,JP,2020,2020-12,2020-12-31,2020-12-28/2021-01-03,2020Q4,2020,2020-09,2020-09-23,2020-09-21/2020-09-27,2020Q3
9eda1582,14971aeb43267146,2020-01-20 00:00:00,2020-01-06,,27in 4K gaming monitor,891b,261.79,website,direct,desktop,MA,2020,2020-01,2020-01-20,2020-01-20/2020-01-26,2020Q1,2020,2020-01,2020-01-06,2020-01-06/2020-01-12,2020Q1
537cf895,14a58e6e75936789,2020-12-12 00:00:00,2020-08-04,,27in 4K gaming monitor,891b,382.82,website,direct,desktop,IE,2020,2020-12,2020-12-12,2020-12-07/2020-12-13,2020Q4,2020,2020-08,2020-08-04,2020-08-03/2020-08-09,2020Q3
3426a725,14f647a685b24160,2020-12-07 00:00:00,2020-09-02,1/14/2023,27in 4K gaming monitor,e7e6,480.0,website,direct,desktop,US,2020,2020-12,2020-12-07,2020-12-07/2020-12-13,2020Q4,2020,2020-09,2020-09-02,2020-08-31/2020-09-06,2020Q3
10a8e138,14f952dc7429844,2020-12-13 00:00:00,2020-07-30,,Nintendo Switch,e682,179.22,website,email,desktop,GB,2020,2020-12,2020-12-13,2020-12-07/2020-12-13,2020Q4,2020,2020-07,2020-07-30,2020-07-27/2020-08-02,2020Q3
16062b1e,150e4b3a41a11987,2020-12-28 00:00:00,2020-12-10,,Nintendo Switch,8d0d,153.86,website,direct,desktop,GB,2020,2020-12,2020-12-28,2020-12-28/2021-01-03,2020Q4,2020,2020-12,2020-12-10,2020-12-07/2020-12-13,2020Q4
3f7535c6,15263048d9628760,2020-12-24 00:00:00,2020-08-22,,27in 4K gaming monitor,e7e6,480.0,website,email,desktop,US,2020,2020-12,2020-12-24,2020-12-21/2020-12-27,2020Q4,2020,2020-08,2020-08-22,2020-08-17/2020-08-23,2020Q3
3f7535c6,15263048d9628761,2020-12-24 00:00:00,2020-11-30,,27in 4K gaming monitor,e7e6,480.0,website,email,desktop,US,2020,2020-12,2020-12-24,2020-12-21/2020-12-27,2020Q4,2020,2020-11,2020-11-30,2020-11-30/2020-12-06,2020Q4
e5c9b9ff,153db23e54797074,2020-12-08 00:00:00,2020-08-26,,JBL Quantum 100 Gaming Headset,8315,23.34,mobile app,email,desktop,US,2020,2020-12,2020-12-08,2020-12-07/2020-12-13,2020Q4,2020,2020-08,2020-08-26,2020-08-24/2020-08-30,2020Q3
f54abb45,1576b03b928103667,2020-01-21 00:00:00,2019-10-01,,Nintendo Switch,8d0d,168.0,website,direct,desktop,US,2020,2020-01,2020-01-21,2020-01-20/2020-01-26,2020Q1,2019,2019-10,2019-10-01,2019-09-30/2019-10-06,2019Q4
73c71904,15e24ab41da49724,2020-12-25 00:00:00,2020-11-05,,27in 4K gaming monitor,891b,480.0,website,direct,desktop,US,2020,2020-12,2020-12-25,2020-12-21/2020-12-27,2020Q4,2020,2020-11,2020-11-05,2020-11-02/2020-11-08,2020Q4
767832dc,1621b35eba950760,2020-01-23 00:00:00,2019-11-11,,27in 4K gaming monitor,891b,442.82,website,direct,desktop,US,2020,2020-01,2020-01-23,2020-01-20/2020-01-26,2020Q1,2019,2019-11,2019-11-11,2019-11-11/2019-11-17,2019Q4
b5b6fcb5,167d27d242576975,2020-01-27 00:00:00,2020-01-24,,Sony PlayStation 5 Bundle,54ed,1615.9,website,direct,desktop,US,2020,2020-01,2020-01-27,2020-01-27/2020-02-02,2020Q1,2020,2020-01,2020-01-24,2020-01-20/2020-01-26,2020Q1
b5b6fcb5,167d27d242576976,2020-01-27 00:00:00,2019-12-11,,Sony PlayStation 5 Bundle,54ed,1615.9,website,direct,desktop,US,2020,2020-01,2020-01-27,2020-01-27/2020-02-02,2020Q1,2019,2019-12,2019-12-11,2019-12-09/2019-12-15,2019Q4
8f9c90ed,169d12c1fbc60971,2020-12-10 00:00:00,2020-11-24,,Nintendo Switch,8d0d,106.27,website,direct,desktop,MX,2020,2020-12,2020-12-10,2020-12-07/2020-12-13,2020Q4,2020,2020-11,2020-11-24,2020-11-23/2020-11-29,2020Q4
8d1e103a,16c73ab842159943,2020-12-26 00:00:00,2020-08-21,,Nintendo Switch,e682,179.22,website,direct,desktop,GB,2020,2020-12,2020-12-26,2020-12-21/2020-12-27,2020Q4,2020,2020-08,2020-08-21,2020-08-17/2020-08-23,2020Q3
e5f3c220,16dae9c2e5c97134,2020-01-24 00:00:00,2019-11-11,,Nintendo Switch,8d0d,168.0,website,email,mobile,US,2020,2020-01,2020-01-24,2020-01-20/2020-01-26,2020Q1,2019,2019-11,2019-11-11,2019-11-11/2019-11-17,2019Q4
73b929d2,16ead512aec49690,2020-12-25 00:00:00,2020-08-16,1/22/2023,Nintendo Switch,e682,168.0,website,direct,desktop,UA,2020,2020-12,2020-12-25,2020-12-21/2020-12-27,2020Q4,2020,2020-08,2020-08-16,2020-08-10/2020-08-16,2020Q3
411dbffe,16eb382b9da29431,2020-12-09 00:00:00,2020-11-17,12/4/2022,27in 4K gaming monitor,891b,360.7,website,direct,desktop,AD,2020,2020-12,2020-12-09,2020-12-07/2020-12-13,2020Q4,2020,2020-11,2020-11-17,2020-11-16/2020-11-22,2020Q4
ec833e29,16ff50e46d899920,2020-01-27 00:00:00,2019-10-20,,Nintendo Switch,8d0d,168.0,website,direct,desktop,HK,2020,2020-01,2020-01-27,2020-01-27/2020-02-02,2020Q1,2019,2019-10,2019-10-20,2019-10-14/2019-10-20,2019Q4
e146c1ea,171d189684495204,2020-12-30 00:00:00,2020-10-20,,Nintendo Switch,e682,168.0,website,direct,desktop,US,2020,2020-12,2020-12-30,2020-12-28/2021-01-03,2020Q4,2020,2020-10,2020-10-20,2020-10-19/2020-10-25,2020Q4
ad181330,17a7ffb8a6e73330,2020-12-05 00:00:00,2020-09-09,,JBL Quantum 100 Gaming Headset,ab0f,24.0,website,direct,desktop,US,2020,2020-12,2020-12-05,2020-11-30/2020-12-06,2020Q4,2020,2020-09,2020-09-09,2020-09-07/2020-09-13,2020Q3
d1b8c88e,17bd8e06bba88535,2020-12-19 00:00:00,2020-08-10,,Nintendo Switch,e682,168.0,website,direct,desktop,US,2020,2020-12,2020-12-19,2020-12-14/2020-12-20,2020Q4,2020,2020-08,2020-08-10,2020-08-10/2020-08-16,2020Q3
d1b8c88e,17bd8e06bba88537,2020-12-19 00:00:00,2020-09-09,9/29/2025,Nintendo Switch,e682,168.0,website,direct,desktop,US,2020,2020-12,2020-12-19,2020-12-14/2020-12-20,2020Q4,2020,2020-09,2020-09-09,2020-09-07/2020-09-13,2020Q3
de4d4ceb,17d40ce261893942,2020-01-29 00:00:00,2019-12-25,,JBL Quantum 100 Gaming Headset,ab0f,24.0,website,direct,desktop,UA,2020,2020-01,2020-01-29,2020-01-27/2020-02-02,2020Q1,2019,2019-12,2019-12-25,2019-12-23/2019-12-29,2019Q4
711e7d82,17e28bd0a3348693,2020-12-09 00:00:00,2020-07-26,3/16/2023,Nintendo Switch,e682,164.88,website,direct,desktop,FR,2020,2020-12,2020-12-09,2020-12-07/2020-12-13,2020Q4,2020,2020-07,2020-07-26,2020-07-20/2020-07-26,2020Q3
c27171f6,182efd27bf982312,2020-12-24 00:00:00,2020-08-18,,Nintendo Switch,8d0d,168.0,website,direct,desktop,US,2020,2020-12,2020-12-24,2020-12-21/2020-12-27,2020Q4,2020,2020-08,2020-08-18,2020-08-17/2020-08-23,2020Q3
18b6cb5d,1847a84f3cd13044,2020-12-11 00:00:00,2020-09-21,,Lenovo IdeaPad Gaming 3,04ac,1198.0,website,direct,desktop,US,2020,2020-12,2020-12-11,2020-12-07/2020-12-13,2020Q4,2020,2020-09,2020-09-21,2020-09-21/2020-09-27,2020Q3
faf5af60,185cc5cdfad106038,2020-01-29 00:00:00,2019-09-18,,JBL Quantum 100 Gaming Headset,ab0f,21.55,website,direct,desktop,DE,2020,2020-01,2020-01-29,2020-01-27/2020-02-02,2020Q1,2019,2019-09,2019-09-18,2019-09-16/2019-09-22,2019Q3
ed50a5d7,18af43659e9100248,2020-12-18 00:00:00,2020-10-01,,27in 4K gaming monitor,e7e6,439.2,website,direct,desktop,ES,2020,2020-12,2020-12-18,2020-12-14/2020-12-20,2020Q4,2020,2020-10,2020-10-01,2020-09-28/2020-10-04,2020Q4
9f40d012,191c15d7aa067325,2020-12-22 00:00:00,2020-08-12,,Nintendo Switch,e682,181.02,website,direct,desktop,GB,2020,2020-12,2020-12-22,2020-12-21/2020-12-27,2020Q4,2020,2020-08,2020-08-12,2020-08-10/2020-08-16,2020Q3
76edce01,1964ce5463d50941,2020-12-23 00:00:00,2020-10-16,12/16/2022,27in 4K gaming monitor,e7e6,441.26,website,direct,desktop,CA,2020,2020-12,2020-12-23,2020-12-21/2020-12-27,2020Q4,2020,2020-10,2020-10-16,2020-10-12/2020-10-18,2020Q4
256fa166,19a987b4ef618130,2020-12-18 00:00:00,2020-12-03,,Nintendo Switch,8d0d,168.0,website,direct,desktop,NG,2020,2020-12,2020-12-18,2020-12-14/2020-12-20,2020Q4,2020,2020-12,2020-12-03,2020-11-30/2020-12-06,2020Q4
1fcbd6e5,19b9f2bea1916013,2020-12-08 00:00:00,2020-08-12,12/4/2022,Acer Nitro V Gaming Laptop,22ea,798.0,website,email,desktop,US,2020,2020-12,2020-12-08,2020-12-07/2020-12-13,2020Q4,2020,2020-08,2020-08-12,2020-08-10/2020-08-16,2020Q3
c30e33cd,19e9340403b82607,2020-12-21 00:00:00,2020-08-14,,Sony PlayStation 5 Bundle,54ed,1417.32,website,direct,desktop,US,2020,2020-12,2020-12-21,2020-12-21/2020-12-27,2020Q4,2020,2020-08,2020-08-14,2020-08-10/2020-08-16,2020Q3
127b1f09,1aa156341bc10543,2020-12-29 00:00:00,2020-12-30,,Dell Gaming Mouse,f81e,29.98,mobile app,email,desktop,US,2020,2020-12,2020-12-29,2020-12-28/2021-01-03,2020Q4,2020,2020-12,2020-12-30,2020-12-28/2021-01-03,2020Q4
127b1f09,1aa156341bc10544,2020-12-29 00:00:00,2020-12-30,,Dell Gaming Mouse,f81e,29.98,mobile app,email,desktop,US,2020,2020-12,2020-12-29,2020-12-28/2021-01-03,2020Q4,2020,2020-12,2020-12-30,2020-12-28/2021-01-03,2020Q4
bb3131b9,1b1bbd9fa4a79270,2020-12-07 00:00:00,2020-12-10,1/5/2024,Nintendo Switch,8d0d,168.0,website,direct,desktop,US,2020,2020-12,2020-12-07,2020-12-07/2020-12-13,2020Q4,2020,2020-12,2020-12-10,2020-12-07/2020-12-13,2020Q4
91828b1b,1b21e9f30ce61693,2020-12-08 00:00:00,2020-12-09,,Nintendo Switch,e682,159.73,website,direct,desktop,JP,2020,2020-12,2020-12-08,2020-12-07/2020-12-13,2020Q4,2020,2020-12,2020-12-09,2020-12-07/2020-12-13,2020Q4
370265bb,1b3130d870225280,2020-01-31 00:00:00,2020-02-02,,JBL Quantum 100 Gaming Headset,ab0f,25.49,website,direct,desktop,GB,2020,2020-01,2020-01-31,2020-01-27/2020-02-02,2020Q1,2020,2020-02,2020-02-02,2020-01-27/2020-02-02,2020Q1
339aeb96,1b373f33caa23945,2020-12-12 00:00:00,2020-12-13,11/26/2022,Nintendo Switch,e682,158.97,website,direct,desktop,JP,2020,2020-12,2020-12-12,2020-12-07/2020-12-13,2020Q4,2020,2020-12,2020-12-13,2020-12-07/2020-12-13,2020Q4
f33dfa18,1ba9f19eb1d102805,2020-12-17 00:00:00,2020-12-18,,JBL Quantum 100 Gaming Headset,ab0f,24.0,website,direct,desktop,US,2020,2020-12,2020-12-17,2020-12-14/2020-12-20,2020Q4,2020,2020-12,2020-12-18,2020-12-14/2020-12-20,2020Q4
726d0bc6,1bc1ce3a69849142,2020-12-23 00:00:00,2020-12-24,,27in 4K gaming monitor,e7e6,454.21,website,email,desktop,JP,2020,2020-12,2020-12-23,2020-12-21/2020-12-27,2020Q4,2020,2020-12,2020-12-24,2020-12-21/2020-12-27,2020Q4
2e7076c5,1bc21095f7321813,2020-12-16 00:00:00,2020-12-18,7/15/2023,Nintendo Switch,8d0d,168.0,website,direct,desktop,US,2020,2020-12,2020-12-16,2020-12-14/2020-12-20,2020Q4,2020,2020-12,2020-12-18,2020-12-14/2020-12-20,2020Q4
c2445630,1bfb005198882230,2020-12-28 00:00:00,2020-12-29,7/1/2025,Nintendo Switch,8d0d,168.0,website,direct,desktop,US,2020,2020-12,2020-12-28,2020-12-28/2021-01-03,2020Q4,2020,2020-12,2020-12-29,2020-12-28/2021-01-03,2020Q4
89c66240,1c462bdd8b458512,2020-12-30 00:00:00,2021-01-02,,Nintendo Switch,8d0d,168.0,website,direct,desktop,US,2020,2020-12,2020-12-30,2020-12-28/2021-01-03,2020Q4,2021,2021-01,2021-01-02,2020-12-28/2021-01-03,2021Q1
2554e9f3,1c9cfdb92c218090,2020-12-21 00:00:00,2020-12-22,1/6/2023,27in 4K gaming monitor,891b,397.54,website,affiliate,unknown,US,2020,2020-12,2020-12-21,2020-12-21/2020-12-27,2020Q4,2020,2020-12,2020-12-22,2020-12-21/2020-12-27,2020Q4
89b7b70c,1ca5a3b921058482,2020-12-12 00:00:00,2020-12-13,,Nintendo Switch,e682,148.35,website,direct,desktop,AU,2020,2020-12,2020-12-12,2020-12-07/2020-12-13,2020Q4,2020,2020-12,2020-12-13,2020-12-07/2020-12-13,2020Q4
a128651c,1cc020b941668161,2020-12-19 00:00:00,2020-12-20,,Nintendo Switch,8d0d,168.0,website,direct,desktop,US,2020,2020-12,2020-12-19,2020-12-14/2020-12-20,2020Q4,2020,2020-12,2020-12-20,2020-12-14/2020-12-20,2020Q4
a128651c,1cc020b941668162,2020-12-19 00:00:00,2020-12-20,7/3/2023,Nintendo Switch,8d0d,168.0,website,direct,desktop,US,2020,2020-12,2020-12-19,2020-12-14/2020-12-20,2020Q4,2020,2020-12,2020-12-20,2020-12-14/2020-12-20,2020Q4
a128651c,1cc020b941668163,2020-12-19 00:00:00,2020-12-20,10/31/2023,Nintendo Switch,8d0d,168.0,website,direct,desktop,US,2020,2020-12,2020-12-19,2020-12-14/2020-12-20,2020Q4,2020,2020-12,2020-12-20,2020-12-14/2020-12-20,2020Q4
19cb9021,1d013b5165313478,2020-01-24 00:00:00,2020-01-25,1/14/2022,Nintendo Switch,8e5d,162.38,mobile app,email,mobile,US,2020,2020-01,2020-01-24,2020-01-20/2020-01-26,2020Q1,2020,2020-01,2020-01-25,2020-01-20/2020-01-26,2020Q1
ddfec7f6,1d3aeaade6993804,2020-01-28 00:00:00,2020-01-30,,27in 4K gaming monitor,891b,427.19,website,direct,desktop,CA,2020,2020-01,2020-01-28,2020-01-27/2020-02-02,2020Q1,2020,2020-01,2020-01-30,2020-01-27/2020-02-02,2020Q1
a724739a,1d4f300f99170810,2020-12-18 00:00:00,2020-12-21,,Dell Gaming Mouse,f81e,52.35,mobile app,direct,desktop,LT,2020,2020-12,2020-12-18,2020-12-14/2020-12-20,2020Q4,2020,2020-12,2020-12-21,2020-12-21/2020-12-27,2020Q4
a724739a,1d4f300f99170811,2020-12-18 00:00:00,2020-12-21,,Dell Gaming Mouse,f81e,52.35,mobile app,direct,desktop,LT,2020,2020-12,2020-12-18,2020-12-14/2020-12-20,2020Q4,2020,2020-12,2020-12-21,2020-12-21/2020-12-27,2020Q4
2422a8d6,1d9ec75709d17612,2020-12-12 00:00:00,2020-12-13,,Sony PlayStation 5 Bundle,54ed,2001.65,website,direct,desktop,NL,2020,2020-12,2020-12-12,2020-12-07/2020-12-13,2020Q4,2020,2020-12,2020-12-13,2020-12-07/2020-12-13,2020Q4
0b9a9fd6,1da913c7bd37760,2020-12-15 00:00:00,2020-12-16,,27in 4K gaming monitor,891b,299.92,website,direct,desktop,US,2020,2020-12,2020-12-15,2020-12-14/2020-12-20,2020Q4,2020,2020-12,2020-12-16,2020-12-14/2020-12-20,2020Q4
0b9a9fd6,1da913c7bd37761,2020-12-15 00:00:00,2020-12-16,9/18/2025,27in 4K gaming monitor,891b,299.92,website,direct,desktop,US,2020,2020-12,2020-12-15,2020-12-14/2020-12-20,2020Q4,2020,2020-12,2020-12-16,2020-12-14/2020-12-20,2020Q4
b66c3c53,1dd802e00d077288,2020-12-21 00:00:00,2020-12-22,,27in 4K gaming monitor,e7e6,445.51,website,direct,desktop,CA,2020,2020-12,2020-12-21,2020-12-21/2020-12-27,2020Q4,2020,2020-12,2020-12-22,2020-12-21/2020-12-27,2020Q4
b66c3c53,1dd802e00d077289,2020-12-21 00:00:00,2020-12-22,,27in 4K gaming monitor,e7e6,445.51,website,direct,desktop,CA,2020,2020-12,2020-12-21,2020-12-21/2020-12-27,2020Q4,2020,2020-12,2020-12-22,2020-12-21/2020-12-27,2020Q4
793d0027,1dd8681e48651828,2020-12-18 00:00:00,2020-12-20,7/17/2022,Nintendo Switch,e682,159.73,website,direct,desktop,JP,2020,2020-12,2020-12-18,2020-12-14/2020-12-20,2020Q4,2020,2020-12,2020-12-20,2020-12-14/2020-12-20,2020Q4
6ebeda44,1deb4d86d1247775,2020-01-21 00:00:00,2020-01-24,,Nintendo Switch,e682,168.0,website,email,mobile,US,2020,2020-01,2020-01-21,2020-01-20/2020-01-26,2020Q1,2020,2020-01,2020-01-24,2020-01-20/2020-01-26,2020Q1
7cc69822,1e55793797c53306,2020-01-28 00:00:00,2020-01-30,,Nintendo Switch,e682,168.0,website,email,mobile,US,2020,2020-01,2020-01-28,2020-01-27/2020-02-02,2020Q1,2020,2020-01,2020-01-30,2020-01-27/2020-02-02,2020Q1
7cc69822,1e55793797c53307,2020-01-28 00:00:00,2020-01-30,,Nintendo Switch,e682,168.0,website,email,mobile,US,2020,2020-01,2020-01-28,2020-01-27/2020-02-02,2020Q1,2020,2020-01,2020-01-30,2020-01-27/2020-02-02,2020Q1
1c35b607,1e6b509d0fd14517,2020-12-18 00:00:00,2020-12-20,,27in 4K gaming monitor,891b,329.4,website,email,desktop,IE,2020,2020-12,2020-12-18,2020-12-14/2020-12-20,2020Q4,2020,2020-12,2020-12-20,2020-12-14/2020-12-20,2020Q4
62a1459b,1ea3e4af2c742752,2020-12-06 00:00:00,2020-12-07,,Nintendo Switch,8d0d,168.0,website,direct,desktop,US,2020,2020-12,2020-12-06,2020-11-30/2020-12-06,2020Q4,2020,2020-12,2020-12-07,2020-12-07/2020-12-13,2020Q4
e8b4a34f,1eeee5eb52a98277,2020-12-23 00:00:00,2020-12-26,,27in 4K gaming monitor,891b,480.0,website,direct,desktop,US,2020,2020-12,2020-12-23,2020-12-21/2020-12-27,2020Q4,2020,2020-12,2020-12-26,2020-12-21/2020-12-27,2020Q4
b96f0376,1ef0195037278571,2020-12-10 00:00:00,2020-12-13,,Lenovo IdeaPad Gaming 3,04ac,958.4,website,direct,desktop,US,2020,2020-12,2020-12-10,2020-12-07/2020-12-13,2020Q4,2020,2020-12,2020-12-13,2020-12-07/2020-12-13,2020Q4
b96f0376,1ef0195037278572,2020-12-10 00:00:00,2020-12-13,,Lenovo IdeaPad Gaming 3,04ac,958.4,website,direct,desktop,US,2020,2020-12,2020-12-10,2020-12-07/2020-12-13,2020Q4,2020,2020-12,2020-12-13,2020-12-07/2020-12-13,2020Q4
20d8cd9e,1ef6186d5c016394,2020-12-25 00:00:00,2020-12-27,,Lenovo IdeaPad Gaming 3,9ef0,1127.59,website,direct,desktop,SE,2020,2020-12,2020-12-25,2020-12-21/2020-12-27,2020Q4,2020,2020-12,2020-12-27,2020-12-21/2020-12-27,2020Q4
323d31b3,1f0f2a3b94823400,2020-12-26 00:00:00,2020-12-29,6/24/2023,Nintendo Switch,e682,168.0,website,direct,desktop,US,2020,2020-12,2020-12-26,2020-12-21/2020-12-27,2020Q4,2020,2020-12,2020-12-29,2020-12-28/2021-01-03,2020Q4
5294464,1f6fca6e574169,2020-12-15 00:00:00,2020-12-17,,Nintendo Switch,8d0d,152.04,website,direct,desktop,CA,2020,2020-12,2020-12-15,2020-12-14/2020-12-20,2020Q4,2020,2020-12,2020-12-17,2020-12-14/2020-12-20,2020Q4
f839c3bb,1fa47f48a86104861,2020-12-22 00:00:00,2020-12-23,9/14/2023,27in 4K gaming monitor,e7e6,490.89,website,direct,desktop,GB,2020,2020-12,2020-12-22,2020-12-21/2020-12-27,2020Q4,2020,2020-12,2020-12-23,2020-12-21/2020-12-27,2020Q4
cc84099e,1fcc4edf13c86378,2020-12-11 00:00:00,2020-12-12,,JBL Quantum 100 Gaming Headset,ab0f,23.24,website,direct,desktop,ES,2020,2020-12,2020-12-11,2020-12-07/2020-12-13,2020Q4,2020,2020-12,2020-12-12,2020-12-07/2020-12-13,2020Q4
ecc56656,1ff6055e8fe100029,2020-12-24 00:00:00,2020-12-26,,Lenovo IdeaPad Gaming 3,9ef0,926.37,website,direct,desktop,AU,2020,2020-12,2020-12-24,2020-12-21/2020-12-27,2020Q4,2020,2020-12,2020-12-26,2020-12-21/2020-12-27,2020Q4
3f3e9559,20442eb1b1b28656,2020-01-20 00:00:00,2020-01-22,,Nintendo Switch,8d0d,177.02,website,direct,desktop,GB,2020,2020-01,2020-01-20,2020-01-20/2020-01-26,2020Q1,2020,2020-01,2020-01-22,2020-01-20/2020-01-26,2020Q1
4b8e7a53,20733d0c0f133577,2020-12-30 00:00:00,2021-01-02,,Nintendo Switch,e682,164.69,website,direct,desktop,NL,2020,2020-12,2020-12-30,2020-12-28/2021-01-03,2020Q4,2021,2021-01,2021-01-02,2020-12-28/2021-01-03,2021Q1
884abb4b,2086c9d34b457901,2020-12-26 00:00:00,2020-12-29,5/30/2021,Nintendo Switch,e682,168.0,website,direct,desktop,US,2020,2020-12,2020-12-26,2020-12-21/2020-12-27,2020Q4,2020,2020-12,2020-12-29,2020-12-28/2021-01-03,2020Q4
ceccfe33,208c035f5b387378,2020-12-19 00:00:00,2020-12-20,1/6/2022,Nintendo Switch,8d0d,153.07,website,direct,desktop,AU,2020,2020-12,2020-12-19,2020-12-14/2020-12-20,2020Q4,2020,2020-12,2020-12-20,2020-12-14/2020-12-20,2020Q4
a729f9ce,208ce9bcd8c70824,2020-12-03 00:00:00,2020-12-04,,Nintendo Switch,8d0d,151.2,website,direct,desktop,US,2020,2020-12,2020-12-03,2020-11-30/2020-12-06,2020Q4,2020,2020-12,2020-12-04,2020-11-30/2020-12-06,2020Q4
a729f9ce,208ce9bcd8c70825,2020-12-03 00:00:00,2020-12-04,,Nintendo Switch,8d0d,151.2,website,direct,desktop,US,2020,2020-12,2020-12-03,2020-11-30/2020-12-06,2020Q4,2020,2020-12,2020-12-04,2020-11-30/2020-12-06,2020Q4
914a61a0,20da846c3f461598,2020-12-09 00:00:00,2020-12-12,,Nintendo Switch,e682,168.0,website,email,desktop,US,2020,2020-12,2020-12-09,2020-12-07/2020-12-13,2020Q4,2020,2020-12,2020-12-12,2020-12-07/2020-12-13,2020Q4
21f56a9d,20f84c7d80116804,2020-12-27 00:00:00,2020-12-28,,Nintendo Switch,e682,164.69,website,direct,desktop,IT,2020,2020-12,2020-12-27,2020-12-21/2020-12-27,2020Q4,2020,2020-12,2020-12-28,2020-12-28/2021-01-03,2020Q4
3fa0575b,2167534c9a028846,2020-12-10 00:00:00,2020-12-12,3/13/2023,Nintendo Switch,e682,164.88,website,direct,desktop,NL,2020,2020-12,2020-12-10,2020-12-07/2020-12-13,2020Q4,2020,2020-12,2020-12-12,2020-12-07/2020-12-13,2020Q4
3fa0575b,2167534c9a028847,2020-12-10 00:00:00,2020-12-12,,Nintendo Switch,e682,164.88,website,direct,desktop,NL,2020,2020-12,2020-12-10,2020-12-07/2020-12-13,2020Q4,2020,2020-12,2020-12-12,2020-12-07/2020-12-13,2020Q4
d11dfc4d,217aec7995a88321,2020-01-22 00:00:00,2020-01-25,,27in 4K gaming monitor,891b,363.11,website,direct,desktop,CA,2020,2020-01,2020-01-22,2020-01-20/2020-01-26,2020Q1,2020,2020-01,2020-01-25,2020-01-20/2020-01-26,2020Q1
1b4d221d,2219dcf915314106,2020-12-19 00:00:00,2020-12-21,,Nintendo Switch,8d0d,160.34,website,direct,desktop,AT,2020,2020-12,2020-12-19,2020-12-14/2020-12-20,2020Q4,2020,2020-12,2020-12-21,2020-12-21/2020-12-27,2020Q4
39b5f881,2225e8d843c26360,2020-12-19 00:00:00,2020-12-20,,Nintendo Switch,8d0d,168.0,website,direct,desktop,US,2020,2020-12,2020-12-19,2020-12-14/2020-12-20,2020Q4,2020,2020-12,2020-12-20,2020-12-14/2020-12-20,2020Q4
e526881c,2266fc15eba96791,2020-12-19 00:00:00,2020-12-21,12/16/2021,Nintendo Switch,e682,141.22,website,direct,desktop,SG,2020,2020-12,2020-12-19,2020-12-14/2020-12-20,2020Q4,2020,2020-12,2020-12-21,2020-12-21/2020-12-27,2020Q4
e526881c,2266fc15eba96792,2020-12-19 00:00:00,2020-12-21,11/8/2024,Nintendo Switch,e682,141.22,website,direct,desktop,SG,2020,2020-12,2020-12-19,2020-12-14/2020-12-20,2020Q4,2020,2020-12,2020-12-21,2020-12-21/2020-12-27,2020Q4
23a0022b,2275cd35acf17385,2020-12-23 00:00:00,2020-12-24,8/4/2024,Nintendo Switch,8d0d,135.76,website,direct,desktop,GB,2020,2020-12,2020-12-23,2020-12-21/2020-12-27,2020Q4,2020,2020-12,2020-12-24,2020-12-21/2020-12-27,2020Q4
81e53753,22c0c3c793455398,2020-12-14 00:00:00,2020-12-15,,Nintendo Switch,e682,168.0,website,direct,desktop,US,2020,2020-12,2020-12-14,2020-12-14/2020-12-20,2020Q4,2020,2020-12,2020-12-15,2020-12-14/2020-12-20,2020Q4
bdac4579,22f2cc3020680282,2020-01-22 00:00:00,2020-01-25,,Lenovo IdeaPad Gaming 3,04ac,1198.0,website,direct,desktop,US,2020,2020-01,2020-01-22,2020-01-20/2020-01-26,2020Q1,2020,2020-01,2020-01-25,2020-01-20/2020-01-26,2020Q1
4de7d1d1,23106291f4e34597,2020-12-27 00:00:00,2020-12-30,,Sony PlayStation 5 Bundle,54ed,1800.0,website,direct,desktop,US,2020,2020-12,2020-12-27,2020-12-21/2020-12-27,2020Q4,2020,2020-12,2020-12-30,2020-12-28/2021-01-03,2020Q4
14c2d8e2,235558839ae11493,2020-12-24 00:00:00,2020-12-26,,27in 4K gaming monitor,e7e6,480.0,website,direct,desktop,US,2020,2020-12,2020-12-24,2020-12-21/2020-12-27,2020Q4,2020,2020-12,2020-12-26,2020-12-21/2020-12-27,2020Q4
9d2702d4,237fed66aba66448,2020-12-17 00:00:00,2020-12-18,1/19/2025,27in 4K gaming monitor,e7e6,480.0,website,direct,desktop,US,2020,2020-12,2020-12-17,2020-12-14/2020-12-20,2020Q4,2020,2020-12,2020-12-18,2020-12-14/2020-12-20,2020Q4
91fd9c93,23c219b3a5061925,2020-12-05 00:00:00,2020-12-07,,Nintendo Switch,e682,202.96,website,direct,desktop,IL,2020,2020-12,2020-12-05,2020-11-30/2020-12-06,2020Q4,2020,2020-12,2020-12-07,2020-12-07/2020-12-13,2020Q4
91fd9c93,23c219b3a5061926,2020-12-05 00:00:00,2020-12-07,,Nintendo Switch,e682,202.96,website,direct,desktop,IL,2020,2020-12,2020-12-05,2020-11-30/2020-12-06,2020Q4,2020,2020-12,2020-12-07,2020-12-07/2020-12-13,2020Q4
3dfb8107,23ca67b254628087,2020-12-25 00:00:00,2020-12-27,,JBL Quantum 100 Gaming Headset,4c58,23.98,mobile app,direct,desktop,US,2020,2020-12,2020-12-25,2020-12-21/2020-12-27,2020Q4,2020,2020-12,2020-12-27,2020-12-21/2020-12-27,2020Q4
1f690620,23d8949ff2b15851,2020-12-18 00:00:00,2020-12-21,12/8/2022,Sony PlayStation 5 Bundle,54ed,1368.6,website,direct,desktop,IN,2020,2020-12,2020-12-18,2020-12-14/2020-12-20,2020Q4,2020,2020-12,2020-12-21,2020-12-21/2020-12-27,2020Q4
267a4665,23fae5b616218575,2020-12-19 00:00:00,2020-12-20,,JBL Quantum 100 Gaming Headset,8315,23.56,mobile app,email,desktop,US,2020,2020-12,2020-12-19,2020-12-14/2020-12-20,2020Q4,2020,2020-12,2020-12-20,2020-12-14/2020-12-20,2020Q4
267a4665,23fae5b616218576,2020-12-19 00:00:00,2020-12-20,,JBL Quantum 100 Gaming Headset,8315,23.56,mobile app,email,desktop,US,2020,2020-12,2020-12-19,2020-12-14/2020-12-20,2020Q4,2020,2020-12,2020-12-20,2020-12-14/2020-12-20,2020Q4
ad3249bb,243d3e1e3c473382,2020-12-28 00:00:00,2020-12-29,,Nintendo Switch,8e5d,165.96,mobile app,email,desktop,US,2020,2020-12,2020-12-28,2020-12-28/2021-01-03,2020Q4,2020,2020-12,2020-12-29,2020-12-28/2021-01-03,2020Q4
7c380177,245e793afcf53081,2020-01-31 00:00:00,2020-02-03,,Nintendo Switch,8d0d,168.0,website,direct,desktop,US,2020,2020-01,2020-01-31,2020-01-27/2020-02-02,2020Q1,2020,2020-02,2020-02-03,2020-02-03/2020-02-09,2020Q1
db779506,253a6997d8292746,2020-12-27 00:00:00,2020-12-28,,Nintendo Switch,8d0d,184.9,website,direct,desktop,GB,2020,2020-12,2020-12-27,2020-12-21/2020-12-27,2020Q4,2020,2020-12,2020-12-28,2020-12-28/2021-01-03,2020Q4
d226ed9b,2541623813788709,2020-12-03 00:00:00,2020-12-04,10/2/2021,Nintendo Switch,8d0d,168.0,website,direct,desktop,US,2020,2020-12,2020-12-03,2020-11-30/2020-12-06,2020Q4,2020,2020-12,2020-12-04,2020-11-30/2020-12-06,2020Q4
e09b7f40,25418fb750394972,2020-12-20 00:00:00,2020-12-21,,Nintendo Switch,e682,164.88,website,direct,desktop,IT,2020,2020-12,2020-12-20,2020-12-14/2020-12-20,2020Q4,2020,2020-12,2020-12-21,2020-12-21/2020-12-27,2020Q4
2f6362ed,25587bd290922246,2020-12-17 00:00:00,2020-12-18,,JBL Quantum 100 Gaming Headset,ab0f,17.13,website,direct,desktop,AU,2020,2020-12,2020-12-17,2020-12-14/2020-12-20,2020Q4,2020,2020-12,2020-12-18,2020-12-14/2020-12-20,2020Q4
65add3c3,256d1c4500443952,2020-12-29 00:00:00,2020-12-31,,Sony PlayStation 5 Bundle,54ed,1706.16,website,direct,desktop,BE,2020,2020-12,2020-12-29,2020-12-28/2021-01-03,2020Q4,2020,2020-12,2020-12-31,2020-12-28/2021-01-03,2020Q4
65add3c3,256d1c4500443953,2020-12-29 00:00:00,2020-12-31,,Sony PlayStation 5 Bundle,54ed,1706.16,website,direct,desktop,BE,2020,2020-12,2020-12-29,2020-12-28/2021-01-03,2020Q4,2020,2020-12,2020-12-31,2020-12-28/2021-01-03,2020Q4
b81a2c8f,25c240eec5777994,2020-01-20 00:00:00,2020-01-21,,27in 4K gaming monitor,891b,407.22,website,direct,desktop,FR,2020,2020-01,2020-01-20,2020-01-20/2020-01-26,2020Q1,2020,2020-01,2020-01-21,2020-01-20/2020-01-26,2020Q1
70e612de,2620085132848606,2020-12-25 00:00:00,2020-12-26,,Nintendo Switch,8d0d,168.0,website,direct,desktop,US,2020,2020-12,2020-12-25,2020-12-21/2020-12-27,2020Q4,2020,2020-12,2020-12-26,2020-12-21/2020-12-27,2020Q4
70e612de,2620085132848608,2020-12-25 00:00:00,2020-12-26,,Nintendo Switch,8d0d,168.0,website,direct,desktop,US,2020,2020-12,2020-12-25,2020-12-21/2020-12-27,2020Q4,2020,2020-12,2020-12-26,2020-12-21/2020-12-27,2020Q4
a473384f,2669044b2df69607,2020-12-18 00:00:00,2020-12-21,,27in 4K gaming monitor,e7e6,456.81,website,direct,desktop,NO,2020,2020-12,2020-12-18,2020-12-14/2020-12-20,2020Q4,2020,2020-12,2020-12-21,2020-12-21/2020-12-27,2020Q4
a473384f,2669044b2df69608,2020-12-18 00:00:00,2020-12-21,3/15/2025,27in 4K gaming monitor,e7e6,456.81,website,direct,desktop,NO,2020,2020-12,2020-12-18,2020-12-14/2020-12-20,2020Q4,2020,2020-12,2020-12-21,2020-12-21/2020-12-27,2020Q4
a3f85564,2695517335f69373,2020-12-28 00:00:00,2020-12-31,1/19/2023,27in 4K gaming monitor,e7e6,480.0,website,direct,desktop,US,2020,2020-12,2020-12-28,2020-12-28/2021-01-03,2020Q4,2020,2020-12,2020-12-31,2020-12-28/2021-01-03,2020Q4
ba1719b9,2697308206e78855,2020-12-11 00:00:00,2020-12-13,,27in 4K gaming monitor,e7e6,451.63,website,direct,desktop,FR,2020,2020-12,2020-12-11,2020-12-07/2020-12-13,2020Q4,2020,2020-12,2020-12-13,2020-12-07/2020-12-13,2020Q4
4e187b3d,26dd555c2e934673,2020-12-11 00:00:00,2020-12-13,,Sony PlayStation 5 Bundle,54ed,1342.36,website,direct,desktop,US,2020,2020-12,2020-12-11,2020-12-07/2020-12-13,2020Q4,2020,2020-12,2020-12-13,2020-12-07/2020-12-13,2020Q4
4e187b3d,26dd555c2e934674,2020-12-11 00:00:00,2020-12-13,,Sony PlayStation 5 Bundle,54ed,1342.36,website,direct,desktop,US,2020,2020-12,2020-12-11,2020-12-07/2020-12-13,2020Q4,2020,2020-12,2020-12-13,2020-12-07/2020-12-13,2020Q4
7284c1fe,2719f48acae49174,2020-12-18 00:00:00,2020-12-21,,JBL Quantum 100 Gaming Headset,ab0f,24.0,website,direct,desktop,IN,2020,2020-12,2020-12-18,2020-12-14/2020-12-20,2020Q4,2020,2020-12,2020-12-21,2020-12-21/2020-12-27,2020Q4
7284c1fe,2719f48acae49176,2020-12-18 00:00:00,2020-12-21,,JBL Quantum 100 Gaming Headset,ab0f,24.0,website,direct,desktop,IN,2020,2020-12,2020-12-18,2020-12-14/2020-12-20,2020Q4,2020,2020-12,2020-12-21,2020-12-21/2020-12-27,2020Q4
ccf0bff8,27236f1039386559,2020-12-22 00:00:00,2020-12-23,,Nintendo Switch,e682,164.42,website,direct,desktop,IE,2020,2020-12,2020-12-22,2020-12-21/2020-12-27,2020Q4,2020,2020-12,2020-12-23,2020-12-21/2020-12-27,2020Q4
895ae7b4,2753b2aafda58312,2020-12-28 00:00:00,2020-12-31,2/12/2023,27in 4K gaming monitor,e7e6,445.51,website,direct,desktop,CA,2020,2020-12,2020-12-28,2020-12-28/2021-01-03,2020Q4,2020,2020-12,2020-12-31,2020-12-28/2021-01-03,2020Q4
c6061f71,2755b51b93883782,2020-12-06 00:00:00,2020-12-08,,JBL Quantum 100 Gaming Headset,ab0f,23.9,website,direct,desktop,FI,2020,2020-12,2020-12-06,2020-11-30/2020-12-06,2020Q4,2020,2020-12,2020-12-08,2020-12-07/2020-12-13,2020Q4
40febcc0,27acc75592129382,2020-12-20 00:00:00,2020-12-22,,Nintendo Switch,e682,161.05,website,direct,desktop,SE,2020,2020-12,2020-12-20,2020-12-14/2020-12-20,2020Q4,2020,2020-12,2020-12-22,2020-12-21/2020-12-27,2020Q4
40febcc0,27acc75592129384,2020-12-20 00:00:00,2020-12-22,,Nintendo Switch,e682,161.05,website,direct,desktop,SE,2020,2020-12,2020-12-20,2020-12-14/2020-12-20,2020Q4,2020,2020-12,2020-12-22,2020-12-21/2020-12-27,2020Q4
49bbc89f,27adb2347f732829,2020-12-29 00:00:00,2020-12-30,,Nintendo Switch,8d0d,168.0,website,direct,desktop,BR,2020,2020-12,2020-12-29,2020-12-28/2021-01-03,2020Q4,2020,2020-12,2020-12-30,2020-12-28/2021-01-03,2020Q4
49bbc89f,27adb2347f732830,2020-12-29 00:00:00,2020-12-30,9/19/2023,Nintendo Switch,8d0d,168.0,website,direct,desktop,BR,2020,2020-12,2020-12-29,2020-12-28/2021-01-03,2020Q4,2020,2020-12,2020-12-30,2020-12-28/2021-01-03,2020Q4
5aca9f63,27cf200ad0239691,2020-12-21 00:00:00,2020-12-23,,Sony PlayStation 5 Bundle,54ed,1913.29,website,direct,desktop,GB,2020,2020-12,2020-12-21,2020-12-21/2020-12-27,2020Q4,2020,2020-12,2020-12-23,2020-12-21/2020-12-27,2020Q4
a7f4e2b2,27cfbce826471142,2020-12-14 00:00:00,2020-12-15,12/16/2022,Nintendo Switch,8e5d,163.6,mobile app,direct,desktop,US,2020,2020-12,2020-12-14,2020-12-14/2020-12-20,2020Q4,2020,2020-12,2020-12-15,2020-12-14/2020-12-20,2020Q4
a7f4e2b2,27cfbce826471143,2020-12-14 00:00:00,2020-12-15,12/16/2022,Nintendo Switch,8e5d,163.6,mobile app,direct,desktop,US,2020,2020-12,2020-12-14,2020-12-14/2020-12-20,2020Q4,2020,2020-12,2020-12-15,2020-12-14/2020-12-20,2020Q4
c7c156d8,27d3858a25e84506,2020-12-05 00:00:00,2020-12-07,,Sony PlayStation 5 Bundle,54ed,1439.94,website,affiliate,unknown,GB,2020,2020-12,2020-12-05,2020-11-30/2020-12-06,2020Q4,2020,2020-12,2020-12-07,2020-12-07/2020-12-13,2020Q4
c7c156d8,27d3858a25e84507,2020-12-05 00:00:00,2020-12-07,,Sony PlayStation 5 Bundle,54ed,1439.94,website,affiliate,unknown,GB,2020,2020-12,2020-12-05,2020-11-30/2020-12-06,2020Q4,2020,2020-12,2020-12-07,2020-12-07/2020-12-13,2020Q4
96bd0223,27f4c817a8a63841,2020-12-27 00:00:00,2020-12-30,9/9/2023,Nintendo Switch,8d0d,164.88,website,direct,desktop,FR,2020,2020-12,2020-12-27,2020-12-21/2020-12-27,2020Q4,2020,2020-12,2020-12-30,2020-12-28/2021-01-03,2020Q4
ca319e0f,2811f2742f785469,2020-12-13 00:00:00,2020-12-16,,JBL Quantum 100 Gaming Headset,ab0f,24.0,website,social media,tablet,US,2020,2020-12,2020-12-13,2020-12-07/2020-12-13,2020Q4,2020,2020-12,2020-12-16,2020-12-14/2020-12-20,2020Q4
596a3970,28331518fd739097,2020-12-11 00:00:00,2020-12-12,,Nintendo Switch,8d0d,154.75,website,email,desktop,CA,2020,2020-12,2020-12-11,2020-12-07/2020-12-13,2020Q4,2020,2020-12,2020-12-12,2020-12-07/2020-12-13,2020Q4
f98fdbc5,283f8af98ea105436,2020-01-31 00:00:00,2020-02-02,,Nintendo Switch,8d0d,177.02,website,direct,desktop,GB,2020,2020-01,2020-01-31,2020-01-27/2020-02-02,2020Q1,2020,2020-02,2020-02-02,2020-01-27/2020-02-02,2020Q1
fd1207a7,286f6522bb7106896,2020-12-28 00:00:00,2020-12-31,6/21/2024,Nintendo Switch,e682,168.0,website,direct,desktop,US,2020,2020-12,2020-12-28,2020-12-28/2021-01-03,2020Q4,2020,2020-12,2020-12-31,2020-12-28/2021-01-03,2020Q4
1bdb78c4,288f0cb711114355,2020-12-23 00:00:00,2020-12-26,,Nintendo Switch,e682,168.0,website,direct,desktop,US,2020,2020-12,2020-12-23,2020-12-21/2020-12-27,2020Q4,2020,2020-12,2020-12-26,2020-12-21/2020-12-27,2020Q4
1bdb78c4,288f0cb711114356,2020-12-23 00:00:00,2020-12-26,,Nintendo Switch,e682,168.0,website,direct,desktop,US,2020,2020-12,2020-12-23,2020-12-21/2020-12-27,2020Q4,2020,2020-12,2020-12-26,2020-12-21/2020-12-27,2020Q4
46b05d3f,28dd7f8d59c31649,2020-12-08 00:00:00,2020-12-11,,27in 4K gaming monitor,891b,312.0,website,email,desktop,US,2020,2020-12,2020-12-08,2020-12-07/2020-12-13,2020Q4,2020,2020-12,2020-12-11,2020-12-07/2020-12-13,2020Q4
365c3d93,29805527ae625005,2020-12-29 00:00:00,2020-12-30,,Nintendo Switch,e682,168.0,website,email,desktop,US,2020,2020-12,2020-12-29,2020-12-28/2021-01-03,2020Q4,2020,2020-12,2020-12-30,2020-12-28/2021-01-03,2020Q4
e3d9b4f7,299a160dad296245,2020-12-02 00:00:00,2020-12-04,,Nintendo Switch,8d0d,181.02,website,email,desktop,GB,2020,2020-12,2020-12-02,2020-11-30/2020-12-06,2020Q4,2020,2020-12,2020-12-04,2020-11-30/2020-12-06,2020Q4
c51f1ea5,299ac425e4683411,2020-12-01 00:00:00,2020-12-03,,JBL Quantum 100 Gaming Headset,ab0f,24.0,website,direct,desktop,US,2020,2020-12,2020-12-01,2020-11-30/2020-12-06,2020Q4,2020,2020-12,2020-12-03,2020-11-30/2020-12-06,2020Q4
c51f1ea5,299ac425e4683412,2020-12-01 00:00:00,2020-12-03,,JBL Quantum 100 Gaming Headset,ab0f,24.0,website,direct,desktop,US,2020,2020-12,2020-12-01,2020-11-30/2020-12-06,2020Q4,2020,2020-12,2020-12-03,2020-11-30/2020-12-06,2020Q4
42e4907b,29c5057951f30141,2020-12-14 00:00:00,2020-12-15,,JBL Quantum 100 Gaming Headset,4db1,23.98,mobile app,direct,desktop,US,2020,2020-12,2020-12-14,2020-12-14/2020-12-20,2020Q4,2020,2020-12,2020-12-15,2020-12-14/2020-12-20,2020Q4
86af30d1,29ddd7792d457269,2020-12-01 00:00:00,2020-12-03,11/7/2022,Nintendo Switch,e682,104.2,website,direct,desktop,MX,2020,2020-12,2020-12-01,2020-11-30/2020-12-06,2020Q4,2020,2020-12,2020-12-03,2020-11-30/2020-12-06,2020Q4
04f0b421,2a0b57251c05142,2020-12-23 00:00:00,2020-12-25,,Sony PlayStation 5 Bundle,54ed,1951.98,website,direct,desktop,IT,2020,2020-12,2020-12-23,2020-12-21/2020-12-27,2020Q4,2020,2020-12,2020-12-25,2020-12-21/2020-12-27,2020Q4
04f0b421,2a0b57251c05143,2020-12-23 00:00:00,2020-12-25,,Sony PlayStation 5 Bundle,54ed,1951.98,website,direct,desktop,IT,2020,2020-12,2020-12-23,2020-12-21/2020-12-27,2020Q4,2020,2020-12,2020-12-25,2020-12-21/2020-12-27,2020Q4
90f38c4c,2a43f3d285b61462,2020-12-24 00:00:00,2020-12-25,1/14/2024,27in 4K gaming monitor,e7e6,480.0,website,direct,desktop,US,2020,2020-12,2020-12-24,2020-12-21/2020-12-27,2020Q4,2020,2020-12,2020-12-25,2020-12-21/2020-12-27,2020Q4
cca3d946,2a53de5e90786438,2020-12-10 00:00:00,2020-12-12,,Nintendo Switch,8d0d,168.0,website,direct,desktop,LB,2020,2020-12,2020-12-10,2020-12-07/2020-12-13,2020Q4,2020,2020-12,2020-12-12,2020-12-07/2020-12-13,2020Q4
f84011d6,2a5c08c2b42104875,2020-12-25 00:00:00,2020-12-28,,Nintendo Switch,8d0d,164.88,website,direct,desktop,DE,2020,2020-12,2020-12-25,2020-12-21/2020-12-27,2020Q4,2020,2020-12,2020-12-28,2020-12-28/2021-01-03,2020Q4
f84011d6,2a5c08c2b42104876,2020-12-25 00:00:00,2020-12-28,,Nintendo Switch,8d0d,164.88,website,direct,desktop,DE,2020,2020-12,2020-12-25,2020-12-21/2020-12-27,2020Q4,2020,2020-12,2020-12-28,2020-12-28/2021-01-03,2020Q4
4a17b657,2a8026c8ce932970,2020-12-17 00:00:00,2020-12-18,12/1/2022,Nintendo Switch,8d0d,168.0,website,email,desktop,US,2020,2020-12,2020-12-17,2020-12-14/2020-12-20,2020Q4,2020,2020-12,2020-12-18,2020-12-14/2020-12-20,2020Q4
bc6ebb21,2b12bd3b2ff79773,2020-12-30 00:00:00,2020-12-31,3/2/2022,Nintendo Switch,e682,188.15,website,direct,desktop,GB,2020,2020-12,2020-12-30,2020-12-28/2021-01-03,2020Q4,2020,2020-12,2020-12-31,2020-12-28/2021-01-03,2020Q4
212ef562,2b184b9680b16530,2020-12-01 00:00:00,2020-12-03,12/23/2025,27in 4K gaming monitor,e7e6,480.0,website,direct,desktop,BR,2020,2020-12,2020-12-01,2020-11-30/2020-12-06,2020Q4,2020,2020-12,2020-12-03,2020-11-30/2020-12-06,2020Q4
890fe0c2,2b6404b6dc458219,2020-01-27 00:00:00,2020-01-29,,Nintendo Switch,e682,190.79,website,direct,desktop,IL,2020,2020-01,2020-01-27,2020-01-27/2020-02-02,2020Q1,2020,2020-01,2020-01-29,2020-01-27/2020-02-02,2020Q1
9476f50b,2b9d8c32d4b62919,2020-12-25 00:00:00,2020-12-26,,Sony PlayStation 5 Bundle,54ed,1800.0,website,direct,desktop,NZ,2020,2020-12,2020-12-25,2020-12-21/2020-12-27,2020Q4,2020,2020-12,2020-12-26,2020-12-21/2020-12-27,2020Q4
9476f50b,2b9d8c32d4b62920,2020-12-25 00:00:00,2020-12-26,,Sony PlayStation 5 Bundle,54ed,1800.0,website,direct,desktop,NZ,2020,2020-12,2020-12-25,2020-12-21/2020-12-27,2020Q4,2020,2020-12,2020-12-26,2020-12-21/2020-12-27,2020Q4
978eb8f6,2bb59fc4aab64182,2020-12-24 00:00:00,2020-12-26,12/22/2024,Nintendo Switch,e682,168.0,website,direct,desktop,US,2020,2020-12,2020-12-24,2020-12-21/2020-12-27,2020Q4,2020,2020-12,2020-12-26,2020-12-21/2020-12-27,2020Q4
7b5f313c,2bbd107440e52725,2020-12-13 00:00:00,2020-12-14,,JBL Quantum 100 Gaming Headset,4c58,23.98,mobile app,direct,desktop,US,2020,2020-12,2020-12-13,2020-12-07/2020-12-13,2020Q4,2020,2020-12,2020-12-14,2020-12-14/2020-12-20,2020Q4
5f79c0e8,2bd79e16d6541575,2020-12-29 00:00:00,2020-12-31,,JBL Quantum 100 Gaming Headset,4db1,13.78,mobile app,email,desktop,BR,2020,2020-12,2020-12-29,2020-12-28/2021-01-03,2020Q4,2020,2020-12,2020-12-31,2020-12-28/2021-01-03,2020Q4
34ff61c8,2bea2081bdc24500,2020-12-07 00:00:00,2020-12-09,,Sony PlayStation 5 Bundle,54ed,1723.72,website,direct,desktop,US,2020,2020-12,2020-12-07,2020-12-07/2020-12-13,2020Q4,2020,2020-12,2020-12-09,2020-12-07/2020-12-13,2020Q4
55a7a116,2bf5fc47b6037653,2020-12-14 00:00:00,2020-12-17,7/27/2021,27in 4K gaming monitor,891b,454.21,website,direct,desktop,JP,2020,2020-12,2020-12-14,2020-12-14/2020-12-20,2020Q4,2020,2020-12,2020-12-17,2020-12-14/2020-12-20,2020Q4
e45062e0,2c254f2e84496436,2020-12-18 00:00:00,2020-12-19,11/4/2022,Nintendo Switch,e682,179.22,website,direct,desktop,GB,2020,2020-12,2020-12-18,2020-12-14/2020-12-20,2020Q4,2020,2020-12,2020-12-19,2020-12-14/2020-12-20,2020Q4
e45062e0,2c254f2e84496437,2020-12-18 00:00:00,2020-12-19,11/4/2022,Nintendo Switch,e682,179.22,website,direct,desktop,GB,2020,2020-12,2020-12-18,2020-12-14/2020-12-20,2020Q4,2020,2020-12,2020-12-19,2020-12-14/2020-12-20,2020Q4
e45062e0,2c254f2e84496438,2020-12-18 00:00:00,2020-12-19,11/4/2022,Nintendo Switch,e682,179.22,website,direct,desktop,GB,2020,2020-12,2020-12-18,2020-12-14/2020-12-20,2020Q4,2020,2020-12,2020-12-19,2020-12-14/2020-12-20,2020Q4
d07198e4,2c5313ae52588037,2020-12-23 00:00:00,2020-12-25,,Dell Gaming Mouse,f81e,49.98,mobile app,direct,desktop,US,2020,2020-12,2020-12-23,2020-12-21/2020-12-27,2020Q4,2020,2020-12,2020-12-25,2020-12-21/2020-12-27,2020Q4
65dedb08,2c8123d555d44056,2020-12-01 00:00:00,2020-12-03,5/8/2023,Nintendo Switch,e682,168.0,website,direct,desktop,US,2020,2020-12,2020-12-01,2020-11-30/2020-12-06,2020Q4,2020,2020-12,2020-12-03,2020-11-30/2020-12-06,2020Q4
93c81c9b,2c81858d85d62654,2020-01-27 00:00:00,2020-01-30,,Nintendo Switch,8d0d,168.0,website,direct,desktop,US,2020,2020-01,2020-01-27,2020-01-27/2020-02-02,2020Q1,2020,2020-01,2020-01-30,2020-01-27/2020-02-02,2020Q1
d62aa248,2caaaf15b7f90456,2020-12-31 00:00:00,2021-01-03,6/2/2024,Nintendo Switch,e682,181.02,website,direct,desktop,GB,2020,2020-12,2020-12-31,2020-12-28/2021-01-03,2020Q4,2021,2021-01,2021-01-03,2020-12-28/2021-01-03,2021Q1
c2638422,2cfff297a9a82286,2020-12-30 00:00:00,2020-12-31,,Sony PlayStation 5 Bundle,54ed,1854.49,website,direct,desktop,GB,2020,2020-12,2020-12-30,2020-12-28/2021-01-03,2020Q4,2020,2020-12,2020-12-31,2020-12-28/2021-01-03,2020Q4
c2638422,2cfff297a9a82287,2020-12-30 00:00:00,2020-12-31,,Sony PlayStation 5 Bundle,54ed,1854.49,website,direct,desktop,GB,2020,2020-12,2020-12-30,2020-12-28/2021-01-03,2020Q4,2020,2020-12,2020-12-31,2020-12-28/2021-01-03,2020Q4
c7515ebd,2d0631ca38084313,2020-12-20 00:00:00,2020-12-21,,27in 4K gaming monitor,891b,360.0,website,direct,desktop,US,2020,2020-12,2020-12-20,2020-12-14/2020-12-20,2020Q4,2020,2020-12,2020-12-21,2020-12-21/2020-12-27,2020Q4
c7515ebd,2d0631ca38084314,2020-12-20 00:00:00,2020-12-21,,27in 4K gaming monitor,891b,360.0,website,direct,desktop,US,2020,2020-12,2020-12-20,2020-12-14/2020-12-20,2020Q4,2020,2020-12,2020-12-21,2020-12-21/2020-12-27,2020Q4
ce1e50e7,2d0e51c4b3487086,2020-12-09 00:00:00,2020-12-10,,JBL Quantum 100 Gaming Headset,ab0f,23.03,website,direct,desktop,ES,2020,2020-12,2020-12-09,2020-12-07/2020-12-13,2020Q4,2020,2020-12,2020-12-10,2020-12-07/2020-12-13,2020Q4
ce1e50e7,2d0e51c4b3487087,2020-12-09 00:00:00,2020-12-10,,JBL Quantum 100 Gaming Headset,ab0f,23.03,website,direct,desktop,ES,2020,2020-12,2020-12-09,2020-12-07/2020-12-13,2020Q4,2020,2020-12,2020-12-10,2020-12-07/2020-12-13,2020Q4
ca4064c9,2d1d7385b0785495,2020-12-23 00:00:00,2020-12-26,11/14/2021,Nintendo Switch,8d0d,144.17,website,direct,desktop,AU,2020,2020-12,2020-12-23,2020-12-21/2020-12-27,2020Q4,2020,2020-12,2020-12-26,2020-12-21/2020-12-27,2020Q4
98c99b8b,2d5832e6d2e64645,2020-01-24 00:00:00,2020-01-25,,Nintendo Switch,8d0d,113.56,website,direct,desktop,MX,2020,2020-01,2020-01-24,2020-01-20/2020-01-26,2020Q1,2020,2020-01,2020-01-25,2020-01-20/2020-01-26,2020Q1
3ca1fc4a,2d5b5f13bf727564,2020-12-25 00:00:00,2020-12-27,,JBL Quantum 100 Gaming Headset,8315,23.46,mobile app,direct,desktop,US,2020,2020-12,2020-12-25,2020-12-21/2020-12-27,2020Q4,2020,2020-12,2020-12-27,2020-12-21/2020-12-27,2020Q4
6090c9ba,2d9107ddb2f41994,2020-01-30 00:00:00,2020-01-31,,Nintendo Switch,e682,168.0,website,direct,desktop,US,2020,2020-01,2020-01-30,2020-01-27/2020-02-02,2020Q1,2020,2020-01,2020-01-31,2020-01-27/2020-02-02,2020Q1
cf5bb710,2d99d60b01387647,2020-12-04 00:00:00,2020-12-06,,Nintendo Switch,8e5d,160.8,mobile app,email,desktop,AU,2020,2020-12,2020-12-04,2020-11-30/2020-12-06,2020Q4,2020,2020-12,2020-12-06,2020-11-30/2020-12-06,2020Q4
9a376bb1,2d9f6051c2c65203,2020-12-24 00:00:00,2020-12-26,6/8/2023,Nintendo Switch,e682,168.0,website,direct,desktop,US,2020,2020-12,2020-12-24,2020-12-21/2020-12-27,2020Q4,2020,2020-12,2020-12-26,2020-12-21/2020-12-27,2020Q4
cb4fb3f4,2da2120cee985939,2020-12-19 00:00:00,2020-12-20,,Nintendo Switch,e682,168.0,website,direct,desktop,US,2020,2020-12,2020-12-19,2020-12-14/2020-12-20,2020Q4,2020,2020-12,2020-12-20,2020-12-14/2020-12-20,2020Q4
1b7cb62d,2db74ed130414192,2020-12-25 00:00:00,2020-12-28,,Nintendo Switch,8d0d,168.0,website,affiliate,unknown,US,2020,2020-12,2020-12-25,2020-12-21/2020-12-27,2020Q4,2020,2020-12,2020-12-28,2020-12-28/2021-01-03,2020Q4
2c177c7e,2dc60ab515d20859,2020-12-20 00:00:00,2020-12-21,,27in 4K gaming monitor,e7e6,542.5,website,direct,desktop,DK,2020,2020-12,2020-12-20,2020-12-14/2020-12-20,2020Q4,2020,2020-12,2020-12-21,2020-12-21/2020-12-27,2020Q4
f99086e5,2e2c79e4d13105439,2020-12-29 00:00:00,2021-01-01,,Nintendo Switch,8d0d,168.0,website,direct,desktop,US,2020,2020-12,2020-12-29,2020-12-28/2021-01-03,2020Q4,2021,2021-01,2021-01-01,2020-12-28/2021-01-03,2021Q1
6f64be3f,2e47804f11a48024,2020-12-07 00:00:00,2020-12-09,,JBL Quantum 100 Gaming Headset,ab0f,17.13,website,direct,desktop,AU,2020,2020-12,2020-12-07,2020-12-07/2020-12-13,2020Q4,2020,2020-12,2020-12-09,2020-12-07/2020-12-13,2020Q4
0cfa4da4,2e5af16ceb68324,2020-12-04 00:00:00,2020-12-05,,Dell Gaming Mouse,8d4f,49.98,mobile app,direct,desktop,US,2020,2020-12,2020-12-04,2020-11-30/2020-12-06,2020Q4,2020,2020-12,2020-12-05,2020-11-30/2020-12-06,2020Q4
9d17c40d,2ea3adee66166430,2020-12-04 00:00:00,2020-12-07,,JBL Quantum 100 Gaming Headset,ab0f,21.43,website,email,desktop,SE,2020,2020-12,2020-12-04,2020-11-30/2020-12-06,2020Q4,2020,2020-12,2020-12-07,2020-12-07/2020-12-13,2020Q4
e099f320,2ecea516c3094971,2020-01-21 00:00:00,2020-01-22,,27in 4K gaming monitor,891b,412.31,website,direct,desktop,NL,2020,2020-01,2020-01-21,2020-01-20/2020-01-26,2020Q1,2020,2020-01,2020-01-22,2020-01-20/2020-01-26,2020Q1
5a901690,2fbbfa1d33139592,2020-12-01 00:00:00,2020-12-03,11/10/2022,Nintendo Switch,e682,168.0,website,direct,desktop,US,2020,2020-12,2020-12-01,2020-11-30/2020-12-06,2020Q4,2020,2020-12,2020-12-03,2020-11-30/2020-12-06,2020Q4
5a901690,2fbbfa1d33139593,2020-12-01 00:00:00,2020-12-03,11/10/2022,Nintendo Switch,e682,168.0,website,direct,desktop,US,2020,2020-12,2020-12-01,2020-11-30/2020-12-06,2020Q4,2020,2020-12,2020-12-03,2020-11-30/2020-12-06,2020Q4
b0cf8f88,2fbcaf4b5a774934,2020-12-03 00:00:00,2020-12-05,11/2/2022,Nintendo Switch,e682,164.88,website,direct,desktop,DE,2020,2020-12,2020-12-03,2020-11-30/2020-12-06,2020Q4,2020,2020-12,2020-12-05,2020-11-30/2020-12-06,2020Q4
bb19987f,2fc913fce7179240,2020-12-21 00:00:00,2020-12-22,2/4/2023,Nintendo Switch,e682,188.15,website,organic,,GB,2020,2020-12,2020-12-21,2020-12-21/2020-12-27,2020Q4,2020,2020-12,2020-12-22,2020-12-21/2020-12-27,2020Q4
bb19987f,2fc913fce7179241,2020-12-21 00:00:00,2020-12-22,2/4/2023,Nintendo Switch,e682,188.15,website,organic,,GB,2020,2020-12,2020-12-21,2020-12-21/2020-12-27,2020Q4,2020,2020-12,2020-12-22,2020-12-21/2020-12-27,2020Q4
776efcfa,301484fc2bd51147,2020-12-23 00:00:00,2020-12-25,,27in 4K gaming monitor,891b,422.26,website,affiliate,unknown,NL,2020,2020-12,2020-12-23,2020-12-21/2020-12-27,2020Q4,2020,2020-12,2020-12-25,2020-12-21/2020-12-27,2020Q4
776efcfa,301484fc2bd51148,2020-12-23 00:00:00,2020-12-25,,27in 4K gaming monitor,891b,422.26,website,affiliate,unknown,NL,2020,2020-12,2020-12-23,2020-12-21/2020-12-27,2020Q4,2020,2020-12,2020-12-25,2020-12-21/2020-12-27,2020Q4
74b4a583,303a5c673b050067,2020-12-09 00:00:00,2020-12-10,11/12/2022,27in 4K gaming monitor,e7e6,480.0,website,direct,desktop,US,2020,2020-12,2020-12-09,2020-12-07/2020-12-13,2020Q4,2020,2020-12,2020-12-10,2020-12-07/2020-12-13,2020Q4
5a12647c,3082098354b39360,2020-12-01 00:00:00,2020-12-04,,Nintendo Switch,e682,168.0,website,direct,desktop,US,2020,2020-12,2020-12-01,2020-11-30/2020-12-06,2020Q4,2020,2020-12,2020-12-04,2020-11-30/2020-12-06,2020Q4
251d092b,3098898033a18001,2020-12-25 00:00:00,2020-12-26,,27in 4K gaming monitor,891b,480.0,website,direct,desktop,US,2020,2020-12,2020-12-25,2020-12-21/2020-12-27,2020Q4,2020,2020-12,2020-12-26,2020-12-21/2020-12-27,2020Q4
968daff9,309ea01674d63748,2020-12-10 00:00:00,2020-12-12,,Dell Gaming Mouse,f81e,49.98,mobile app,direct,desktop,US,2020,2020-12,2020-12-10,2020-12-07/2020-12-13,2020Q4,2020,2020-12,2020-12-12,2020-12-07/2020-12-13,2020Q4
968daff9,309ea01674d63749,2020-12-10 00:00:00,2020-12-12,,Dell Gaming Mouse,f81e,49.98,mobile app,direct,desktop,US,2020,2020-12,2020-12-10,2020-12-07/2020-12-13,2020Q4,2020,2020-12,2020-12-12,2020-12-07/2020-12-13,2020Q4
646cfa87,30abc7985a443454,2020-12-27 00:00:00,2020-12-30,6/19/2021,27in 4K gaming monitor,891b,287.66,website,direct,desktop,DE,2020,2020-12,2020-12-27,2020-12-21/2020-12-27,2020Q4,2020,2020-12,2020-12-30,2020-12-28/2021-01-03,2020Q4
646cfa87,30abc7985a443455,2020-12-27 00:00:00,2020-12-30,9/16/2023,27in 4K gaming monitor,891b,287.66,website,direct,desktop,DE,2020,2020-12,2020-12-27,2020-12-21/2020-12-27,2020Q4,2020,2020-12,2020-12-30,2020-12-28/2021-01-03,2020Q4
275d1d8f,30b831ed42018948,2020-12-07 00:00:00,2020-12-10,,Dell Gaming Mouse,8d4f,58.07,mobile app,email,desktop,IT,2020,2020-12,2020-12-07,2020-12-07/2020-12-13,2020Q4,2020,2020-12,2020-12-10,2020-12-07/2020-12-13,2020Q4
c9639829,31552e1b7a785156,2020-12-21 00:00:00,2020-12-24,,Nintendo Switch,8d0d,168.0,website,direct,desktop,US,2020,2020-12,2020-12-21,2020-12-21/2020-12-27,2020Q4,2020,2020-12,2020-12-24,2020-12-21/2020-12-27,2020Q4
563754cd,31df0a28f8437864,2020-12-18 00:00:00,2020-12-21,5/6/2021,Nintendo Switch,e682,148.35,website,direct,desktop,AU,2020,2020-12,2020-12-18,2020-12-14/2020-12-20,2020Q4,2020,2020-12,2020-12-21,2020-12-21/2020-12-27,2020Q4
e8100dbc,320e5f056dd98029,2020-01-30 00:00:00,2020-02-01,,Nintendo Switch,8e5d,164.62,mobile app,social media,tablet,US,2020,2020-01,2020-01-30,2020-01-27/2020-02-02,2020Q1,2020,2020-02,2020-02-01,2020-01-27/2020-02-02,2020Q1
f25a946a,32445a6f705102402,2020-01-30 00:00:00,2020-02-01,,Nintendo Switch,8d0d,142.8,website,direct,desktop,US,2020,2020-01,2020-01-30,2020-01-27/2020-02-02,2020Q1,2020,2020-02,2020-02-01,2020-01-27/2020-02-02,2020Q1
f2a640a7,324bfc2deb3102553,2020-12-27 00:00:00,2020-12-29,,Nintendo Switch,e682,164.88,website,direct,desktop,ES,2020,2020-12,2020-12-27,2020-12-21/2020-12-27,2020Q4,2020,2020-12,2020-12-29,2020-12-28/2021-01-03,2020Q4
f2a640a7,324bfc2deb3102554,2020-12-27 00:00:00,2020-12-29,,Nintendo Switch,e682,164.88,website,direct,desktop,ES,2020,2020-12,2020-12-27,2020-12-21/2020-12-27,2020Q4,2020,2020-12,2020-12-29,2020-12-28/2021-01-03,2020Q4
3c4a7e8f,326d8b767c627411,2020-12-15 00:00:00,2020-12-18,,Nintendo Switch,8d0d,160.34,website,direct,desktop,BE,2020,2020-12,2020-12-15,2020-12-14/2020-12-20,2020Q4,2020,2020-12,2020-12-18,2020-12-14/2020-12-20,2020Q4
3c4a7e8f,326d8b767c627412,2020-12-15 00:00:00,2020-12-18,,Nintendo Switch,8d0d,160.34,website,direct,desktop,BE,2020,2020-12,2020-12-15,2020-12-14/2020-12-20,2020Q4,2020,2020-12,2020-12-18,2020-12-14/2020-12-20,2020Q4
8b148dcc,32b1b81760c59092,2020-12-18 00:00:00,2020-12-20,,JBL Quantum 100 Gaming Headset,4c58,23.98,mobile app,direct,desktop,US,2020,2020-12,2020-12-18,2020-12-14/2020-12-20,2020Q4,2020,2020-12,2020-12-20,2020-12-14/2020-12-20,2020Q4
0a126183,32d11746c087132,2020-12-19 00:00:00,2020-12-22,11/28/2022,27in 4K gaming monitor,891b,458.32,website,affiliate,unknown,US,2020,2020-12,2020-12-19,2020-12-14/2020-12-20,2020Q4,2020,2020-12,2020-12-22,2020-12-21/2020-12-27,2020Q4
90700000000000,32f2bb87db62801,2020-12-23 00:00:00,2020-12-24,7/27/2024,Nintendo Switch,e682,168.0,website,direct,desktop,CL,2020,2020-12,2020-12-23,2020-12-21/2020-12-27,2020Q4,2020,2020-12,2020-12-24,2020-12-21/2020-12-27,2020Q4
25342437,332a1a3d3b4695,2020-12-05 00:00:00,2020-12-08,,JBL Quantum 100 Gaming Headset,ab0f,24.0,website,direct,desktop,US,2020,2020-12,2020-12-05,2020-11-30/2020-12-06,2020Q4,2020,2020-12,2020-12-08,2020-12-07/2020-12-13,2020Q4
7b64b12c,332e05bd76752741,2020-12-12 00:00:00,2020-12-14,2/2/2023,27in 4K gaming monitor,e7e6,480.0,website,direct,desktop,CL,2020,2020-12,2020-12-12,2020-12-07/2020-12-13,2020Q4,2020,2020-12,2020-12-14,2020-12-14/2020-12-20,2020Q4
712f2f02,33708064bea48718,2020-12-30 00:00:00,2021-01-02,9/28/2023,Nintendo Switch,e682,168.0,website,email,desktop,US,2020,2020-12,2020-12-30,2020-12-28/2021-01-03,2020Q4,2021,2021-01,2021-01-02,2020-12-28/2021-01-03,2021Q1
2fa4d203,338f932182e22377,2020-12-22 00:00:00,2020-12-24,8/21/2021,Nintendo Switch,8d0d,168.0,website,direct,desktop,US,2020,2020-12,2020-12-22,2020-12-21/2020-12-27,2020Q4,2020,2020-12,2020-12-24,2020-12-21/2020-12-27,2020Q4
2fa4d203,338f932182e22378,2020-12-22 00:00:00,2020-12-24,,Nintendo Switch,8d0d,168.0,website,direct,desktop,US,2020,2020-12,2020-12-22,2020-12-21/2020-12-27,2020Q4,2020,2020-12,2020-12-24,2020-12-21/2020-12-27,2020Q4
3a1386eb,33ab04c109426499,2020-12-13 00:00:00,2020-12-14,,JBL Quantum 100 Gaming Headset,ab0f,21.14,website,direct,desktop,RU,2020,2020-12,2020-12-13,2020-12-07/2020-12-13,2020Q4,2020,2020-12,2020-12-14,2020-12-14/2020-12-20,2020Q4
057af623,33ad5c8701e5341,2020-01-23 00:00:00,2020-01-24,,Nintendo Switch,8d0d,112.23,website,direct,desktop,AU,2020,2020-01,2020-01-23,2020-01-20/2020-01-26,2020Q1,2020,2020-01,2020-01-24,2020-01-20/2020-01-26,2020Q1
39c8d2d8,33c6f2c529926397,2020-01-20 00:00:00,2020-01-23,,JBL Quantum 100 Gaming Headset,ab0f,24.0,website,direct,desktop,US,2020,2020-01,2020-01-20,2020-01-20/2020-01-26,2020Q1,2020,2020-01,2020-01-23,2020-01-20/2020-01-26,2020Q1
0074fb9c,33c956d588b3363,2020-01-24 00:00:00,2020-01-26,,Nintendo Switch,8d0d,148.67,website,direct,desktop,FR,2020,2020-01,2020-01-24,2020-01-20/2020-01-26,2020Q1,2020,2020-01,2020-01-26,2020-01-20/2020-01-26,2020Q1
6a7aef16,349a7fe88e445944,2020-01-31 00:00:00,2020-02-01,,JBL Quantum 100 Gaming Headset,ab0f,24.0,website,direct,desktop,US,2020,2020-01,2020-01-31,2020-01-27/2020-02-02,2020Q1,2020,2020-02,2020-02-01,2020-01-27/2020-02-02,2020Q1
6d706189,34fe09291ef47240,2020-01-21 00:00:00,2020-01-22,4/30/2022,Sony PlayStation 5 Bundle,54ed,1800.0,website,direct,desktop,US,2020,2020-01,2020-01-21,2020-01-20/2020-01-26,2020Q1,2020,2020-01,2020-01-22,2020-01-20/2020-01-26,2020Q1
ed6b9c26,34ffea156cd100294,2020-12-13 00:00:00,2020-12-15,,Nintendo Switch,e682,168.0,website,direct,desktop,US,2020,2020-12,2020-12-13,2020-12-07/2020-12-13,2020Q4,2020,2020-12,2020-12-15,2020-12-14/2020-12-20,2020Q4
7b17f9ca,350de61c7dc52597,2020-12-24 00:00:00,2020-12-25,,27in 4K gaming monitor,891b,480.0,website,direct,desktop,US,2020,2020-12,2020-12-24,2020-12-21/2020-12-27,2020Q4,2020,2020-12,2020-12-25,2020-12-21/2020-12-27,2020Q4
7b17f9ca,350de61c7dc52598,2020-12-24 00:00:00,2020-12-25,,27in 4K gaming monitor,891b,480.0,website,direct,desktop,US,2020,2020-12,2020-12-24,2020-12-21/2020-12-27,2020Q4,2020,2020-12,2020-12-25,2020-12-21/2020-12-27,2020Q4
8772c820,3512c29e6ba57570,2020-12-29 00:00:00,2021-01-01,,Dell Gaming Mouse,8d4f,51.03,mobile app,organic,,CA,2020,2020-12,2020-12-29,2020-12-28/2021-01-03,2020Q4,2021,2021-01,2021-01-01,2020-12-28/2021-01-03,2021Q1
ca648b8a,35605af9af785554,2020-01-21 00:00:00,2020-01-24,,27in 4K gaming monitor,891b,408.0,website,direct,desktop,US,2020,2020-01,2020-01-21,2020-01-20/2020-01-26,2020Q1,2020,2020-01,2020-01-24,2020-01-20/2020-01-26,2020Q1
68eccf39,3589b60443445282,2020-12-19 00:00:00,2020-12-20,,JBL Quantum 100 Gaming Headset,8315,23.58,mobile app,email,desktop,IE,2020,2020-12,2020-12-19,2020-12-14/2020-12-20,2020Q4,2020,2020-12,2020-12-20,2020-12-14/2020-12-20,2020Q4
3c9be045,3595471cbd527551,2020-12-05 00:00:00,2020-12-08,,Nintendo Switch,8e5d,167.08,mobile app,email,desktop,US,2020,2020-12,2020-12-05,2020-11-30/2020-12-06,2020Q4,2020,2020-12,2020-12-08,2020-12-07/2020-12-13,2020Q4
9a738c61,35dacc5486e65301,2020-12-10 00:00:00,2020-12-12,,Nintendo Switch,8d0d,184.9,website,direct,desktop,AT,2020,2020-12,2020-12-10,2020-12-07/2020-12-13,2020Q4,2020,2020-12,2020-12-12,2020-12-07/2020-12-13,2020Q4
5f9b5c52,35dfbeeea6041608,2020-12-31 00:00:00,2021-01-02,,Nintendo Switch,e682,168.0,website,direct,desktop,LT,2020,2020-12,2020-12-31,2020-12-28/2021-01-03,2020Q4,2021,2021-01,2021-01-02,2020-12-28/2021-01-03,2021Q1
20822fde,35f9a42b7d716263,2020-12-25 00:00:00,2020-12-28,,Lenovo IdeaPad Gaming 3,9ef0,1198.0,website,direct,desktop,PK,2020,2020-12,2020-12-25,2020-12-21/2020-12-27,2020Q4,2020,2020-12,2020-12-28,2020-12-28/2021-01-03,2020Q4
72f8679c,3615887932049374,2020-12-25 00:00:00,2020-12-26,9/7/2021,Nintendo Switch,e682,168.0,website,email,desktop,US,2020,2020-12,2020-12-25,2020-12-21/2020-12-27,2020Q4,2020,2020-12,2020-12-26,2020-12-21/2020-12-27,2020Q4
7ee9281e,363b4ebf1bd54203,2020-12-26 00:00:00,2020-12-27,6/19/2025,Nintendo Switch,e682,168.0,website,direct,desktop,US,2020,2020-12,2020-12-26,2020-12-21/2020-12-27,2020Q4,2020,2020-12,2020-12-27,2020-12-21/2020-12-27,2020Q4
e39399df,3640f8ba5a796128,2020-12-08 00:00:00,2020-12-09,,JBL Quantum 100 Gaming Headset,ab0f,24.0,website,direct,desktop,IN,2020,2020-12,2020-12-08,2020-12-07/2020-12-13,2020Q4,2020,2020-12,2020-12-09,2020-12-07/2020-12-13,2020Q4
e3f20d40,364955fa39c96288,2020-01-26 00:00:00,2020-01-29,,Nintendo Switch,8d0d,142.8,website,direct,desktop,BR,2020,2020-01,2020-01-26,2020-01-20/2020-01-26,2020Q1,2020,2020-01,2020-01-29,2020-01-27/2020-02-02,2020Q1
bdb3808b,36b20fbeb0980297,2020-12-12 00:00:00,2020-12-13,,Nintendo Switch,e682,181.02,website,direct,desktop,GB,2020,2020-12,2020-12-12,2020-12-07/2020-12-13,2020Q4,2020,2020-12,2020-12-13,2020-12-07/2020-12-13,2020Q4
8918e2d8,36be290538e58230,2020-12-30 00:00:00,2020-12-31,12/17/2021,27in 4K gaming monitor,e7e6,480.0,website,email,desktop,US,2020,2020-12,2020-12-30,2020-12-28/2021-01-03,2020Q4,2020,2020-12,2020-12-31,2020-12-28/2021-01-03,2020Q4
88c4f551,36bfde4e96a58088,2020-12-17 00:00:00,2020-12-18,,27in 4K gaming monitor,891b,312.46,website,direct,desktop,IN,2020,2020-12,2020-12-17,2020-12-14/2020-12-20,2020Q4,2020,2020-12,2020-12-18,2020-12-14/2020-12-20,2020Q4
b4e10839,36ea031fa0b76613,2020-12-10 00:00:00,2020-12-11,,Dell Gaming Mouse,f81e,49.98,mobile app,email,desktop,DO,2020,2020-12,2020-12-10,2020-12-07/2020-12-13,2020Q4,2020,2020-12,2020-12-11,2020-12-07/2020-12-13,2020Q4
289311c5,376e7ae4fe419406,2020-12-20 00:00:00,2020-12-23,,Nintendo Switch,e682,168.0,website,direct,desktop,US,2020,2020-12,2020-12-20,2020-12-14/2020-12-20,2020Q4,2020,2020-12,2020-12-23,2020-12-21/2020-12-27,2020Q4
798a84b7,3782427c2f751949,2020-12-21 00:00:00,2020-12-24,,Nintendo Switch,e682,168.0,website,direct,desktop,JP,2020,2020-12,2020-12-21,2020-12-21/2020-12-27,2020Q4,2020,2020-12,2020-12-24,2020-12-21/2020-12-27,2020Q4
18df752d,380bdc584f913100,2020-12-20 00:00:00,2020-12-21,,JBL Quantum 100 Gaming Headset,4c58,24.73,mobile app,direct,desktop,CA,2020,2020-12,2020-12-20,2020-12-14/2020-12-20,2020Q4,2020,2020-12,2020-12-21,2020-12-21/2020-12-27,2020Q4
b6b25998,383590141a177403,2020-12-27 00:00:00,2020-12-30,,Nintendo Switch,8d0d,168.0,website,organic,,PE,2020,2020-12,2020-12-27,2020-12-21/2020-12-27,2020Q4,2020,2020-12,2020-12-30,2020-12-28/2021-01-03,2020Q4
8c9e775b,3865ed26bfd59735,2020-12-12 00:00:00,2020-12-13,,Lenovo IdeaPad Gaming 3,9ef0,1198.0,website,direct,desktop,US,2020,2020-12,2020-12-12,2020-12-07/2020-12-13,2020Q4,2020,2020-12,2020-12-13,2020-12-07/2020-12-13,2020Q4
2f8e7c26,3889203370422329,2020-01-30 00:00:00,2020-01-31,,JBL Quantum 100 Gaming Headset,ab0f,24.0,website,direct,desktop,US,2020,2020-01,2020-01-30,2020-01-27/2020-02-02,2020Q1,2020,2020-01,2020-01-31,2020-01-27/2020-02-02,2020Q1
6e03ca94,38c51868afa47476,2020-12-17 00:00:00,2020-12-18,,27in 4K gaming monitor,891b,485.93,website,direct,desktop,GB,2020,2020-12,2020-12-17,2020-12-14/2020-12-20,2020Q4,2020,2020-12,2020-12-18,2020-12-14/2020-12-20,2020Q4
bd1834e2,38e16af8fb180035,2020-12-09 00:00:00,2020-12-10,11/28/2022,Nintendo Switch,e682,152.04,website,direct,desktop,CA,2020,2020-12,2020-12-09,2020-12-07/2020-12-13,2020Q4,2020,2020-12,2020-12-10,2020-12-07/2020-12-13,2020Q4
bd1834e2,38e16af8fb180036,2020-12-09 00:00:00,2020-12-10,11/28/2022,Nintendo Switch,e682,152.04,website,direct,desktop,CA,2020,2020-12,2020-12-09,2020-12-07/2020-12-13,2020Q4,2020,2020-12,2020-12-10,2020-12-07/2020-12-13,2020Q4
748a4941,3911554cb0550003,2020-12-29 00:00:00,2021-01-01,,27in 4K gaming monitor,891b,439.2,website,direct,desktop,DE,2020,2020-12,2020-12-29,2020-12-28/2021-01-03,2020Q4,2021,2021-01,2021-01-01,2020-12-28/2021-01-03,2021Q1
c4d20035,391e2b6f5b783298,2020-12-08 00:00:00,2020-12-11,,27in 4K gaming monitor,891b,367.82,website,direct,desktop,US,2020,2020-12,2020-12-08,2020-12-07/2020-12-13,2020Q4,2020,2020-12,2020-12-11,2020-12-07/2020-12-13,2020Q4
0baba90e,393b9b46c717796,2020-12-22 00:00:00,2020-12-24,,27in 4K gaming monitor,891b,480.0,website,direct,desktop,US,2020,2020-12,2020-12-22,2020-12-21/2020-12-27,2020Q4,2020,2020-12,2020-12-24,2020-12-21/2020-12-27,2020Q4
75f6c6b7,395a0b0ed6850568,2020-12-06 00:00:00,2020-12-07,,27in 4K gaming monitor,891b,480.0,website,direct,desktop,US,2020,2020-12,2020-12-06,2020-11-30/2020-12-06,2020Q4,2020,2020-12,2020-12-07,2020-12-07/2020-12-13,2020Q4
ad175bc2,3960f67f90973328,2020-01-29 00:00:00,2020-02-01,,Nintendo Switch,e682,168.0,website,direct,desktop,US,2020,2020-01,2020-01-29,2020-01-27/2020-02-02,2020Q1,2020,2020-02,2020-02-01,2020-01-27/2020-02-02,2020Q1
5f73f551,39691ccfe3e41564,2020-12-23 00:00:00,2020-12-24,,JBL Quantum 100 Gaming Headset,ab0f,24.0,website,direct,desktop,CL,2020,2020-12,2020-12-23,2020-12-21/2020-12-27,2020Q4,2020,2020-12,2020-12-24,2020-12-21/2020-12-27,2020Q4
27307039,3993036f171731,2020-12-20 00:00:00,2020-12-22,,27in 4K gaming monitor,e7e6,456.38,website,direct,desktop,JP,2020,2020-12,2020-12-20,2020-12-14/2020-12-20,2020Q4,2020,2020-12,2020-12-22,2020-12-21/2020-12-27,2020Q4
34ed506b,39a3ee0d4ea24461,2020-12-02 00:00:00,2020-12-05,3/9/2024,27in 4K gaming monitor,891b,499.14,website,direct,desktop,GB,2020,2020-12,2020-12-02,2020-11-30/2020-12-06,2020Q4,2020,2020-12,2020-12-05,2020-11-30/2020-12-06,2020Q4
8569b029,39ec33d63c756754,2020-12-20 00:00:00,2020-12-21,,Nintendo Switch,e682,168.0,website,direct,desktop,US,2020,2020-12,2020-12-20,2020-12-14/2020-12-20,2020Q4,2020,2020-12,2020-12-21,2020-12-21/2020-12-27,2020Q4
09c4b0f0,39fec170b257025,2020-12-21 00:00:00,2020-12-22,,JBL Quantum 100 Gaming Headset,8315,23.66,mobile app,email,desktop,US,2020,2020-12,2020-12-21,2020-12-21/2020-12-27,2020Q4,2020,2020-12,2020-12-22,2020-12-21/2020-12-27,2020Q4
6ea19caf,3a27ae0588f47722,2020-12-19 00:00:00,2020-12-21,,JBL Quantum 100 Gaming Headset,ab0f,24.0,website,direct,desktop,US,2020,2020-12,2020-12-19,2020-12-14/2020-12-20,2020Q4,2020,2020-12,2020-12-21,2020-12-21/2020-12-27,2020Q4
e9a1f005,3a525c4f2be98676,2020-01-28 00:00:00,2020-01-29,,Nintendo Switch,8d0d,168.0,website,direct,desktop,HK,2020,2020-01,2020-01-28,2020-01-27/2020-02-02,2020Q1,2020,2020-01,2020-01-29,2020-01-27/2020-02-02,2020Q1
c6dee047,3a9ca1b383a84123,2020-12-11 00:00:00,2020-12-14,,27in 4K gaming monitor,891b,366.89,website,direct,desktop,PL,2020,2020-12,2020-12-11,2020-12-07/2020-12-13,2020Q4,2020,2020-12,2020-12-14,2020-12-14/2020-12-20,2020Q4
02ccd047,3aa6e15b7324330,2020-01-28 00:00:00,2020-01-31,,Nintendo Switch,8d0d,168.0,website,direct,desktop,US,2020,2020-01,2020-01-28,2020-01-27/2020-02-02,2020Q1,2020,2020-01,2020-01-31,2020-01-27/2020-02-02,2020Q1
4014f7a2,3b34b8cd27b29034,2020-12-18 00:00:00,2020-12-21,,27in 4K gaming monitor,e7e6,490.89,website,direct,desktop,GB,2020,2020-12,2020-12-18,2020-12-14/2020-12-20,2020Q4,2020,2020-12,2020-12-21,2020-12-21/2020-12-27,2020Q4
277a1a46,3b779104b2218988,2020-12-22 00:00:00,2020-12-23,12/24/2022,Nintendo Switch,e682,168.0,website,direct,desktop,US,2020,2020-12,2020-12-22,2020-12-21/2020-12-27,2020Q4,2020,2020-12,2020-12-23,2020-12-21/2020-12-27,2020Q4
277a1a46,3b779104b2218990,2020-12-22 00:00:00,2020-12-23,12/24/2022,Nintendo Switch,e682,168.0,website,direct,desktop,US,2020,2020-12,2020-12-22,2020-12-21/2020-12-27,2020Q4,2020,2020-12,2020-12-23,2020-12-21/2020-12-27,2020Q4
7a208e78,3b832813f1652184,2020-12-24 00:00:00,2020-12-26,,JBL Quantum 100 Gaming Headset,4c58,23.98,mobile app,direct,desktop,US,2020,2020-12,2020-12-24,2020-12-21/2020-12-27,2020Q4,2020,2020-12,2020-12-26,2020-12-21/2020-12-27,2020Q4
71d0b6a4,3ba8999899648914,2020-12-19 00:00:00,2020-12-22,,27in 4K gaming monitor,e7e6,438.79,website,direct,desktop,AU,2020,2020-12,2020-12-19,2020-12-14/2020-12-20,2020Q4,2020,2020-12,2020-12-22,2020-12-21/2020-12-27,2020Q4
9802d3a5,3bc2e6bda0264358,2020-12-12 00:00:00,2020-12-14,,Nintendo Switch,e682,168.0,website,direct,desktop,US,2020,2020-12,2020-12-12,2020-12-07/2020-12-13,2020Q4,2020,2020-12,2020-12-14,2020-12-14/2020-12-20,2020Q4
03a3ce5e,3bc6cc8dae74634,2020-12-12 00:00:00,2020-12-15,,Nintendo Switch,e682,164.88,website,direct,desktop,DE,2020,2020-12,2020-12-12,2020-12-07/2020-12-13,2020Q4,2020,2020-12,2020-12-15,2020-12-14/2020-12-20,2020Q4
34b032ce,3bcb7567a5b24362,2020-12-27 00:00:00,2020-12-30,,27in 4K gaming monitor,891b,414.69,website,direct,desktop,DE,2020,2020-12,2020-12-27,2020-12-21/2020-12-27,2020Q4,2020,2020-12,2020-12-30,2020-12-28/2021-01-03,2020Q4
5120f9d1,3ca58faf58235908,2020-12-19 00:00:00,2020-12-21,,JBL Quantum 100 Gaming Headset,8315,23.56,mobile app,email,desktop,IL,2020,2020-12,2020-12-19,2020-12-14/2020-12-20,2020Q4,2020,2020-12,2020-12-21,2020-12-21/2020-12-27,2020Q4
9088c211,3ce34d1313261295,2020-12-01 00:00:00,2020-12-03,,Nintendo Switch,8d0d,168.0,website,direct,desktop,US,2020,2020-12,2020-12-01,2020-11-30/2020-12-06,2020Q4,2020,2020-12,2020-12-03,2020-11-30/2020-12-06,2020Q4
e978d1c9,3d004c97de898609,2020-01-19 00:00:00,2020-01-22,,27in 4K gaming monitor,e7e6,480.0,website,direct,desktop,US,2020,2020-01,2020-01-19,2020-01-13/2020-01-19,2020Q1,2020,2020-01,2020-01-22,2020-01-20/2020-01-26,2020Q1
c3d610f3,3d86364324c82937,2020-12-20 00:00:00,2020-12-22,6/3/2022,27in 4K gaming monitor,891b,408.0,website,direct,desktop,US,2020,2020-12,2020-12-20,2020-12-14/2020-12-20,2020Q4,2020,2020-12,2020-12-22,2020-12-21/2020-12-27,2020Q4
c3d610f3,3d86364324c82939,2020-12-20 00:00:00,2020-12-22,,27in 4K gaming monitor,891b,408.0,website,direct,desktop,US,2020,2020-12,2020-12-20,2020-12-14/2020-12-20,2020Q4,2020,2020-12,2020-12-22,2020-12-21/2020-12-27,2020Q4
b428f4fd,3d9dde289b576364,2020-01-27 00:00:00,2020-01-30,,JBL Quantum 100 Gaming Headset,ab0f,21.55,website,direct,desktop,DE,2020,2020-01,2020-01-27,2020-01-27/2020-02-02,2020Q1,2020,2020-01,2020-01-30,2020-01-27/2020-02-02,2020Q1
9c0b3261,3dce54ed4fd66002,2020-12-10 00:00:00,2020-12-13,,Nintendo Switch,e682,168.0,website,direct,desktop,IN,2020,2020-12,2020-12-10,2020-12-07/2020-12-13,2020Q4,2020,2020-12,2020-12-13,2020-12-07/2020-12-13,2020Q4
6872c89b,3e1ccdc368b45078,2020-12-15 00:00:00,2020-12-18,,Nintendo Switch,8d0d,168.0,website,email,desktop,US,2020,2020-12,2020-12-15,2020-12-14/2020-12-20,2020Q4,2020,2020-12,2020-12-18,2020-12-14/2020-12-20,2020Q4
142e61cc,3e3dd74f21011254,2020-12-20 00:00:00,2020-12-23,10/2/2021,Nintendo Switch,e682,168.0,website,direct,desktop,US,2020,2020-12,2020-12-20,2020-12-14/2020-12-20,2020Q4,2020,2020-12,2020-12-23,2020-12-21/2020-12-27,2020Q4
142e61cc,3e3dd74f21011255,2020-12-20 00:00:00,2020-12-23,,Nintendo Switch,e682,168.0,website,direct,desktop,US,2020,2020-12,2020-12-20,2020-12-14/2020-12-20,2020Q4,2020,2020-12,2020-12-23,2020-12-21/2020-12-27,2020Q4
f334183d,3e4a4b358ee102794,2020-12-06 00:00:00,2020-12-07,,JBL Quantum 100 Gaming Headset,8315,23.46,mobile app,direct,desktop,TH,2020,2020-12,2020-12-06,2020-11-30/2020-12-06,2020Q4,2020,2020-12,2020-12-07,2020-12-07/2020-12-13,2020Q4
7b9443a2,3e53cfca97052807,2020-01-27 00:00:00,2020-01-30,,Nintendo Switch,e682,175.31,website,direct,desktop,RU,2020,2020-01,2020-01-27,2020-01-27/2020-02-02,2020Q1,2020,2020-01,2020-01-30,2020-01-27/2020-02-02,2020Q1
c207ce98,3e6554648be82119,2020-12-03 00:00:00,2020-12-06,,27in 4K gaming monitor,891b,480.0,website,direct,desktop,US,2020,2020-12,2020-12-03,2020-11-30/2020-12-06,2020Q4,2020,2020-12,2020-12-06,2020-11-30/2020-12-06,2020Q4
1990f512,3ea58a1813113372,2020-12-23 00:00:00,2020-12-26,,JBL Quantum 100 Gaming Headset,ab0f,19.2,website,direct,desktop,US,2020,2020-12,2020-12-23,2020-12-21/2020-12-27,2020Q4,2020,2020-12,2020-12-26,2020-12-21/2020-12-27,2020Q4
a7164c5a,3edd94f35dc70792,2020-12-01 00:00:00,2020-12-02,,Lenovo IdeaPad Gaming 3,04ac,898.5,website,direct,desktop,US,2020,2020-12,2020-12-01,2020-11-30/2020-12-06,2020Q4,2020,2020-12,2020-12-02,2020-11-30/2020-12-06,2020Q4
51fbecca,3f0583259de36193,2020-01-25 00:00:00,2020-01-27,,JBL Quantum 100 Gaming Headset,ab0f,24.0,website,direct,desktop,AE,2020,2020-01,2020-01-25,2020-01-20/2020-01-26,2020Q1,2020,2020-01,2020-01-27,2020-01-27/2020-02-02,2020Q1
ec837f74,3f31a63696e99922,2020-12-24 00:00:00,2020-12-27,,JBL Quantum 100 Gaming Headset,4db1,23.98,mobile app,email,desktop,US,2020,2020-12,2020-12-24,2020-12-21/2020-12-27,2020Q4,2020,2020-12,2020-12-27,2020-12-21/2020-12-27,2020Q4
9579426c,3f8ce8b8a0763368,2020-12-11 00:00:00,2020-12-12,,Nintendo Switch,e682,181.02,website,direct,desktop,GB,2020,2020-12,2020-12-11,2020-12-07/2020-12-13,2020Q4,2020,2020-12,2020-12-12,2020-12-07/2020-12-13,2020Q4
93ac245a,3f97ec0a57262612,2020-12-20 00:00:00,2020-12-21,12/12/2021,Nintendo Switch,e682,168.0,website,email,desktop,US,2020,2020-12,2020-12-20,2020-12-14/2020-12-20,2020Q4,2020,2020-12,2020-12-21,2020-12-21/2020-12-27,2020Q4
5540531a,3fa757805b937515,2020-01-29 00:00:00,2020-02-01,,JBL Quantum 100 Gaming Headset,ab0f,25.49,website,direct,desktop,GB,2020,2020-01,2020-01-29,2020-01-27/2020-02-02,2020Q1,2020,2020-02,2020-02-01,2020-01-27/2020-02-02,2020Q1
57cf0952,3faa78f520238471,2020-12-23 00:00:00,2020-12-24,,Nintendo Switch,e682,168.0,website,direct,desktop,US,2020,2020-12,2020-12-23,2020-12-21/2020-12-27,2020Q4,2020,2020-12,2020-12-24,2020-12-21/2020-12-27,2020Q4
4db5080e,3fb9c8c454b34514,2020-12-19 00:00:00,2020-12-22,,Nintendo Switch,8d0d,164.88,website,direct,desktop,DE,2020,2020-12,2020-12-19,2020-12-14/2020-12-20,2020Q4,2020,2020-12,2020-12-22,2020-12-21/2020-12-27,2020Q4
0b6c3e85,3fbd48310ba7700,2020-12-14 00:00:00,2020-12-16,,Nintendo Switch,e682,168.0,website,direct,desktop,US,2020,2020-12,2020-12-14,2020-12-14/2020-12-20,2020Q4,2020,2020-12,2020-12-16,2020-12-14/2020-12-20,2020Q4
5cf78fab,3fd28c66ee840567,2020-12-21 00:00:00,2020-12-24,,JBL Quantum 100 Gaming Headset,ab0f,23.83,website,direct,desktop,FR,2020,2020-12,2020-12-21,2020-12-21/2020-12-27,2020Q4,2020,2020-12,2020-12-24,2020-12-21/2020-12-27,2020Q4
783c6aaf,3fe3956ac5b51444,2020-12-22 00:00:00,2020-12-23,,27in 4K gaming monitor,e7e6,450.37,website,direct,desktop,DE,2020,2020-12,2020-12-22,2020-12-21/2020-12-27,2020Q4,2020,2020-12,2020-12-23,2020-12-21/2020-12-27,2020Q4
e489aad4,3fe3ab35b5a96523,2020-01-27 00:00:00,2020-01-30,,Nintendo Switch,e682,168.0,website,direct,desktop,US,2020,2020-01,2020-01-27,2020-01-27/2020-02-02,2020Q1,2020,2020-01,2020-01-30,2020-01-27/2020-02-02,2020Q1
247353c9,40099df4b3817719,2020-12-19 00:00:00,2020-12-21,3/1/2023,Nintendo Switch,e682,168.0,website,direct,desktop,US,2020,2020-12,2020-12-19,2020-12-14/2020-12-20,2020Q4,2020,2020-12,2020-12-21,2020-12-21/2020-12-27,2020Q4
e661037e,40248bd574c97314,2020-12-01 00:00:00,2020-12-03,,27in 4K gaming monitor,891b,337.78,website,direct,desktop,IE,2020,2020-12,2020-12-01,2020-11-30/2020-12-06,2020Q4,2020,2020-12,2020-12-03,2020-11-30/2020-12-06,2020Q4
1040e620,40447b2b8309695,2020-12-23 00:00:00,2020-12-25,,Dell Gaming Mouse,8d4f,59.52,mobile app,direct,desktop,CH,2020,2020-12,2020-12-23,2020-12-21/2020-12-27,2020Q4,2020,2020-12,2020-12-25,2020-12-21/2020-12-27,2020Q4
c4b90486,40944731b9d83271,2020-12-14 00:00:00,2020-12-15,,JBL Quantum 100 Gaming Headset,8315,23.5,mobile app,email,desktop,US,2020,2020-12,2020-12-14,2020-12-14/2020-12-20,2020Q4,2020,2020-12,2020-12-15,2020-12-14/2020-12-20,2020Q4
45ba81a2,40b1f8d226a31275,2020-12-25 00:00:00,2020-12-26,7/9/2024,Nintendo Switch,e682,154.75,website,direct,desktop,CA,2020,2020-12,2020-12-25,2020-12-21/2020-12-27,2020Q4,2020,2020-12,2020-12-26,2020-12-21/2020-12-27,2020Q4
45ba81a2,40b1f8d226a31276,2020-12-25 00:00:00,2020-12-26,,Nintendo Switch,e682,154.75,website,direct,desktop,CA,2020,2020-12,2020-12-25,2020-12-21/2020-12-27,2020Q4,2020,2020-12,2020-12-26,2020-12-21/2020-12-27,2020Q4
3c9fd6f3,40bc6aed33b27558,2020-12-20 00:00:00,2020-12-21,,Nintendo Switch,8d0d,152.33,website,email,desktop,GB,2020,2020-12,2020-12-20,2020-12-14/2020-12-20,2020Q4,2020,2020-12,2020-12-21,2020-12-21/2020-12-27,2020Q4
05b7c8a1,40c1483aeb15454,2020-12-27 00:00:00,2020-12-29,,Acer Nitro V Gaming Laptop,22ea,798.0,website,organic,,US,2020,2020-12,2020-12-27,2020-12-21/2020-12-27,2020Q4,2020,2020-12,2020-12-29,2020-12-28/2021-01-03,2020Q4
2536fc88,40df2d259bb18043,2020-12-23 00:00:00,2020-12-25,12/12/2024,Nintendo Switch,e682,160.34,website,direct,desktop,MT,2020,2020-12,2020-12-23,2020-12-21/2020-12-27,2020Q4,2020,2020-12,2020-12-25,2020-12-21/2020-12-27,2020Q4
2536fc88,40df2d259bb18045,2020-12-23 00:00:00,2020-12-25,9/10/2022,Nintendo Switch,e682,160.34,website,direct,desktop,MT,2020,2020-12,2020-12-23,2020-12-21/2020-12-27,2020Q4,2020,2020-12,2020-12-25,2020-12-21/2020-12-27,2020Q4
17c35ef0,40e9fda604d12654,2020-12-12 00:00:00,2020-12-15,,Dell Gaming Mouse,8d4f,49.98,mobile app,direct,desktop,US,2020,2020-12,2020-12-12,2020-12-07/2020-12-13,2020Q4,2020,2020-12,2020-12-15,2020-12-14/2020-12-20,2020Q4
baec0ae7,4197360864279169,2020-12-20 00:00:00,2020-12-22,,Sony PlayStation 5 Bundle,54ed,1798.79,website,direct,desktop,CH,2020,2020-12,2020-12-20,2020-12-14/2020-12-20,2020Q4,2020,2020-12,2020-12-22,2020-12-21/2020-12-27,2020Q4
d6d2a3b2,41ffe91ece290731,2020-12-04 00:00:00,2020-12-06,,Sony PlayStation 5 Bundle,54ed,1100.28,website,direct,desktop,MX,2020,2020-12,2020-12-04,2020-11-30/2020-12-06,2020Q4,2020,2020-12,2020-12-06,2020-11-30/2020-12-06,2020Q4
f619f8bb,424c28837c6103971,2020-01-30 00:00:00,2020-02-01,,Nintendo Switch,8d0d,150.53,website,direct,desktop,FR,2020,2020-01,2020-01-30,2020-01-27/2020-02-02,2020Q1,2020,2020-02,2020-02-01,2020-01-27/2020-02-02,2020Q1
68a44e82,42755ac8eee45161,2020-12-09 00:00:00,2020-12-12,11/7/2022,Dell Gaming Mouse,8d4f,49.98,mobile app,email,desktop,US,2020,2020-12,2020-12-09,2020-12-07/2020-12-13,2020Q4,2020,2020-12,2020-12-12,2020-12-07/2020-12-13,2020Q4
7ad570ff,42a6128744352479,2020-12-01 00:00:00,2020-12-04,7/19/2021,Nintendo Switch,e682,168.0,website,direct,desktop,US,2020,2020-12,2020-12-01,2020-11-30/2020-12-06,2020Q4,2020,2020-12,2020-12-04,2020-11-30/2020-12-06,2020Q4
b8030f65,42c0f43c32577956,2020-01-20 00:00:00,2020-01-22,,JBL Quantum 100 Gaming Headset,8315,22.88,mobile app,direct,desktop,CO,2020,2020-01,2020-01-20,2020-01-20/2020-01-26,2020Q1,2020,2020-01,2020-01-22,2020-01-20/2020-01-26,2020Q1
c7394cd3,431268a265684266,2020-12-04 00:00:00,2020-12-07,,JBL Quantum 100 Gaming Headset,ab0f,23.1,website,email,desktop,IL,2020,2020-12,2020-12-04,2020-11-30/2020-12-06,2020Q4,2020,2020-12,2020-12-07,2020-12-07/2020-12-13,2020Q4
c7394cd3,431268a265684267,2020-12-04 00:00:00,2020-12-07,,JBL Quantum 100 Gaming Headset,ab0f,23.1,website,email,desktop,IL,2020,2020-12,2020-12-04,2020-11-30/2020-12-06,2020Q4,2020,2020-12,2020-12-07,2020-12-07/2020-12-13,2020Q4
00dbcf07,436a3fb2cd93516,2020-12-04 00:00:00,2020-12-06,7/17/2025,27in 4K gaming monitor,891b,360.0,website,direct,desktop,US,2020,2020-12,2020-12-04,2020-11-30/2020-12-06,2020Q4,2020,2020-12,2020-12-06,2020-11-30/2020-12-06,2020Q4
7a06a31a,437c52604c552134,2020-12-26 00:00:00,2020-12-28,,Nintendo Switch,e682,168.0,website,direct,desktop,US,2020,2020-12,2020-12-26,2020-12-21/2020-12-27,2020Q4,2020,2020-12,2020-12-28,2020-12-28/2021-01-03,2020Q4
7a06a31a,437c52604c552135,2020-12-26 00:00:00,2020-12-28,,Nintendo Switch,e682,168.0,website,direct,desktop,US,2020,2020-12,2020-12-26,2020-12-21/2020-12-27,2020Q4,2020,2020-12,2020-12-28,2020-12-28/2021-01-03,2020Q4
1f066df0,43b7a88e8e215692,2020-01-25 00:00:00,2020-01-26,,JBL Quantum 100 Gaming Headset,ab0f,24.0,website,direct,desktop,US,2020,2020-01,2020-01-25,2020-01-20/2020-01-26,2020Q1,2020,2020-01,2020-01-26,2020-01-20/2020-01-26,2020Q1
2751ae16,43dad90788518929,2020-12-20 00:00:00,2020-12-23,,JBL Quantum 100 Gaming Headset,4db1,13.61,mobile app,email,desktop,GB,2020,2020-12,2020-12-20,2020-12-14/2020-12-20,2020Q4,2020,2020-12,2020-12-23,2020-12-21/2020-12-27,2020Q4
2751ae16,43dad90788518930,2020-12-20 00:00:00,2020-12-23,,JBL Quantum 100 Gaming Headset,4db1,13.61,mobile app,email,desktop,GB,2020,2020-12,2020-12-20,2020-12-14/2020-12-20,2020Q4,2020,2020-12,2020-12-23,2020-12-21/2020-12-27,2020Q4
0113cf6b,43fdf92312f3625,2020-12-25 00:00:00,2020-12-26,3/3/2024,Nintendo Switch,8d0d,140.03,website,direct,desktop,SG,2020,2020-12,2020-12-25,2020-12-21/2020-12-27,2020Q4,2020,2020-12,2020-12-26,2020-12-21/2020-12-27,2020Q4
0113cf6b,43fdf92312f3626,2020-12-25 00:00:00,2020-12-26,,Nintendo Switch,8d0d,140.03,website,direct,desktop,SG,2020,2020-12,2020-12-25,2020-12-21/2020-12-27,2020Q4,2020,2020-12,2020-12-26,2020-12-21/2020-12-27,2020Q4
2fc5bcac,44319a00d2c22419,2020-12-20 00:00:00,2020-12-23,,27in 4K gaming monitor,891b,404.97,website,direct,desktop,PL,2020,2020-12,2020-12-20,2020-12-14/2020-12-20,2020Q4,2020,2020-12,2020-12-23,2020-12-21/2020-12-27,2020Q4
2fc5bcac,44319a00d2c22420,2020-12-20 00:00:00,2020-12-23,,27in 4K gaming monitor,891b,404.97,website,direct,desktop,PL,2020,2020-12,2020-12-20,2020-12-14/2020-12-20,2020Q4,2020,2020-12,2020-12-23,2020-12-21/2020-12-27,2020Q4
52038408,4437e6a3d901366,2020-01-26 00:00:00,2020-01-28,,Nintendo Switch,8d0d,168.0,website,direct,desktop,US,2020,2020-01,2020-01-26,2020-01-20/2020-01-26,2020Q1,2020,2020-01,2020-01-28,2020-01-27/2020-02-02,2020Q1
b7ca61eb,4444c894c4677850,2020-12-08 00:00:00,2020-12-11,12/3/2022,27in 4K gaming monitor,e7e6,480.0,website,direct,desktop,BR,2020,2020-12,2020-12-08,2020-12-07/2020-12-13,2020Q4,2020,2020-12,2020-12-11,2020-12-07/2020-12-13,2020Q4
b331d646,44a55feec8075934,2020-12-17 00:00:00,2020-12-18,3/18/2025,Nintendo Switch,8d0d,152.04,website,direct,desktop,CA,2020,2020-12,2020-12-17,2020-12-14/2020-12-20,2020Q4,2020,2020-12,2020-12-18,2020-12-14/2020-12-20,2020Q4
dbb0299e,44d0dfed48092837,2020-12-21 00:00:00,2020-12-24,,Lenovo IdeaPad Gaming 3,04ac,1244.12,website,direct,desktop,GB,2020,2020-12,2020-12-21,2020-12-21/2020-12-27,2020Q4,2020,2020-12,2020-12-24,2020-12-21/2020-12-27,2020Q4
3603dae6,45058f8af1d24884,2020-12-16 00:00:00,2020-12-18,2/24/2023,27in 4K gaming monitor,e7e6,506.46,website,direct,desktop,GB,2020,2020-12,2020-12-16,2020-12-14/2020-12-20,2020Q4,2020,2020-12,2020-12-18,2020-12-14/2020-12-20,2020Q4
22e4bc53,4509821ad8c17137,2020-12-04 00:00:00,2020-12-06,,Lenovo IdeaPad Gaming 3,04ac,1198.0,website,direct,desktop,CZ,2020,2020-12,2020-12-04,2020-11-30/2020-12-06,2020Q4,2020,2020-12,2020-12-06,2020-11-30/2020-12-06,2020Q4
5a01fb0d,4532533367d39337,2020-12-30 00:00:00,2021-01-01,,Dell Gaming Mouse,8d4f,49.98,mobile app,direct,desktop,US,2020,2020-12,2020-12-30,2020-12-28/2021-01-03,2020Q4,2021,2021-01,2021-01-01,2020-12-28/2021-01-03,2021Q1
0ebeb49a,45a13ebb1cc9056,2020-12-31 00:00:00,2021-01-02,,Nintendo Switch,e682,156.24,website,direct,desktop,CA,2020,2020-12,2020-12-31,2020-12-28/2021-01-03,2020Q4,2021,2021-01,2021-01-02,2020-12-28/2021-01-03,2021Q1
254b78ae,45f2643ff6518066,2020-01-24 00:00:00,2020-01-27,,Sony PlayStation 5 Bundle,54ed,1800.0,website,direct,desktop,US,2020,2020-01,2020-01-24,2020-01-20/2020-01-26,2020Q1,2020,2020-01,2020-01-27,2020-01-27/2020-02-02,2020Q1
1e857f10,46287d5343515502,2020-01-20 00:00:00,2020-01-23,,Nintendo Switch,8d0d,132.03,website,direct,desktop,AU,2020,2020-01,2020-01-20,2020-01-20/2020-01-26,2020Q1,2020,2020-01,2020-01-23,2020-01-20/2020-01-26,2020Q1
d7bd3858,463d0c5e6bd91146,2020-01-22 00:00:00,2020-01-24,,Nintendo Switch,e682,130.09,website,social media,tablet,SG,2020,2020-01,2020-01-22,2020-01-20/2020-01-26,2020Q1,2020,2020-01,2020-01-24,2020-01-20/2020-01-26,2020Q1
88efc6dc,46845971aa058176,2020-01-31 00:00:00,2020-02-01,,JBL Quantum 100 Gaming Headset,ab0f,24.0,website,direct,desktop,US,2020,2020-01,2020-01-31,2020-01-27/2020-02-02,2020Q1,2020,2020-02,2020-02-01,2020-01-27/2020-02-02,2020Q1
19af8df8,468d67f5fe513420,2020-12-27 00:00:00,2020-12-28,,Sony PlayStation 5 Bundle,54ed,1951.75,website,direct,desktop,NL,2020,2020-12,2020-12-27,2020-12-21/2020-12-27,2020Q4,2020,2020-12,2020-12-28,2020-12-28/2021-01-03,2020Q4
b3094af9,46a08a8647c75858,2020-12-22 00:00:00,2020-12-25,,Dell Gaming Mouse,8d4f,49.98,mobile app,email,desktop,PH,2020,2020-12,2020-12-22,2020-12-21/2020-12-27,2020Q4,2020,2020-12,2020-12-25,2020-12-21/2020-12-27,2020Q4
073530ae,46a9d7ff7286013,2020-12-08 00:00:00,2020-12-11,,Nintendo Switch,e682,168.0,website,direct,desktop,US,2020,2020-12,2020-12-08,2020-12-07/2020-12-13,2020Q4,2020,2020-12,2020-12-11,2020-12-07/2020-12-13,2020Q4
05b6ed71,46c92e11de85453,2020-12-20 00:00:00,2020-12-21,,Nintendo Switch,8d0d,164.42,website,direct,desktop,FR,2020,2020-12,2020-12-20,2020-12-14/2020-12-20,2020Q4,2020,2020-12,2020-12-21,2020-12-21/2020-12-27,2020Q4
93e89fd9,46d0eb28d2c62705,2020-12-18 00:00:00,2020-12-19,12/28/2022,Nintendo Switch,e682,168.0,website,direct,desktop,US,2020,2020-12,2020-12-18,2020-12-14/2020-12-20,2020Q4,2020,2020-12,2020-12-19,2020-12-14/2020-12-20,2020Q4
93e89fd9,46d0eb28d2c62706,2020-12-18 00:00:00,2020-12-19,12/28/2022,Nintendo Switch,e682,168.0,website,direct,desktop,US,2020,2020-12,2020-12-18,2020-12-14/2020-12-20,2020Q4,2020,2020-12,2020-12-19,2020-12-14/2020-12-20,2020Q4
143f0806,470737d5fb611280,2020-12-14 00:00:00,2020-12-17,,Nintendo Switch,e682,164.42,website,direct,desktop,NL,2020,2020-12,2020-12-14,2020-12-14/2020-12-20,2020Q4,2020,2020-12,2020-12-17,2020-12-14/2020-12-20,2020Q4
143f0806,470737d5fb611281,2020-12-14 00:00:00,2020-12-17,,Nintendo Switch,e682,164.42,website,direct,desktop,NL,2020,2020-12,2020-12-14,2020-12-14/2020-12-20,2020Q4,2020,2020-12,2020-12-17,2020-12-14/2020-12-20,2020Q4
07dc2d98,4737280e3b26281,2020-12-13 00:00:00,2020-12-16,,27in 4K gaming monitor,891b,480.0,website,direct,desktop,US,2020,2020-12,2020-12-13,2020-12-07/2020-12-13,2020Q4,2020,2020-12,2020-12-16,2020-12-14/2020-12-20,2020Q4
96421617,475b27c1d902545,2020-12-31 00:00:00,2021-01-02,,Nintendo Switch,8d0d,168.0,website,direct,desktop,BR,2020,2020-12,2020-12-31,2020-12-28/2021-01-03,2020Q4,2021,2021-01,2021-01-02,2020-12-28/2021-01-03,2021Q1
9067c2a9,475dd79a88d61256,2020-12-21 00:00:00,2020-12-24,,Nintendo Switch,8d0d,164.88,website,direct,desktop,NL,2020,2020-12,2020-12-21,2020-12-21/2020-12-27,2020Q4,2020,2020-12,2020-12-24,2020-12-21/2020-12-27,2020Q4
811d828a,4779cec190f55097,2020-12-24 00:00:00,2020-12-26,,JBL Quantum 100 Gaming Headset,ab0f,24.0,website,email,desktop,US,2020,2020-12,2020-12-24,2020-12-21/2020-12-27,2020Q4,2020,2020-12,2020-12-26,2020-12-21/2020-12-27,2020Q4
f4e4fa1f,47e0c339d9b103512,2020-12-18 00:00:00,2020-12-21,12/26/2022,27in 4K gaming monitor,891b,480.0,website,direct,desktop,AL,2020,2020-12,2020-12-18,2020-12-14/2020-12-20,2020Q4,2020,2020-12,2020-12-21,2020-12-21/2020-12-27,2020Q4
f4e4fa1f,47e0c339d9b103513,2020-12-18 00:00:00,2020-12-21,12/26/2022,27in 4K gaming monitor,891b,480.0,website,direct,desktop,AL,2020,2020-12,2020-12-18,2020-12-14/2020-12-20,2020Q4,2020,2020-12,2020-12-21,2020-12-21/2020-12-27,2020Q4
b6f55561,482e97c68ed77529,2020-12-02 00:00:00,2020-12-04,11/13/2024,Nintendo Switch,e682,168.0,website,direct,desktop,US,2020,2020-12,2020-12-02,2020-11-30/2020-12-06,2020Q4,2020,2020-12,2020-12-04,2020-11-30/2020-12-06,2020Q4
20099f4e,488b6769d6716095,2020-12-13 00:00:00,2020-12-15,,27in 4K gaming monitor,891b,433.54,website,direct,desktop,CA,2020,2020-12,2020-12-13,2020-12-07/2020-12-13,2020Q4,2020,2020-12,2020-12-15,2020-12-14/2020-12-20,2020Q4
934b7a18,488e8495ae162496,2020-12-21 00:00:00,2020-12-23,3/27/2022,Nintendo Switch,e682,164.88,website,direct,desktop,DE,2020,2020-12,2020-12-21,2020-12-21/2020-12-27,2020Q4,2020,2020-12,2020-12-23,2020-12-21/2020-12-27,2020Q4
88f48f93,48aa7f1295858185,2020-12-19 00:00:00,2020-12-22,,Lenovo IdeaPad Gaming 3,04ac,1163.09,website,direct,desktop,IL,2020,2020-12,2020-12-19,2020-12-14/2020-12-20,2020Q4,2020,2020-12,2020-12-22,2020-12-21/2020-12-27,2020Q4
d6a32d9d,48c287de65b90657,2020-01-29 00:00:00,2020-02-01,,27in 4K gaming monitor,891b,394.01,website,direct,desktop,DE,2020,2020-01,2020-01-29,2020-01-27/2020-02-02,2020Q1,2020,2020-02,2020-02-01,2020-01-27/2020-02-02,2020Q1
807a2b02,48e26afc23e54842,2020-12-09 00:00:00,2020-12-10,,Sony PlayStation 5 Bundle,54ed,1800.0,website,direct,desktop,US,2020,2020-12,2020-12-09,2020-12-07/2020-12-13,2020Q4,2020,2020-12,2020-12-10,2020-12-07/2020-12-13,2020Q4
f9f4bd75,48e6d0f409b105615,2020-12-17 00:00:00,2020-12-20,,27in 4K gaming monitor,e7e6,450.37,website,direct,desktop,FR,2020,2020-12,2020-12-17,2020-12-14/2020-12-20,2020Q4,2020,2020-12,2020-12-20,2020-12-14/2020-12-20,2020Q4
f9f4bd75,48e6d0f409b105616,2020-12-17 00:00:00,2020-12-20,,27in 4K gaming monitor,e7e6,450.37,website,direct,desktop,FR,2020,2020-12,2020-12-17,2020-12-14/2020-12-20,2020Q4,2020,2020-12,2020-12-20,2020-12-14/2020-12-20,2020Q4
9caaefbd,48edd355b7366242,2020-12-17 00:00:00,2020-12-19,,27in 4K gaming monitor,891b,388.38,website,direct,desktop,IT,2020,2020-12,2020-12-17,2020-12-14/2020-12-20,2020Q4,2020,2020-12,2020-12-19,2020-12-14/2020-12-20,2020Q4
7a4cb737,48eeaed2cbb52257,2020-12-22 00:00:00,2020-12-24,,Dell Gaming Mouse,8d4f,49.98,mobile app,direct,desktop,US,2020,2020-12,2020-12-22,2020-12-21/2020-12-27,2020Q4,2020,2020-12,2020-12-24,2020-12-21/2020-12-27,2020Q4
7ec070a2,491f170a3c654128,2020-12-29 00:00:00,2020-12-30,,Lenovo IdeaPad Gaming 3,9ef0,1198.0,website,direct,desktop,IN,2020,2020-12,2020-12-29,2020-12-28/2021-01-03,2020Q4,2020,2020-12,2020-12-30,2020-12-28/2021-01-03,2020Q4
7ec070a2,491f170a3c654129,2020-12-29 00:00:00,2020-12-30,,Lenovo IdeaPad Gaming 3,9ef0,1198.0,website,direct,desktop,IN,2020,2020-12,2020-12-29,2020-12-28/2021-01-03,2020Q4,2020,2020-12,2020-12-30,2020-12-28/2021-01-03,2020Q4
851b6a39,4975611f5f656623,2020-12-18 00:00:00,2020-12-20,,Dell Gaming Mouse,8d4f,49.98,mobile app,direct,desktop,US,2020,2020-12,2020-12-18,2020-12-14/2020-12-20,2020Q4,2020,2020-12,2020-12-20,2020-12-14/2020-12-20,2020Q4
851b6a39,4975611f5f656624,2020-12-18 00:00:00,2020-12-20,,Dell Gaming Mouse,8d4f,49.98,mobile app,direct,desktop,US,2020,2020-12,2020-12-18,2020-12-14/2020-12-20,2020Q4,2020,2020-12,2020-12-20,2020-12-14/2020-12-20,2020Q4
4f1538cb,4978c76b85e35078,2020-12-22 00:00:00,2020-12-24,,JBL Quantum 100 Gaming Headset,2997,24.0,mobile app,email,desktop,GL,2020,2020-12,2020-12-22,2020-12-21/2020-12-27,2020Q4,2020,2020-12,2020-12-24,2020-12-21/2020-12-27,2020Q4
4f1538cb,4978c76b85e35079,2020-12-22 00:00:00,2020-12-24,,JBL Quantum 100 Gaming Headset,2997,24.0,mobile app,email,desktop,GL,2020,2020-12,2020-12-22,2020-12-21/2020-12-27,2020Q4,2020,2020-12,2020-12-24,2020-12-21/2020-12-27,2020Q4
587f26d4,498cc0031c338719,2020-12-29 00:00:00,2020-12-31,,Nintendo Switch,8d0d,168.0,website,direct,desktop,US,2020,2020-12,2020-12-29,2020-12-28/2021-01-03,2020Q4,2020,2020-12,2020-12-31,2020-12-28/2021-01-03,2020Q4
3e5679ec,4a033fd55e628265,2020-01-21 00:00:00,2020-01-22,,Nintendo Switch,e682,168.0,website,social media,tablet,US,2020,2020-01,2020-01-21,2020-01-20/2020-01-26,2020Q1,2020,2020-01,2020-01-22,2020-01-20/2020-01-26,2020Q1
33671c93,4a37c7ae1fc23863,2020-01-29 00:00:00,2020-01-31,,Lenovo IdeaPad Gaming 3,04ac,1198.0,website,direct,desktop,US,2020,2020-01,2020-01-29,2020-01-27/2020-02-02,2020Q1,2020,2020-01,2020-01-31,2020-01-27/2020-02-02,2020Q1
4a451109,4a64b3e196c33043,2020-12-19 00:00:00,2020-12-22,12/5/2022,Nintendo Switch,e682,150.61,website,direct,desktop,CA,2020,2020-12,2020-12-19,2020-12-14/2020-12-20,2020Q4,2020,2020-12,2020-12-22,2020-12-21/2020-12-27,2020Q4
a729847d,4a740588eb870820,2020-12-09 00:00:00,2020-12-11,,Dell Gaming Mouse,8d4f,39.03,mobile app,direct,desktop,BR,2020,2020-12,2020-12-09,2020-12-07/2020-12-13,2020Q4,2020,2020-12,2020-12-11,2020-12-07/2020-12-13,2020Q4
a729847d,4a740588eb870821,2020-12-09 00:00:00,2020-12-11,,Dell Gaming Mouse,8d4f,39.03,mobile app,direct,desktop,BR,2020,2020-12,2020-12-09,2020-12-07/2020-12-13,2020Q4,2020,2020-12,2020-12-11,2020-12-07/2020-12-13,2020Q4
4380f874,4abc92d3f8f30383,2020-12-09 00:00:00,2020-12-11,,27in 4K gaming monitor,891b,480.0,website,direct,desktop,MY,2020,2020-12,2020-12-09,2020-12-07/2020-12-13,2020Q4,2020,2020-12,2020-12-11,2020-12-07/2020-12-13,2020Q4
4380f874,4abc92d3f8f30384,2020-12-09 00:00:00,2020-12-11,1/8/2025,27in 4K gaming monitor,891b,480.0,website,direct,desktop,MY,2020,2020-12,2020-12-09,2020-12-07/2020-12-13,2020Q4,2020,2020-12,2020-12-11,2020-12-07/2020-12-13,2020Q4
98275755,4afe93c7e5a2587,2020-12-01 00:00:00,2020-12-03,11/25/2022,27in 4K gaming monitor,891b,415.96,website,affiliate,unknown,DE,2020,2020-12,2020-12-01,2020-11-30/2020-12-06,2020Q4,2020,2020-12,2020-12-03,2020-11-30/2020-12-06,2020Q4
e6f02491,4b3b81fb61397549,2020-12-26 00:00:00,2020-12-29,12/14/2022,27in 4K gaming monitor,e7e6,480.0,website,direct,desktop,PH,2020,2020-12,2020-12-26,2020-12-21/2020-12-27,2020Q4,2020,2020-12,2020-12-29,2020-12-28/2021-01-03,2020Q4
d6b08973,4b6be61d90990681,2020-12-05 00:00:00,2020-12-08,,Dell Gaming Mouse,8d4f,49.98,mobile app,direct,desktop,US,2020,2020-12,2020-12-05,2020-11-30/2020-12-06,2020Q4,2020,2020-12,2020-12-08,2020-12-07/2020-12-13,2020Q4
50bd7602,4b794bdf66635757,2020-01-30 00:00:00,2020-02-01,,Nintendo Switch,e682,148.67,website,direct,desktop,BE,2020,2020-01,2020-01-30,2020-01-27/2020-02-02,2020Q1,2020,2020-02,2020-02-01,2020-01-27/2020-02-02,2020Q1
f178e4c0,4b938b5a4fb102055,2020-01-27 00:00:00,2020-01-30,,Nintendo Switch,8d0d,168.0,website,direct,desktop,US,2020,2020-01,2020-01-27,2020-01-27/2020-02-02,2020Q1,2020,2020-01,2020-01-30,2020-01-27/2020-02-02,2020Q1
8f502815,4c49bb155d560856,2020-12-31 00:00:00,2021-01-03,,Nintendo Switch,e682,160.34,website,direct,desktop,NL,2020,2020-12,2020-12-31,2020-12-28/2021-01-03,2020Q4,2021,2021-01,2021-01-03,2020-12-28/2021-01-03,2021Q1
1a0d392c,4c61cb8af1f13587,2020-12-29 00:00:00,2020-12-30,,Dell Gaming Mouse,8d4f,49.98,mobile app,email,desktop,US,2020,2020-12,2020-12-29,2020-12-28/2021-01-03,2020Q4,2020,2020-12,2020-12-30,2020-12-28/2021-01-03,2020Q4
595e10b2,4ca8c23488d39080,2020-12-19 00:00:00,2020-12-21,,27in 4K gaming monitor,e7e6,451.1,website,direct,desktop,DE,2020,2020-12,2020-12-19,2020-12-14/2020-12-20,2020Q4,2020,2020-12,2020-12-21,2020-12-21/2020-12-27,2020Q4
e8d1457c,4cb199be32698329,2020-12-27 00:00:00,2020-12-28,12/31/2022,Lenovo IdeaPad Gaming 3,04ac,1198.0,website,direct,desktop,BR,2020,2020-12,2020-12-27,2020-12-21/2020-12-27,2020Q4,2020,2020-12,2020-12-28,2020-12-28/2021-01-03,2020Q4
e8d1457c,4cb199be32698330,2020-12-27 00:00:00,2020-12-28,12/31/2022,Lenovo IdeaPad Gaming 3,04ac,1198.0,website,direct,desktop,BR,2020,2020-12,2020-12-27,2020-12-21/2020-12-27,2020Q4,2020,2020-12,2020-12-28,2020-12-28/2021-01-03,2020Q4
4bc193bb,4cbf8d1890133673,2020-01-30 00:00:00,2020-01-31,,27in 4K gaming monitor,891b,480.0,website,direct,desktop,US,2020,2020-01,2020-01-30,2020-01-27/2020-02-02,2020Q1,2020,2020-01,2020-01-31,2020-01-27/2020-02-02,2020Q1
4bc193bb,4cbf8d1890133674,2020-01-30 00:00:00,2020-01-31,,27in 4K gaming monitor,891b,480.0,website,direct,desktop,US,2020,2020-01,2020-01-30,2020-01-27/2020-02-02,2020Q1,2020,2020-01,2020-01-31,2020-01-27/2020-02-02,2020Q1
496c5b63,4cdbf45dd2832692,2020-12-27 00:00:00,2020-12-30,,JBL Quantum 100 Gaming Headset,4c58,23.98,mobile app,direct,desktop,US,2020,2020-12,2020-12-27,2020-12-21/2020-12-27,2020Q4,2020,2020-12,2020-12-30,2020-12-28/2021-01-03,2020Q4
43651cc0,4d1e97d8b8f30346,2020-01-27 00:00:00,2020-01-29,,Sony PlayStation 5 Bundle,54ed,1800.0,website,direct,desktop,US,2020,2020-01,2020-01-27,2020-01-27/2020-02-02,2020Q1,2020,2020-01,2020-01-29,2020-01-27/2020-02-02,2020Q1
eb5d569b,4da5bae7f8b99453,2020-12-06 00:00:00,2020-12-08,,Lenovo IdeaPad Gaming 3,04ac,1127.59,website,direct,desktop,SE,2020,2020-12,2020-12-06,2020-11-30/2020-12-06,2020Q4,2020,2020-12,2020-12-08,2020-12-07/2020-12-13,2020Q4
e748e3c5,4db457f71fa97691,2020-12-04 00:00:00,2020-12-06,,JBL Quantum 100 Gaming Headset,ab0f,24.0,website,email,desktop,US,2020,2020-12,2020-12-04,2020-11-30/2020-12-06,2020Q4,2020,2020-12,2020-12-06,2020-11-30/2020-12-06,2020Q4
e748e3c5,4db457f71fa97692,2020-12-04 00:00:00,2020-12-06,,JBL Quantum 100 Gaming Headset,ab0f,24.0,website,email,desktop,US,2020,2020-12,2020-12-04,2020-11-30/2020-12-06,2020Q4,2020,2020-12,2020-12-06,2020-11-30/2020-12-06,2020Q4
86185de2,4dd7fce5b6c57054,2020-01-28 00:00:00,2020-01-31,,Nintendo Switch,8d0d,177.02,website,direct,desktop,GB,2020,2020-01,2020-01-28,2020-01-27/2020-02-02,2020Q1,2020,2020-01,2020-01-31,2020-01-27/2020-02-02,2020Q1
b234a6c1,4e12db397a675501,2020-12-28 00:00:00,2020-12-29,,JBL Quantum 100 Gaming Headset,4c58,32.13,mobile app,direct,desktop,GB,2020,2020-12,2020-12-28,2020-12-28/2021-01-03,2020Q4,2020,2020-12,2020-12-29,2020-12-28/2021-01-03,2020Q4
a87b2e93,4e21c3a830a71374,2020-01-28 00:00:00,2020-01-29,,JBL Quantum 100 Gaming Headset,8315,23.2,mobile app,email,mobile,US,2020,2020-01,2020-01-28,2020-01-27/2020-02-02,2020Q1,2020,2020-01,2020-01-29,2020-01-27/2020-02-02,2020Q1
cadda7ab,4e2997883cf85761,2020-12-14 00:00:00,2020-12-17,5/31/2021,Nintendo Switch,e682,164.69,website,direct,desktop,FR,2020,2020-12,2020-12-14,2020-12-14/2020-12-20,2020Q4,2020,2020-12,2020-12-17,2020-12-14/2020-12-20,2020Q4
ab183697,4e321ec59cb72548,2020-12-12 00:00:00,2020-12-14,,27in 4K gaming monitor,e7e6,480.0,website,email,desktop,US,2020,2020-12,2020-12-12,2020-12-07/2020-12-13,2020Q4,2020,2020-12,2020-12-14,2020-12-14/2020-12-20,2020Q4
1fd1a664,4e60721390316016,2020-12-16 00:00:00,2020-12-17,,Nintendo Switch,e682,156.24,website,direct,desktop,CA,2020,2020-12,2020-12-16,2020-12-14/2020-12-20,2020Q4,2020,2020-12,2020-12-17,2020-12-14/2020-12-20,2020Q4
1fd1a664,4e60721390316017,2020-12-16 00:00:00,2020-12-17,,Nintendo Switch,e682,156.24,website,direct,desktop,CA,2020,2020-12,2020-12-16,2020-12-14/2020-12-20,2020Q4,2020,2020-12,2020-12-17,2020-12-14/2020-12-20,2020Q4
d6efbbb1,4e94442698f90778,2020-12-26 00:00:00,2020-12-28,,Nintendo Switch,8d0d,126.0,website,direct,desktop,UA,2020,2020-12,2020-12-26,2020-12-21/2020-12-27,2020Q4,2020,2020-12,2020-12-28,2020-12-28/2021-01-03,2020Q4
39000000000,4e9a86b56262710,2020-12-03 00:00:00,2020-12-04,,Nintendo Switch,8d0d,168.0,website,direct,desktop,CZ,2020,2020-12,2020-12-03,2020-11-30/2020-12-06,2020Q4,2020,2020-12,2020-12-04,2020-11-30/2020-12-06,2020Q4
ff75400a,4ec6962beb4107861,2020-12-03 00:00:00,2020-12-04,,JBL Quantum 100 Gaming Headset,ab0f,21.49,website,direct,desktop,KR,2020,2020-12,2020-12-03,2020-11-30/2020-12-06,2020Q4,2020,2020-12,2020-12-04,2020-11-30/2020-12-06,2020Q4
5933023,4ef0662e92a180,2020-12-03 00:00:00,2020-12-06,,Nintendo Switch,b5f7,113.85,mobile app,email,desktop,CH,2020,2020-12,2020-12-03,2020-11-30/2020-12-06,2020Q4,2020,2020-12,2020-12-06,2020-11-30/2020-12-06,2020Q4
8f6d639c,4f0af19291160909,2020-12-17 00:00:00,2020-12-19,,Nintendo Switch,8d0d,168.0,website,direct,desktop,US,2020,2020-12,2020-12-17,2020-12-14/2020-12-20,2020Q4,2020,2020-12,2020-12-19,2020-12-14/2020-12-20,2020Q4
27eb466c,4fadbc240a319161,2020-01-29 00:00:00,2020-01-30,,JBL Quantum 100 Gaming Headset,ab0f,24.0,website,direct,desktop,US,2020,2020-01,2020-01-29,2020-01-27/2020-02-02,2020Q1,2020,2020-01,2020-01-30,2020-01-27/2020-02-02,2020Q1
27eb466c,4fadbc240a319162,2020-01-29 00:00:00,2020-01-30,,JBL Quantum 100 Gaming Headset,ab0f,24.0,website,direct,desktop,US,2020,2020-01,2020-01-29,2020-01-27/2020-02-02,2020Q1,2020,2020-01,2020-01-30,2020-01-27/2020-02-02,2020Q1
4491928b,4faf5ddf63130820,2020-12-21 00:00:00,2020-12-22,,Sony PlayStation 5 Bundle,54ed,1673.35,website,social media,tablet,NL,2020,2020-12,2020-12-21,2020-12-21/2020-12-27,2020Q4,2020,2020-12,2020-12-22,2020-12-21/2020-12-27,2020Q4
4d8f4e44,4fd76f86fe034466,2020-12-15 00:00:00,2020-12-18,,Nintendo Switch,e682,168.0,website,direct,desktop,US,2020,2020-12,2020-12-15,2020-12-14/2020-12-20,2020Q4,2020,2020-12,2020-12-18,2020-12-14/2020-12-20,2020Q4
1084a90a,4fde53afd1e9780,2020-12-09 00:00:00,2020-12-10,,Nintendo Switch,e682,168.0,website,direct,desktop,HU,2020,2020-12,2020-12-09,2020-12-07/2020-12-13,2020Q4,2020,2020-12,2020-12-10,2020-12-07/2020-12-13,2020Q4
0107c44c,4ffd6c751b23597,2020-12-14 00:00:00,2020-12-15,12/12/2022,Nintendo Switch,8d0d,160.34,website,direct,desktop,DE,2020,2020-12,2020-12-14,2020-12-14/2020-12-20,2020Q4,2020,2020-12,2020-12-15,2020-12-14/2020-12-20,2020Q4
879d4944,5.2950466E+8757634,2020-12-10 00:00:00,2020-12-12,8/6/2023,Nintendo Switch,e682,181.02,website,direct,desktop,GB,2020,2020-12,2020-12-10,2020-12-07/2020-12-13,2020Q4,2020,2020-12,2020-12-12,2020-12-07/2020-12-13,2020Q4
879d4944,5.2950466E+8757635,2020-12-10 00:00:00,2020-12-12,1/13/2023,Nintendo Switch,e682,181.02,website,direct,desktop,GB,2020,2020-12,2020-12-10,2020-12-07/2020-12-13,2020Q4,2020,2020-12,2020-12-12,2020-12-07/2020-12-13,2020Q4
f773e692,5005f7cd265104554,2020-12-18 00:00:00,2020-12-20,,JBL Quantum 100 Gaming Headset,4c58,13.98,mobile app,direct,desktop,NL,2020,2020-12,2020-12-18,2020-12-14/2020-12-20,2020Q4,2020,2020-12,2020-12-20,2020-12-14/2020-12-20,2020Q4
26b33109,500f040960f18666,2020-12-18 00:00:00,2020-12-19,,Nintendo Switch,e682,168.0,website,direct,desktop,US,2020,2020-12,2020-12-18,2020-12-14/2020-12-20,2020Q4,2020,2020-12,2020-12-19,2020-12-14/2020-12-20,2020Q4
26b33109,500f040960f18667,2020-12-18 00:00:00,2020-12-19,,Nintendo Switch,e682,168.0,website,direct,desktop,US,2020,2020-12,2020-12-18,2020-12-14/2020-12-20,2020Q4,2020,2020-12,2020-12-19,2020-12-14/2020-12-20,2020Q4
c00335d0,501992b9fe381296,2020-12-16 00:00:00,2020-12-17,,27in 4K gaming monitor,891b,395.16,website,direct,desktop,CA,2020,2020-12,2020-12-16,2020-12-14/2020-12-20,2020Q4,2020,2020-12,2020-12-17,2020-12-14/2020-12-20,2020Q4
6ab720c6,506ee54622046042,2020-12-03 00:00:00,2020-12-05,8/1/2023,Nintendo Switch,e682,156.77,website,direct,desktop,JP,2020,2020-12,2020-12-03,2020-11-30/2020-12-06,2020Q4,2020,2020-12,2020-12-05,2020-11-30/2020-12-06,2020Q4
185974,508f065e0037,2020-12-10 00:00:00,2020-12-11,,27in 4K gaming monitor,891b,275.37,website,direct,desktop,BE,2020,2020-12,2020-12-10,2020-12-07/2020-12-13,2020Q4,2020,2020-12,2020-12-11,2020-12-07/2020-12-13,2020Q4
e612b79e,5090340587097185,2020-12-14 00:00:00,2020-12-17,,JBL Quantum 100 Gaming Headset,ab0f,24.0,website,direct,desktop,AR,2020,2020-12,2020-12-14,2020-12-14/2020-12-20,2020Q4,2020,2020-12,2020-12-17,2020-12-14/2020-12-20,2020Q4
ab857200,50aadc9307072710,2020-12-22 00:00:00,2020-12-25,,Nintendo Switch,e682,184.9,website,direct,desktop,US,2020,2020-12,2020-12-22,2020-12-21/2020-12-27,2020Q4,2020,2020-12,2020-12-25,2020-12-21/2020-12-27,2020Q4
62a4b1d2,50ce088a2b442759,2020-01-22 00:00:00,2020-01-25,,JBL Quantum 100 Gaming Headset,ab0f,24.0,website,direct,desktop,US,2020,2020-01,2020-01-22,2020-01-20/2020-01-26,2020Q1,2020,2020-01,2020-01-25,2020-01-20/2020-01-26,2020Q1
0dbd0a39,50d041341038651,2020-12-11 00:00:00,2020-12-14,,Nintendo Switch,8d0d,142.8,website,direct,desktop,US,2020,2020-12,2020-12-11,2020-12-07/2020-12-13,2020Q4,2020,2020-12,2020-12-14,2020-12-14/2020-12-20,2020Q4
42edad8a,50e43de8ab930156,2020-12-19 00:00:00,2020-12-22,,JBL Quantum 100 Gaming Headset,4c58,24.5,mobile app,affiliate,unknown,,2020,2020-12,2020-12-19,2020-12-14/2020-12-20,2020Q4,2020,2020-12,2020-12-22,2020-12-21/2020-12-27,2020Q4
42edad8a,50e43de8ab930157,2020-12-19 00:00:00,2020-12-22,,JBL Quantum 100 Gaming Headset,4c58,24.5,mobile app,affiliate,unknown,,2020,2020-12,2020-12-19,2020-12-14/2020-12-20,2020Q4,2020,2020-12,2020-12-22,2020-12-21/2020-12-27,2020Q4
04d6c8ed,50f03da92ea5093,2020-01-30 00:00:00,2020-02-02,,Nintendo Switch,8d0d,168.0,website,email,mobile,US,2020,2020-01,2020-01-30,2020-01-27/2020-02-02,2020Q1,2020,2020-02,2020-02-02,2020-01-27/2020-02-02,2020Q1
840579ac,50fa1d57b7856184,2020-12-24 00:00:00,2020-12-27,,Nintendo Switch,e682,164.88,website,direct,desktop,FR,2020,2020-12,2020-12-24,2020-12-21/2020-12-27,2020Q4,2020,2020-12,2020-12-27,2020-12-21/2020-12-27,2020Q4
fe68a0b2,5123f41ce9d107466,2020-01-22 00:00:00,2020-01-23,,27in 4K gaming monitor,891b,384.0,website,email,mobile,US,2020,2020-01,2020-01-22,2020-01-20/2020-01-26,2020Q1,2020,2020-01,2020-01-23,2020-01-20/2020-01-26,2020Q1
4b9ae07b,514f42485d733611,2020-12-12 00:00:00,2020-12-13,12/17/2022,27in 4K gaming monitor,e7e6,480.0,website,email,desktop,BR,2020,2020-12,2020-12-12,2020-12-07/2020-12-13,2020Q4,2020,2020-12,2020-12-13,2020-12-07/2020-12-13,2020Q4
4fa40944,515a98edf3935343,2020-01-25 00:00:00,2020-01-28,1/24/2022,Nintendo Switch,8d0d,168.0,website,direct,desktop,US,2020,2020-01,2020-01-25,2020-01-20/2020-01-26,2020Q1,2020,2020-01,2020-01-28,2020-01-27/2020-02-02,2020Q1
d93fa81d,51b36c16e9691779,2020-01-28 00:00:00,2020-01-31,,JBL Quantum 100 Gaming Headset,ab0f,24.0,website,email,mobile,US,2020,2020-01,2020-01-28,2020-01-27/2020-02-02,2020Q1,2020,2020-01,2020-01-31,2020-01-27/2020-02-02,2020Q1
9617ae0c,51b3ceb5db363587,2020-12-25 00:00:00,2020-12-28,,27in 4K gaming monitor,e7e6,438.79,website,direct,desktop,AU,2020,2020-12,2020-12-25,2020-12-21/2020-12-27,2020Q4,2020,2020-12,2020-12-28,2020-12-28/2021-01-03,2020Q4
85b8626f,51d6004cb8356881,2020-01-22 00:00:00,2020-01-25,,Nintendo Switch,8d0d,168.0,website,direct,desktop,US,2020,2020-01,2020-01-22,2020-01-20/2020-01-26,2020Q1,2020,2020-01,2020-01-25,2020-01-20/2020-01-26,2020Q1
811909c2,51e8ecc755455087,2020-12-02 00:00:00,2020-12-05,3/13/2023,27in 4K gaming monitor,891b,439.2,website,direct,desktop,IE,2020,2020-12,2020-12-02,2020-11-30/2020-12-06,2020Q4,2020,2020-12,2020-12-05,2020-11-30/2020-12-06,2020Q4
831a8c77,5229126a72455852,2020-01-23 00:00:00,2020-01-24,,JBL Quantum 100 Gaming Headset,8315,23.44,mobile app,email,mobile,US,2020,2020-01,2020-01-23,2020-01-20/2020-01-26,2020Q1,2020,2020-01,2020-01-24,2020-01-20/2020-01-26,2020Q1
dbda9ec3,52369c302fe92917,2020-12-19 00:00:00,2020-12-20,3/19/2024,Nintendo Switch,e682,148.35,website,direct,desktop,AU,2020,2020-12,2020-12-19,2020-12-14/2020-12-20,2020Q4,2020,2020-12,2020-12-20,2020-12-14/2020-12-20,2020Q4
8e60c8ec,523bfd498c760468,2020-12-03 00:00:00,2020-12-05,,27in 4K gaming monitor,891b,420.16,website,direct,desktop,US,2020,2020-12,2020-12-03,2020-11-30/2020-12-06,2020Q4,2020,2020-12,2020-12-05,2020-11-30/2020-12-06,2020Q4
4b6faaea,5247684c08233527,2020-01-20 00:00:00,2020-01-22,1/30/2022,Lenovo IdeaPad Gaming 3,9ef0,1228.9,website,direct,desktop,GB,2020,2020-01,2020-01-20,2020-01-20/2020-01-26,2020Q1,2020,2020-01,2020-01-22,2020-01-20/2020-01-26,2020Q1
eb667fcd,526ccaddd7e99462,2020-01-20 00:00:00,2020-01-23,,JBL Quantum 100 Gaming Headset,ab0f,21.82,website,direct,desktop,IT,2020,2020-01,2020-01-20,2020-01-20/2020-01-26,2020Q1,2020,2020-01,2020-01-23,2020-01-20/2020-01-26,2020Q1
ec92a8f8,5271d635d3699955,2020-12-04 00:00:00,2020-12-06,,Nintendo Switch,e682,168.0,website,direct,desktop,US,2020,2020-12,2020-12-04,2020-11-30/2020-12-06,2020Q4,2020,2020-12,2020-12-06,2020-11-30/2020-12-06,2020Q4
e2ffdaff,529cc6e656995885,2020-12-15 00:00:00,2020-12-17,,JBL Quantum 100 Gaming Headset,ab0f,25.97,website,direct,desktop,GB,2020,2020-12,2020-12-15,2020-12-14/2020-12-20,2020Q4,2020,2020-12,2020-12-17,2020-12-14/2020-12-20,2020Q4
e81e7c13,52d5ef28f2698050,2020-01-30 00:00:00,2020-02-01,,27in 4K gaming monitor,891b,280.95,website,direct,desktop,CA,2020,2020-01,2020-01-30,2020-01-27/2020-02-02,2020Q1,2020,2020-02,2020-02-01,2020-01-27/2020-02-02,2020Q1
90d89d24,52dbbfc816c61420,2020-12-18 00:00:00,2020-12-19,,Nintendo Switch,e682,168.0,website,direct,desktop,CZ,2020,2020-12,2020-12-18,2020-12-14/2020-12-20,2020Q4,2020,2020-12,2020-12-19,2020-12-14/2020-12-20,2020Q4
90d89d24,52dbbfc816c61421,2020-12-18 00:00:00,2020-12-19,,Nintendo Switch,e682,168.0,website,direct,desktop,CZ,2020,2020-12,2020-12-18,2020-12-14/2020-12-20,2020Q4,2020,2020-12,2020-12-19,2020-12-14/2020-12-20,2020Q4
8d0393c9,52f8d49dcbf59904,2020-12-22 00:00:00,2020-12-23,,Lenovo IdeaPad Gaming 3,04ac,1154.71,website,direct,desktop,IL,2020,2020-12,2020-12-22,2020-12-21/2020-12-27,2020Q4,2020,2020-12,2020-12-23,2020-12-21/2020-12-27,2020Q4
8d0393c9,52f8d49dcbf59905,2020-12-22 00:00:00,2020-12-23,,Lenovo IdeaPad Gaming 3,04ac,1154.71,website,direct,desktop,IL,2020,2020-12,2020-12-22,2020-12-21/2020-12-27,2020Q4,2020,2020-12,2020-12-23,2020-12-21/2020-12-27,2020Q4
86122548,52fbdfde1f42283,2020-12-31 00:00:00,2021-01-03,11/6/2023,Nintendo Switch,e682,168.0,website,email,desktop,US,2020,2020-12,2020-12-31,2020-12-28/2021-01-03,2020Q4,2021,2021-01,2021-01-03,2020-12-28/2021-01-03,2021Q1
d2962052,5302e5818eb88892,2020-12-17 00:00:00,2020-12-20,,JBL Quantum 100 Gaming Headset,ab0f,24.0,website,direct,desktop,US,2020,2020-12,2020-12-17,2020-12-14/2020-12-20,2020Q4,2020,2020-12,2020-12-20,2020-12-14/2020-12-20,2020Q4
edadb399,532b95c3c3d100410,2020-12-18 00:00:00,2020-12-20,,Nintendo Switch,e682,152.04,website,direct,desktop,CA,2020,2020-12,2020-12-18,2020-12-14/2020-12-20,2020Q4,2020,2020-12,2020-12-20,2020-12-14/2020-12-20,2020Q4
1413db9d,533b03c213911210,2020-12-21 00:00:00,2020-12-24,9/4/2023,Nintendo Switch,e682,160.34,website,direct,desktop,DE,2020,2020-12,2020-12-21,2020-12-21/2020-12-27,2020Q4,2020,2020-12,2020-12-24,2020-12-21/2020-12-27,2020Q4
1413db9d,533b03c213911211,2020-12-21 00:00:00,2020-12-24,,Nintendo Switch,e682,160.34,website,direct,desktop,DE,2020,2020-12,2020-12-21,2020-12-21/2020-12-27,2020Q4,2020,2020-12,2020-12-24,2020-12-21/2020-12-27,2020Q4
89a66e3f,534e735b27058460,2020-12-13 00:00:00,2020-12-14,,JBL Quantum 100 Gaming Headset,ab0f,26.8,website,direct,desktop,GB,2020,2020-12,2020-12-13,2020-12-07/2020-12-13,2020Q4,2020,2020-12,2020-12-14,2020-12-14/2020-12-20,2020Q4
b06fc062,53a428aaa9474783,2020-12-30 00:00:00,2021-01-02,,Nintendo Switch,8d0d,168.0,website,email,desktop,US,2020,2020-12,2020-12-30,2020-12-28/2021-01-03,2020Q4,2021,2021-01,2021-01-02,2020-12-28/2021-01-03,2021Q1
8dc34e0d,53bde59176c60202,2020-12-02 00:00:00,2020-12-05,3/15/2024,Nintendo Switch,e682,168.0,website,direct,desktop,US,2020,2020-12,2020-12-02,2020-11-30/2020-12-06,2020Q4,2020,2020-12,2020-12-05,2020-11-30/2020-12-06,2020Q4
ff898c2d,53cb03d2622107912,2020-12-25 00:00:00,2020-12-26,3/27/2024,Nintendo Switch,8d0d,164.42,website,direct,desktop,ES,2020,2020-12,2020-12-25,2020-12-21/2020-12-27,2020Q4,2020,2020-12,2020-12-26,2020-12-21/2020-12-27,2020Q4
0e142ed0,546ee2ae4e28773,2020-12-02 00:00:00,2020-12-05,,Sony PlayStation 5 Bundle,54ed,1800.0,website,direct,desktop,US,2020,2020-12,2020-12-02,2020-11-30/2020-12-06,2020Q4,2020,2020-12,2020-12-05,2020-11-30/2020-12-06,2020Q4
4e9f6eca,54757885a3b34887,2020-12-27 00:00:00,2020-12-28,,JBL Quantum 100 Gaming Headset,ab0f,24.0,website,email,desktop,US,2020,2020-12,2020-12-27,2020-12-21/2020-12-27,2020Q4,2020,2020-12,2020-12-28,2020-12-28/2021-01-03,2020Q4
c233c219,54d5789310a82188,2020-12-23 00:00:00,2020-12-25,3/30/2025,Nintendo Switch,8d0d,142.8,website,direct,desktop,US,2020,2020-12,2020-12-23,2020-12-21/2020-12-27,2020Q4,2020,2020-12,2020-12-25,2020-12-21/2020-12-27,2020Q4
c233c219,54d5789310a82189,2020-12-23 00:00:00,2020-12-25,,Nintendo Switch,8d0d,142.8,website,direct,desktop,US,2020,2020-12,2020-12-23,2020-12-21/2020-12-27,2020Q4,2020,2020-12,2020-12-25,2020-12-21/2020-12-27,2020Q4
c233c219,54d5789310a82190,2020-12-23 00:00:00,2020-12-25,7/18/2021,Nintendo Switch,8d0d,142.8,website,direct,desktop,US,2020,2020-12,2020-12-23,2020-12-21/2020-12-27,2020Q4,2020,2020-12,2020-12-25,2020-12-21/2020-12-27,2020Q4
f03cc6b1,54dbbb6da39101538,2020-12-18 00:00:00,2020-12-20,,Nintendo Switch,e682,168.0,website,direct,desktop,US,2020,2020-12,2020-12-18,2020-12-14/2020-12-20,2020Q4,2020,2020-12,2020-12-20,2020-12-14/2020-12-20,2020Q4
f03cc6b1,54dbbb6da39101539,2020-12-18 00:00:00,2020-12-20,6/11/2021,Nintendo Switch,e682,168.0,website,direct,desktop,US,2020,2020-12,2020-12-18,2020-12-14/2020-12-20,2020Q4,2020,2020-12,2020-12-20,2020-12-14/2020-12-20,2020Q4
f03cc6b1,54dbbb6da39101540,2020-12-18 00:00:00,2020-12-20,,Nintendo Switch,e682,168.0,website,direct,desktop,US,2020,2020-12,2020-12-18,2020-12-14/2020-12-20,2020Q4,2020,2020-12,2020-12-20,2020-12-14/2020-12-20,2020Q4
cc803d4e,550a91624c486373,2020-12-05 00:00:00,2020-12-07,12/3/2022,Nintendo Switch,e682,160.34,website,email,desktop,NL,2020,2020-12,2020-12-05,2020-11-30/2020-12-06,2020Q4,2020,2020-12,2020-12-07,2020-12-07/2020-12-13,2020Q4
03d11796,5510dc98a474709,2020-12-19 00:00:00,2020-12-20,,Dell Gaming Mouse,8d4f,49.98,mobile app,direct,desktop,US,2020,2020-12,2020-12-19,2020-12-14/2020-12-20,2020Q4,2020,2020-12,2020-12-20,2020-12-14/2020-12-20,2020Q4
03d11796,5510dc98a474711,2020-12-19 00:00:00,2020-12-20,,Dell Gaming Mouse,8d4f,49.98,mobile app,direct,desktop,US,2020,2020-12,2020-12-19,2020-12-14/2020-12-20,2020Q4,2020,2020-12,2020-12-20,2020-12-14/2020-12-20,2020Q4
972be31e,55382740c8e64031,2020-01-27 00:00:00,2020-01-30,1/24/2022,27in 4K gaming monitor,e7e6,485.11,website,direct,desktop,GB,2020,2020-01,2020-01-27,2020-01-27/2020-02-02,2020Q1,2020,2020-01,2020-01-30,2020-01-27/2020-02-02,2020Q1
8dc8ce90,553ff3d2e6360212,2020-12-29 00:00:00,2020-12-31,,27in 4K gaming monitor,e7e6,480.0,website,direct,desktop,US,2020,2020-12,2020-12-29,2020-12-28/2021-01-03,2020Q4,2020,2020-12,2020-12-31,2020-12-28/2021-01-03,2020Q4
78a634e2,5547ee6c04851600,2020-12-15 00:00:00,2020-12-18,,Nintendo Switch,e682,168.0,website,direct,desktop,US,2020,2020-12,2020-12-15,2020-12-14/2020-12-20,2020Q4,2020,2020-12,2020-12-18,2020-12-14/2020-12-20,2020Q4
e656213d,555fb9e4dc397292,2020-12-13 00:00:00,2020-12-15,,Dell Gaming Mouse,f81e,49.31,mobile app,email,desktop,BR,2020,2020-12,2020-12-13,2020-12-07/2020-12-13,2020Q4,2020,2020-12,2020-12-15,2020-12-14/2020-12-20,2020Q4
81fdea1c,55b7d85415055440,2020-12-19 00:00:00,2020-12-21,11/5/2021,Nintendo Switch,8d0d,164.88,website,direct,desktop,DE,2020,2020-12,2020-12-19,2020-12-14/2020-12-20,2020Q4,2020,2020-12,2020-12-21,2020-12-21/2020-12-27,2020Q4
81fdea1c,55b7d85415055441,2020-12-19 00:00:00,2020-12-21,,Nintendo Switch,8d0d,164.88,website,direct,desktop,DE,2020,2020-12,2020-12-19,2020-12-14/2020-12-20,2020Q4,2020,2020-12,2020-12-21,2020-12-21/2020-12-27,2020Q4
8a6ce456,55c349e95ff58780,2020-12-18 00:00:00,2020-12-20,6/1/2025,Nintendo Switch,e682,168.0,website,email,desktop,US,2020,2020-12,2020-12-18,2020-12-14/2020-12-20,2020Q4,2020,2020-12,2020-12-20,2020-12-14/2020-12-20,2020Q4
b9d8573c,55faf5d732378742,2020-01-27 00:00:00,2020-01-29,,JBL Quantum 100 Gaming Headset,ab0f,25.66,website,direct,desktop,GB,2020,2020-01,2020-01-27,2020-01-27/2020-02-02,2020Q1,2020,2020-01,2020-01-29,2020-01-27/2020-02-02,2020Q1
fae48c93,5.6477633799106E+016,2020-12-04 00:00:00,2020-12-07,,JBL Quantum 100 Gaming Headset,2997,24.0,mobile app,email,desktop,US,2020,2020-12,2020-12-04,2020-11-30/2020-12-06,2020Q4,2020,2020-12,2020-12-07,2020-12-07/2020-12-13,2020Q4
946c5402,564e777310562907,2020-12-16 00:00:00,2020-12-17,,Nintendo Switch,e682,168.0,website,email,desktop,US,2020,2020-12,2020-12-16,2020-12-14/2020-12-20,2020Q4,2020,2020-12,2020-12-17,2020-12-14/2020-12-20,2020Q4
dedd7002,56aac16b22d94200,2020-12-07 00:00:00,2020-12-09,,Nintendo Switch,e682,164.42,website,direct,desktop,NL,2020,2020-12,2020-12-07,2020-12-07/2020-12-13,2020Q4,2020,2020-12,2020-12-09,2020-12-07/2020-12-13,2020Q4
d01aa531,56c1dce509e87924,2020-12-24 00:00:00,2020-12-25,,27in 4K gaming monitor,e7e6,480.0,website,email,desktop,US,2020,2020-12,2020-12-24,2020-12-21/2020-12-27,2020Q4,2020,2020-12,2020-12-25,2020-12-21/2020-12-27,2020Q4
d01aa531,56c1dce509e87925,2020-12-24 00:00:00,2020-12-25,,27in 4K gaming monitor,e7e6,480.0,website,email,desktop,US,2020,2020-12,2020-12-24,2020-12-21/2020-12-27,2020Q4,2020,2020-12,2020-12-25,2020-12-21/2020-12-27,2020Q4
c9f2be30,56cba2f636c85364,2020-12-22 00:00:00,2020-12-24,,Nintendo Switch,8d0d,164.42,website,direct,desktop,ES,2020,2020-12,2020-12-22,2020-12-21/2020-12-27,2020Q4,2020,2020-12,2020-12-24,2020-12-21/2020-12-27,2020Q4
506854da,5700e05792335616,2020-12-18 00:00:00,2020-12-20,,Nintendo Switch,e682,168.0,website,direct,desktop,US,2020,2020-12,2020-12-18,2020-12-14/2020-12-20,2020Q4,2020,2020-12,2020-12-20,2020-12-14/2020-12-20,2020Q4
506854da,5700e05792335617,2020-12-18 00:00:00,2020-12-20,,Nintendo Switch,e682,168.0,website,direct,desktop,US,2020,2020-12,2020-12-18,2020-12-14/2020-12-20,2020Q4,2020,2020-12,2020-12-20,2020-12-14/2020-12-20,2020Q4
821063b9,5728be48fe155465,2020-01-20 00:00:00,2020-01-21,,JBL Quantum 100 Gaming Headset,ab0f,24.0,website,direct,desktop,US,2020,2020-01,2020-01-20,2020-01-20/2020-01-26,2020Q1,2020,2020-01,2020-01-21,2020-01-20/2020-01-26,2020Q1
1d341d93,573e14cafb014948,2020-01-24 00:00:00,2020-01-26,,27in 4K gaming monitor,891b,269.48,website,direct,desktop,US,2020,2020-01,2020-01-24,2020-01-20/2020-01-26,2020Q1,2020,2020-01,2020-01-26,2020-01-20/2020-01-26,2020Q1
1d341d93,573e14cafb014949,2020-01-24 00:00:00,2020-01-26,,27in 4K gaming monitor,891b,269.48,website,direct,desktop,US,2020,2020-01,2020-01-24,2020-01-20/2020-01-26,2020Q1,2020,2020-01,2020-01-26,2020-01-20/2020-01-26,2020Q1
9f3cd3ac,577a67682d567317,2020-12-20 00:00:00,2020-12-22,,Nintendo Switch,e682,168.0,website,direct,desktop,US,2020,2020-12,2020-12-20,2020-12-14/2020-12-20,2020Q4,2020,2020-12,2020-12-22,2020-12-21/2020-12-27,2020Q4
1797fc86,57cb1e7451712572,2020-12-30 00:00:00,2021-01-01,3/14/2022,Nintendo Switch,8e5d,165.12,mobile app,email,desktop,CA,2020,2020-12,2020-12-30,2020-12-28/2021-01-03,2020Q4,2021,2021-01,2021-01-01,2020-12-28/2021-01-03,2021Q1
6197f803,57fe87a72d242402,2020-12-06 00:00:00,2020-12-07,,27in 4K gaming monitor,e7e6,480.0,website,direct,desktop,US,2020,2020-12,2020-12-06,2020-11-30/2020-12-06,2020Q4,2020,2020-12,2020-12-07,2020-12-07/2020-12-13,2020Q4
d3650406,57ff0da482989243,2020-12-20 00:00:00,2020-12-23,4/20/2024,Nintendo Switch,e682,157.72,website,direct,desktop,JP,2020,2020-12,2020-12-20,2020-12-14/2020-12-20,2020Q4,2020,2020-12,2020-12-23,2020-12-21/2020-12-27,2020Q4
d3650406,57ff0da482989244,2020-12-20 00:00:00,2020-12-23,10/5/2021,Nintendo Switch,e682,157.72,website,direct,desktop,JP,2020,2020-12,2020-12-20,2020-12-14/2020-12-20,2020Q4,2020,2020-12,2020-12-23,2020-12-21/2020-12-27,2020Q4
49f766d8,580f3babe3432925,2020-12-22 00:00:00,2020-12-25,,JBL Quantum 100 Gaming Headset,ab0f,24.0,website,direct,desktop,CR,2020,2020-12,2020-12-22,2020-12-21/2020-12-27,2020Q4,2020,2020-12,2020-12-25,2020-12-21/2020-12-27,2020Q4
b8a3621b,581ad3d618878211,2020-12-24 00:00:00,2020-12-25,,Sony PlayStation 5 Bundle,54ed,2007.24,website,direct,desktop,FR,2020,2020-12,2020-12-24,2020-12-21/2020-12-27,2020Q4,2020,2020-12,2020-12-25,2020-12-21/2020-12-27,2020Q4
fdf30bd7,5865b623a34107279,2020-12-18 00:00:00,2020-12-20,,Nintendo Switch,8d0d,168.0,website,direct,desktop,US,2020,2020-12,2020-12-18,2020-12-14/2020-12-20,2020Q4,2020,2020-12,2020-12-20,2020-12-14/2020-12-20,2020Q4
fdf30bd7,5865b623a34107280,2020-12-18 00:00:00,2020-12-20,,Nintendo Switch,8d0d,168.0,website,direct,desktop,US,2020,2020-12,2020-12-18,2020-12-14/2020-12-20,2020Q4,2020,2020-12,2020-12-20,2020-12-14/2020-12-20,2020Q4
54975b69,586ab26012e37264,2020-12-10 00:00:00,2020-12-12,,27in 4K gaming monitor,891b,360.0,website,direct,desktop,US,2020,2020-12,2020-12-10,2020-12-07/2020-12-13,2020Q4,2020,2020-12,2020-12-12,2020-12-07/2020-12-13,2020Q4
54975b69,586ab26012e37265,2020-12-10 00:00:00,2020-12-12,,27in 4K gaming monitor,891b,360.0,website,direct,desktop,US,2020,2020-12,2020-12-10,2020-12-07/2020-12-13,2020Q4,2020,2020-12,2020-12-12,2020-12-07/2020-12-13,2020Q4
db5aeff0,5879220838992709,2020-01-27 00:00:00,2020-01-30,,Nintendo Switch,8d0d,168.0,website,direct,desktop,US,2020,2020-01,2020-01-27,2020-01-27/2020-02-02,2020Q1,2020,2020-01,2020-01-30,2020-01-27/2020-02-02,2020Q1
9d7b99be,589f1ad420366576,2020-12-13 00:00:00,2020-12-15,4/30/2021,Nintendo Switch,e682,181.02,website,direct,desktop,GB,2020,2020-12,2020-12-13,2020-12-07/2020-12-13,2020Q4,2020,2020-12,2020-12-15,2020-12-14/2020-12-20,2020Q4
4271e1a3,58cecfde3c729952,2020-12-21 00:00:00,2020-12-24,,27in 4K gaming monitor,891b,467.62,website,direct,desktop,JM,2020,2020-12,2020-12-21,2020-12-21/2020-12-27,2020Q4,2020,2020-12,2020-12-24,2020-12-21/2020-12-27,2020Q4
4271e1a3,58cecfde3c729953,2020-12-21 00:00:00,2020-12-24,,27in 4K gaming monitor,891b,467.62,website,direct,desktop,JM,2020,2020-12,2020-12-21,2020-12-21/2020-12-27,2020Q4,2020,2020-12,2020-12-24,2020-12-21/2020-12-27,2020Q4
b09634b7,58d167a3d3b74840,2020-12-04 00:00:00,2020-12-07,,Nintendo Switch,8d0d,143.02,website,affiliate,unknown,GB,2020,2020-12,2020-12-04,2020-11-30/2020-12-06,2020Q4,2020,2020-12,2020-12-07,2020-12-07/2020-12-13,2020Q4
63effe8b,58eebadb3f343286,2020-12-17 00:00:00,2020-12-19,12/13/2022,Nintendo Switch,e682,168.0,website,email,desktop,US,2020,2020-12,2020-12-17,2020-12-14/2020-12-20,2020Q4,2020,2020-12,2020-12-19,2020-12-14/2020-12-20,2020Q4
63effe8b,58eebadb3f343287,2020-12-17 00:00:00,2020-12-19,12/13/2022,Nintendo Switch,e682,168.0,website,email,desktop,US,2020,2020-12,2020-12-17,2020-12-14/2020-12-20,2020Q4,2020,2020-12,2020-12-19,2020-12-14/2020-12-20,2020Q4
e3466d97,58ff6a8885696004,2020-01-30 00:00:00,2020-02-01,1/6/2022,Nintendo Switch,e682,177.11,website,direct,desktop,GB,2020,2020-01,2020-01-30,2020-01-27/2020-02-02,2020Q1,2020,2020-02,2020-02-01,2020-01-27/2020-02-02,2020Q1
7f4a2c41,595a125f1c954378,2020-12-11 00:00:00,2020-12-12,,Nintendo Switch,8d0d,164.42,website,direct,desktop,SK,2020,2020-12,2020-12-11,2020-12-07/2020-12-13,2020Q4,2020,2020-12,2020-12-12,2020-12-07/2020-12-13,2020Q4
698b5eaa,59c37c6096945551,2020-01-23 00:00:00,2020-01-24,,Nintendo Switch,97c6,192.0,website,direct,desktop,VN,2020,2020-01,2020-01-23,2020-01-20/2020-01-26,2020Q1,2020,2020-01,2020-01-24,2020-01-20/2020-01-26,2020Q1
143f6ccf,59d5655b56811283,2020-01-24 00:00:00,2020-01-27,,Nintendo Switch,8d0d,149.03,website,direct,desktop,IT,2020,2020-01,2020-01-24,2020-01-20/2020-01-26,2020Q1,2020,2020-01,2020-01-27,2020-01-27/2020-02-02,2020Q1
4ea96fdf,59e0eb0075934904,2020-12-29 00:00:00,2021-01-01,,Nintendo Switch,8d0d,168.0,website,direct,desktop,US,2020,2020-12,2020-12-29,2020-12-28/2021-01-03,2020Q4,2021,2021-01,2021-01-01,2020-12-28/2021-01-03,2021Q1
ed7df208,59e3c643e3b100326,2020-01-23 00:00:00,2020-01-24,,Nintendo Switch,8d0d,168.0,website,direct,desktop,US,2020,2020-01,2020-01-23,2020-01-20/2020-01-26,2020Q1,2020,2020-01,2020-01-24,2020-01-20/2020-01-26,2020Q1
f4c3bc4c,5a0379a6168103452,2020-12-02 00:00:00,2020-12-05,,JBL Quantum 100 Gaming Headset,ab0f,24.0,website,direct,desktop,US,2020,2020-12,2020-12-02,2020-11-30/2020-12-06,2020Q4,2020,2020-12,2020-12-05,2020-11-30/2020-12-06,2020Q4
f4c3bc4c,5a0379a6168103453,2020-12-02 00:00:00,2020-12-05,,JBL Quantum 100 Gaming Headset,ab0f,24.0,website,direct,desktop,US,2020,2020-12,2020-12-02,2020-11-30/2020-12-06,2020Q4,2020,2020-12,2020-12-05,2020-11-30/2020-12-06,2020Q4
bfbce7e1,5a31ca2ae6381187,2020-12-22 00:00:00,2020-12-25,1/7/2023,Nintendo Switch,8e5d,167.12,mobile app,email,desktop,ES,2020,2020-12,2020-12-22,2020-12-21/2020-12-27,2020Q4,2020,2020-12,2020-12-25,2020-12-21/2020-12-27,2020Q4
bfbce7e1,5a31ca2ae6381188,2020-12-22 00:00:00,2020-12-25,1/7/2023,Nintendo Switch,8e5d,167.12,mobile app,email,desktop,ES,2020,2020-12,2020-12-22,2020-12-21/2020-12-27,2020Q4,2020,2020-12,2020-12-25,2020-12-21/2020-12-27,2020Q4
bfbce7e1,5a31ca2ae6381189,2020-12-22 00:00:00,2020-12-25,1/7/2023,Nintendo Switch,8e5d,167.12,mobile app,email,desktop,ES,2020,2020-12,2020-12-22,2020-12-21/2020-12-27,2020Q4,2020,2020-12,2020-12-25,2020-12-21/2020-12-27,2020Q4
95b57886,5a6d63191a563444,2020-12-09 00:00:00,2020-12-10,,Nintendo Switch,e682,184.9,website,email,desktop,GB,2020,2020-12,2020-12-09,2020-12-07/2020-12-13,2020Q4,2020,2020-12,2020-12-10,2020-12-07/2020-12-13,2020Q4
2987046c,5a8c77c89c819793,2020-12-12 00:00:00,2020-12-15,,Lenovo IdeaPad Gaming 3,04ac,1127.59,website,direct,desktop,SE,2020,2020-12,2020-12-12,2020-12-07/2020-12-13,2020Q4,2020,2020-12,2020-12-15,2020-12-14/2020-12-20,2020Q4
6990d521,5a8c8dd32a145565,2020-12-02 00:00:00,2020-12-04,,JBL Quantum 100 Gaming Headset,ab0f,24.0,website,direct,desktop,US,2020,2020-12,2020-12-02,2020-11-30/2020-12-06,2020Q4,2020,2020-12,2020-12-04,2020-11-30/2020-12-06,2020Q4
3490000,5b3d099fcca125,2020-12-26 00:00:00,2020-12-28,,27in 4K gaming monitor,e7e6,480.0,website,email,desktop,PE,2020,2020-12,2020-12-26,2020-12-21/2020-12-27,2020Q4,2020,2020-12,2020-12-28,2020-12-28/2021-01-03,2020Q4
981cf87f,5b8c0a7651f64395,2020-12-04 00:00:00,2020-12-05,,Nintendo Switch,8d0d,140.15,website,direct,desktop,DE,2020,2020-12,2020-12-04,2020-11-30/2020-12-06,2020Q4,2020,2020-12,2020-12-05,2020-11-30/2020-12-06,2020Q4
d63f9df4,5b93f3ee13090502,2020-12-20 00:00:00,2020-12-22,,27in 4K gaming monitor,891b,450.37,website,direct,desktop,DE,2020,2020-12,2020-12-20,2020-12-14/2020-12-20,2020Q4,2020,2020-12,2020-12-22,2020-12-21/2020-12-27,2020Q4
d63f9df4,5b93f3ee13090504,2020-12-20 00:00:00,2020-12-22,9/12/2023,27in 4K gaming monitor,891b,450.37,website,direct,desktop,DE,2020,2020-12,2020-12-20,2020-12-14/2020-12-20,2020Q4,2020,2020-12,2020-12-22,2020-12-21/2020-12-27,2020Q4
2b9ca195,5be41e8e2b620644,2020-12-23 00:00:00,2020-12-25,,27in 4K gaming monitor,e7e6,439.2,website,direct,desktop,ES,2020,2020-12,2020-12-23,2020-12-21/2020-12-27,2020Q4,2020,2020-12,2020-12-25,2020-12-21/2020-12-27,2020Q4
6fd5ece8,5bf79b3b3f248220,2020-12-17 00:00:00,2020-12-19,,JBL Quantum 100 Gaming Headset,8315,23.46,mobile app,affiliate,unknown,,2020,2020-12,2020-12-17,2020-12-14/2020-12-20,2020Q4,2020,2020-12,2020-12-19,2020-12-14/2020-12-20,2020Q4
b324d279,5c031c4f04775913,2020-12-18 00:00:00,2020-12-20,,27in 4K gaming monitor,891b,482.29,website,direct,desktop,GB,2020,2020-12,2020-12-18,2020-12-14/2020-12-20,2020Q4,2020,2020-12,2020-12-20,2020-12-14/2020-12-20,2020Q4
fa2ab21e,5c61c3ce2eb105701,2020-12-27 00:00:00,2020-12-30,,27in 4K gaming monitor,891b,480.0,website,direct,desktop,US,2020,2020-12,2020-12-27,2020-12-21/2020-12-27,2020Q4,2020,2020-12,2020-12-30,2020-12-28/2021-01-03,2020Q4
42812ed7,5c6aab74b5f29980,2020-12-04 00:00:00,2020-12-05,,Dell Gaming Mouse,f81e,49.67,mobile app,email,desktop,AU,2020,2020-12,2020-12-04,2020-11-30/2020-12-06,2020Q4,2020,2020-12,2020-12-05,2020-11-30/2020-12-06,2020Q4
f7bfd381,5cdbc5ac454104667,2020-12-11 00:00:00,2020-12-13,11/23/2024,27in 4K gaming monitor,e7e6,450.37,website,direct,desktop,DE,2020,2020-12,2020-12-11,2020-12-07/2020-12-13,2020Q4,2020,2020-12,2020-12-13,2020-12-07/2020-12-13,2020Q4
e8c9c417,5d1135c069298316,2020-12-06 00:00:00,2020-12-07,,Lenovo IdeaPad Gaming 3,04ac,958.47,website,direct,desktop,IE,2020,2020-12,2020-12-06,2020-11-30/2020-12-06,2020Q4,2020,2020-12,2020-12-07,2020-12-07/2020-12-13,2020Q4
f2eca78c,5d2097d00c3102665,2020-12-19 00:00:00,2020-12-21,11/26/2022,Dell Gaming Mouse,8d4f,29.98,mobile app,email,desktop,US,2020,2020-12,2020-12-19,2020-12-14/2020-12-20,2020Q4,2020,2020-12,2020-12-21,2020-12-21/2020-12-27,2020Q4
4eccf97e,5dc8888010e34955,2020-12-14 00:00:00,2020-12-16,12/24/2022,27in 4K gaming monitor,e7e6,451.63,website,direct,desktop,ES,2020,2020-12,2020-12-14,2020-12-14/2020-12-20,2020Q4,2020,2020-12,2020-12-16,2020-12-14/2020-12-20,2020Q4
4fbb4def,5dda8a5247c35371,2020-12-27 00:00:00,2020-12-28,,JBL Quantum 100 Gaming Headset,4c58,23.98,mobile app,direct,desktop,US,2020,2020-12,2020-12-27,2020-12-21/2020-12-27,2020Q4,2020,2020-12,2020-12-28,2020-12-28/2021-01-03,2020Q4
278c8de3,5ddb8f32a1119030,2020-12-24 00:00:00,2020-12-27,,Nintendo Switch,e682,159.94,website,direct,desktop,KR,2020,2020-12,2020-12-24,2020-12-21/2020-12-27,2020Q4,2020,2020-12,2020-12-27,2020-12-21/2020-12-27,2020Q4
da420a14,5df2d3e373992213,2020-12-08 00:00:00,2020-12-11,,Nintendo Switch,e682,168.0,website,email,desktop,US,2020,2020-12,2020-12-08,2020-12-07/2020-12-13,2020Q4,2020,2020-12,2020-12-11,2020-12-07/2020-12-13,2020Q4
061d56d4,5dfbfea80975601,2020-12-16 00:00:00,2020-12-18,,Nintendo Switch,8d0d,164.88,website,direct,desktop,GR,2020,2020-12,2020-12-16,2020-12-14/2020-12-20,2020Q4,2020,2020-12,2020-12-18,2020-12-14/2020-12-20,2020Q4
4cb5006a,5e5dafe4a8a34100,2020-12-08 00:00:00,2020-12-11,,Dell Gaming Mouse,8d4f,49.98,mobile app,direct,desktop,US,2020,2020-12,2020-12-08,2020-12-07/2020-12-13,2020Q4,2020,2020-12,2020-12-11,2020-12-07/2020-12-13,2020Q4
4cb5006a,5e5dafe4a8a34101,2020-12-08 00:00:00,2020-12-11,,Dell Gaming Mouse,8d4f,49.98,mobile app,direct,desktop,US,2020,2020-12,2020-12-08,2020-12-07/2020-12-13,2020Q4,2020,2020-12,2020-12-11,2020-12-07/2020-12-13,2020Q4
919e7230,5e9d082760661736,2020-12-23 00:00:00,2020-12-24,4/16/2022,Nintendo Switch,e682,168.0,website,direct,desktop,US,2020,2020-12,2020-12-23,2020-12-21/2020-12-27,2020Q4,2020,2020-12,2020-12-24,2020-12-21/2020-12-27,2020Q4
4e38311a,5ecf9a9583634733,2020-12-16 00:00:00,2020-12-17,,Sony PlayStation 5 Bundle,54ed,1355.76,website,affiliate,unknown,CA,2020,2020-12,2020-12-16,2020-12-14/2020-12-20,2020Q4,2020,2020-12,2020-12-17,2020-12-14/2020-12-20,2020Q4
a67cec76,5ed24b11bf270558,2020-12-23 00:00:00,2020-12-26,,Nintendo Switch,8d0d,168.0,website,email,desktop,JP,2020,2020-12,2020-12-23,2020-12-21/2020-12-27,2020Q4,2020,2020-12,2020-12-26,2020-12-21/2020-12-27,2020Q4
a67cec76,5ed24b11bf270559,2020-12-23 00:00:00,2020-12-26,,Nintendo Switch,8d0d,168.0,website,email,desktop,JP,2020,2020-12,2020-12-23,2020-12-21/2020-12-27,2020Q4,2020,2020-12,2020-12-26,2020-12-21/2020-12-27,2020Q4
f54a8aa1,5ed712165ff103665,2020-12-29 00:00:00,2020-12-31,,27in 4K gaming monitor,891b,451.63,website,direct,desktop,PT,2020,2020-12,2020-12-29,2020-12-28/2021-01-03,2020Q4,2020,2020-12,2020-12-31,2020-12-28/2021-01-03,2020Q4
300007f8,5ee25353f0f22508,2020-12-21 00:00:00,2020-12-24,1/5/2023,27in 4K gaming monitor,e7e6,441.26,website,direct,desktop,CA,2020,2020-12,2020-12-21,2020-12-21/2020-12-27,2020Q4,2020,2020-12,2020-12-24,2020-12-21/2020-12-27,2020Q4
300007f8,5ee25353f0f22509,2020-12-21 00:00:00,2020-12-24,1/5/2023,27in 4K gaming monitor,e7e6,441.26,website,direct,desktop,CA,2020,2020-12,2020-12-21,2020-12-21/2020-12-27,2020Q4,2020,2020-12,2020-12-24,2020-12-21/2020-12-27,2020Q4
236b4aee,5ee8d9b7a5b17311,2020-12-07 00:00:00,2020-12-10,,JBL Quantum 100 Gaming Headset,4c58,18.93,mobile app,direct,desktop,BR,2020,2020-12,2020-12-07,2020-12-07/2020-12-13,2020Q4,2020,2020-12,2020-12-10,2020-12-07/2020-12-13,2020Q4
97814632,5eea458f0ed2578,2020-12-19 00:00:00,2020-12-21,,Nintendo Switch,e682,164.88,website,email,desktop,FR,2020,2020-12,2020-12-19,2020-12-14/2020-12-20,2020Q4,2020,2020-12,2020-12-21,2020-12-21/2020-12-27,2020Q4
98e102ce,5f0feca99a964681,2020-12-03 00:00:00,2020-12-05,2/17/2024,Nintendo Switch,8d0d,168.0,website,direct,desktop,US,2020,2020-12,2020-12-03,2020-11-30/2020-12-06,2020Q4,2020,2020-12,2020-12-05,2020-11-30/2020-12-06,2020Q4
afae21f9,5f30aa8df5274448,2020-12-09 00:00:00,2020-12-12,9/22/2024,Nintendo Switch,e682,164.88,website,direct,desktop,IT,2020,2020-12,2020-12-09,2020-12-07/2020-12-13,2020Q4,2020,2020-12,2020-12-12,2020-12-07/2020-12-13,2020Q4
1649809e,5f3abfd5e4212065,2020-12-28 00:00:00,2020-12-29,11/17/2022,Nintendo Switch,8d0d,168.0,website,direct,desktop,US,2020,2020-12,2020-12-28,2020-12-28/2021-01-03,2020Q4,2020,2020-12,2020-12-29,2020-12-28/2021-01-03,2020Q4
995a7aca,5f552643b0164859,2020-12-23 00:00:00,2020-12-26,,27in 4K gaming monitor,891b,480.0,website,direct,desktop,US,2020,2020-12,2020-12-23,2020-12-21/2020-12-27,2020Q4,2020,2020-12,2020-12-26,2020-12-21/2020-12-27,2020Q4
995a7aca,5f552643b0164860,2020-12-23 00:00:00,2020-12-26,,27in 4K gaming monitor,891b,480.0,website,direct,desktop,US,2020,2020-12,2020-12-23,2020-12-21/2020-12-27,2020Q4,2020,2020-12,2020-12-26,2020-12-21/2020-12-27,2020Q4
995a7aca,5f552643b0164861,2020-12-23 00:00:00,2020-12-26,,27in 4K gaming monitor,891b,480.0,website,direct,desktop,US,2020,2020-12,2020-12-23,2020-12-21/2020-12-27,2020Q4,2020,2020-12,2020-12-26,2020-12-21/2020-12-27,2020Q4
50e6959e,5f5dbded50435822,2020-12-22 00:00:00,2020-12-23,1/22/2023,Nintendo Switch,e682,153.07,website,direct,desktop,AU,2020,2020-12,2020-12-22,2020-12-21/2020-12-27,2020Q4,2020,2020-12,2020-12-23,2020-12-21/2020-12-27,2020Q4
ece324c7,5f627b8db81100076,2020-12-30 00:00:00,2020-12-31,,Dell Gaming Mouse,8d4f,49.98,mobile app,email,desktop,US,2020,2020-12,2020-12-30,2020-12-28/2021-01-03,2020Q4,2020,2020-12,2020-12-31,2020-12-28/2021-01-03,2020Q4
924e3b7e,5f6cab301d762068,2020-12-17 00:00:00,2020-12-20,,Sony PlayStation 5 Bundle,54ed,1322.9,website,direct,desktop,US,2020,2020-12,2020-12-17,2020-12-14/2020-12-20,2020Q4,2020,2020-12,2020-12-20,2020-12-14/2020-12-20,2020Q4
1d8aeb0c,5f6dfc10b6615115,2020-12-23 00:00:00,2020-12-26,,Nintendo Switch,8d0d,168.0,website,direct,desktop,US,2020,2020-12,2020-12-23,2020-12-21/2020-12-27,2020Q4,2020,2020-12,2020-12-26,2020-12-21/2020-12-27,2020Q4
be254d7a,5f741fd926e80490,2020-12-02 00:00:00,2020-12-03,,Nintendo Switch,8d0d,160.34,website,direct,desktop,DE,2020,2020-12,2020-12-02,2020-11-30/2020-12-06,2020Q4,2020,2020-12,2020-12-03,2020-11-30/2020-12-06,2020Q4
cf9c5728,5f9dfe3f65a87741,2020-12-14 00:00:00,2020-12-15,10/31/2023,Nintendo Switch,e682,168.0,website,email,desktop,BR,2020,2020-12,2020-12-14,2020-12-14/2020-12-20,2020Q4,2020,2020-12,2020-12-15,2020-12-14/2020-12-20,2020Q4
ecb2f599,5fa7760724c99997,2020-12-21 00:00:00,2020-12-22,7/29/2021,27in 4K gaming monitor,e7e6,451.63,website,direct,desktop,FR,2020,2020-12,2020-12-21,2020-12-21/2020-12-27,2020Q4,2020,2020-12,2020-12-22,2020-12-21/2020-12-27,2020Q4
ecb2f599,5fa7760724c99998,2020-12-21 00:00:00,2020-12-22,7/11/2024,27in 4K gaming monitor,e7e6,451.63,website,direct,desktop,FR,2020,2020-12,2020-12-21,2020-12-21/2020-12-27,2020Q4,2020,2020-12,2020-12-22,2020-12-21/2020-12-27,2020Q4
2783f54f,5fe5942733719015,2020-12-19 00:00:00,2020-12-20,,Nintendo Switch,e682,184.9,website,direct,desktop,GB,2020,2020-12,2020-12-19,2020-12-14/2020-12-20,2020Q4,2020,2020-12,2020-12-20,2020-12-14/2020-12-20,2020Q4
2783f54f,5fe5942733719016,2020-12-19 00:00:00,2020-12-20,,Nintendo Switch,e682,184.9,website,direct,desktop,GB,2020,2020-12,2020-12-19,2020-12-14/2020-12-20,2020Q4,2020,2020-12,2020-12-20,2020-12-14/2020-12-20,2020Q4
2783f54f,5fe5942733719017,2020-12-19 00:00:00,2020-12-20,9/27/2022,Nintendo Switch,e682,184.9,website,direct,desktop,GB,2020,2020-12,2020-12-19,2020-12-14/2020-12-20,2020Q4,2020,2020-12,2020-12-20,2020-12-14/2020-12-20,2020Q4
3156bb14,600368cacfb23068,2020-12-26 00:00:00,2020-12-27,,JBL Quantum 100 Gaming Headset,ab0f,22.53,website,direct,desktop,JP,2020,2020-12,2020-12-26,2020-12-21/2020-12-27,2020Q4,2020,2020-12,2020-12-27,2020-12-21/2020-12-27,2020Q4
2f5a9072,60088d2affb22227,2020-12-23 00:00:00,2020-12-26,,Nintendo Switch,8d0d,164.42,website,direct,desktop,PT,2020,2020-12,2020-12-23,2020-12-21/2020-12-27,2020Q4,2020,2020-12,2020-12-26,2020-12-21/2020-12-27,2020Q4
53700000000000,60291fca7e92790,2020-12-24 00:00:00,2020-12-26,,27in 4K gaming monitor,e7e6,480.0,website,direct,desktop,US,2020,2020-12,2020-12-24,2020-12-21/2020-12-27,2020Q4,2020,2020-12,2020-12-26,2020-12-21/2020-12-27,2020Q4
53700000000000,60291fca7e92791,2020-12-24 00:00:00,2020-12-26,,27in 4K gaming monitor,e7e6,480.0,website,direct,desktop,US,2020,2020-12,2020-12-24,2020-12-21/2020-12-27,2020Q4,2020,2020-12,2020-12-26,2020-12-21/2020-12-27,2020Q4
b89c8e33,606bd30664e78191,2020-01-21 00:00:00,2020-01-24,,JBL Quantum 100 Gaming Headset,ab0f,19.53,website,affiliate,unknown,CA,2020,2020-01,2020-01-21,2020-01-20/2020-01-26,2020Q1,2020,2020-01,2020-01-24,2020-01-20/2020-01-26,2020Q1
7c1b4739,60d6f8dd5dc53016,2020-12-31 01:54:34,2020-06-15,,JBL Quantum 100 Gaming Headset,ab0f,21.46,website,direct,desktop,ES,2020,2020-12,2020-12-31,2020-12-28/2021-01-03,2020Q4,2020,2020-06,2020-06-15,2020-06-15/2020-06-21,2020Q2
b99f9b02,60eaab5bd3378650,2020-12-13 00:00:00,2020-12-16,,Nintendo Switch,e682,168.0,website,direct,desktop,US,2020,2020-12,2020-12-13,2020-12-07/2020-12-13,2020Q4,2020,2020-12,2020-12-16,2020-12-14/2020-12-20,2020Q4
cde4cd86,610a628705f86970,2020-12-30 00:00:00,2021-01-02,10/13/2024,27in 4K gaming monitor,e7e6,450.37,website,direct,desktop,DE,2020,2020-12,2020-12-30,2020-12-28/2021-01-03,2020Q4,2021,2021-01,2021-01-02,2020-12-28/2021-01-03,2021Q1
1b511152,612b715a9bd14112,2020-12-19 00:00:00,2020-12-20,,27in 4K gaming monitor,e7e6,480.0,website,direct,desktop,US,2020,2020-12,2020-12-19,2020-12-14/2020-12-20,2020Q4,2020,2020-12,2020-12-20,2020-12-14/2020-12-20,2020Q4
91a6a809,612c1fa8fe261757,2020-01-24 00:00:00,2020-01-26,,Lenovo IdeaPad Gaming 3,04ac,1198.0,website,direct,desktop,US,2020,2020-01,2020-01-24,2020-01-20/2020-01-26,2020Q1,2020,2020-01,2020-01-26,2020-01-20/2020-01-26,2020Q1
48c43892,6162594bef532447,2020-12-01 00:00:00,2020-12-04,,Nintendo Switch,e682,168.0,website,direct,desktop,US,2020,2020-12,2020-12-01,2020-11-30/2020-12-06,2020Q4,2020,2020-12,2020-12-04,2020-11-30/2020-12-06,2020Q4
82f02666,6165defb73155788,2020-12-20 00:00:00,2020-12-23,,JBL Quantum 100 Gaming Headset,4c58,13.98,mobile app,direct,desktop,US,2020,2020-12,2020-12-20,2020-12-14/2020-12-20,2020Q4,2020,2020-12,2020-12-23,2020-12-21/2020-12-27,2020Q4
82f02666,6165defb73155789,2020-12-20 00:00:00,2020-12-23,,JBL Quantum 100 Gaming Headset,4c58,13.98,mobile app,direct,desktop,US,2020,2020-12,2020-12-20,2020-12-14/2020-12-20,2020Q4,2020,2020-12,2020-12-23,2020-12-21/2020-12-27,2020Q4
79d2b2f0,617d944a51e52056,2020-12-26 00:00:00,2020-12-28,,JBL Quantum 100 Gaming Headset,ab0f,24.0,website,direct,desktop,BR,2020,2020-12,2020-12-26,2020-12-21/2020-12-27,2020Q4,2020,2020-12,2020-12-28,2020-12-28/2021-01-03,2020Q4
0871de92,61872e373066488,2020-12-02 00:00:00,2020-12-04,,Nintendo Switch,8d0d,161.05,website,direct,desktop,SE,2020,2020-12,2020-12-02,2020-11-30/2020-12-06,2020Q4,2020,2020-12,2020-12-04,2020-11-30/2020-12-06,2020Q4
fcd0126d,6196aee56b6106750,2020-01-24 00:00:00,2020-01-25,,Lenovo IdeaPad Gaming 3,04ac,1018.3,website,direct,desktop,MX,2020,2020-01,2020-01-24,2020-01-20/2020-01-26,2020Q1,2020,2020-01,2020-01-25,2020-01-20/2020-01-26,2020Q1
fcd0126d,6196aee56b6106751,2020-01-24 00:00:00,2020-01-25,,Lenovo IdeaPad Gaming 3,04ac,1018.3,website,direct,desktop,MX,2020,2020-01,2020-01-24,2020-01-20/2020-01-26,2020Q1,2020,2020-01,2020-01-25,2020-01-20/2020-01-26,2020Q1
48e552df,619cccde55032501,2020-12-04 00:00:00,2020-12-07,,Nintendo Switch,8d0d,168.0,website,direct,desktop,US,2020,2020-12,2020-12-04,2020-11-30/2020-12-06,2020Q4,2020,2020-12,2020-12-07,2020-12-07/2020-12-13,2020Q4
3b5b4329,61b2561e62727037,2020-12-18 00:00:00,2020-12-20,,Nintendo Switch,e682,168.0,website,organic,,US,2020,2020-12,2020-12-18,2020-12-14/2020-12-20,2020Q4,2020,2020-12,2020-12-20,2020-12-14/2020-12-20,2020Q4
39bcc5b4,61c484b84d826378,2020-12-21 00:00:00,2020-12-24,,Nintendo Switch,8d0d,168.0,website,direct,desktop,US,2020,2020-12,2020-12-21,2020-12-21/2020-12-27,2020Q4,2020,2020-12,2020-12-24,2020-12-21/2020-12-27,2020Q4
b8a78644,6259e5547c478225,2020-12-22 00:00:00,2020-12-24,,Nintendo Switch,8d0d,181.02,website,direct,desktop,GB,2020,2020-12,2020-12-22,2020-12-21/2020-12-27,2020Q4,2020,2020-12,2020-12-24,2020-12-21/2020-12-27,2020Q4
d85c3860,62827066da291408,2020-12-08 00:00:00,2020-12-11,,Sony PlayStation 5 Bundle,54ed,1800.0,website,direct,desktop,UA,2020,2020-12,2020-12-08,2020-12-07/2020-12-13,2020Q4,2020,2020-12,2020-12-11,2020-12-07/2020-12-13,2020Q4
4e211da9,6294468148034690,2020-01-25 00:00:00,2020-01-28,,Nintendo Switch,8d0d,134.4,website,direct,desktop,US,2020,2020-01,2020-01-25,2020-01-20/2020-01-26,2020Q1,2020,2020-01,2020-01-28,2020-01-27/2020-02-02,2020Q1
58178cbf,62a5e48a64738585,2020-12-15 00:00:00,2020-12-17,8/25/2022,27in 4K gaming monitor,e7e6,480.0,website,email,desktop,US,2020,2020-12,2020-12-15,2020-12-14/2020-12-20,2020Q4,2020,2020-12,2020-12-17,2020-12-14/2020-12-20,2020Q4
d2a1831f,62d7209d3da88907,2020-12-26 00:00:00,2020-12-27,,Sony PlayStation 5 Bundle,54ed,1350.0,website,direct,desktop,US,2020,2020-12,2020-12-26,2020-12-21/2020-12-27,2020Q4,2020,2020-12,2020-12-27,2020-12-21/2020-12-27,2020Q4
d2a1831f,62d7209d3da88908,2020-12-26 00:00:00,2020-12-27,,Sony PlayStation 5 Bundle,54ed,1350.0,website,direct,desktop,US,2020,2020-12,2020-12-26,2020-12-21/2020-12-27,2020Q4,2020,2020-12,2020-12-27,2020-12-21/2020-12-27,2020Q4
ea5d354e,62d9df6c7fc98999,2020-12-08 00:00:00,2020-12-10,12/28/2022,Nintendo Switch,8d0d,151.2,website,direct,desktop,US,2020,2020-12,2020-12-08,2020-12-07/2020-12-13,2020Q4,2020,2020-12,2020-12-10,2020-12-07/2020-12-13,2020Q4
078171ce,6337b15e3dc6138,2020-12-18 00:00:00,2020-12-19,,27in 4K gaming monitor,891b,480.0,website,direct,desktop,US,2020,2020-12,2020-12-18,2020-12-14/2020-12-20,2020Q4,2020,2020-12,2020-12-19,2020-12-14/2020-12-20,2020Q4
be71136e,6353c6cee2b80618,2020-12-27 00:00:00,2020-12-30,,JBL Quantum 100 Gaming Headset,ab0f,18.21,website,direct,desktop,SE,2020,2020-12,2020-12-27,2020-12-21/2020-12-27,2020Q4,2020,2020-12,2020-12-30,2020-12-28/2021-01-03,2020Q4
74db3f76,637e9bcd0d450131,2020-12-21 00:00:00,2020-12-23,,Sony PlayStation 5 Bundle,54ed,1006.85,website,direct,desktop,MX,2020,2020-12,2020-12-21,2020-12-21/2020-12-27,2020Q4,2020,2020-12,2020-12-23,2020-12-21/2020-12-27,2020Q4
35890246,639c3ccac2b960,2020-12-04 00:00:00,2020-12-05,,27in 4K gaming monitor,891b,480.0,website,direct,desktop,US,2020,2020-12,2020-12-04,2020-11-30/2020-12-06,2020Q4,2020,2020-12,2020-12-05,2020-11-30/2020-12-06,2020Q4
a611bb8f,63af6cee73e70365,2020-12-25 00:00:00,2020-12-26,,Nintendo Switch,8d0d,152.04,website,direct,desktop,CA,2020,2020-12,2020-12-25,2020-12-21/2020-12-27,2020Q4,2020,2020-12,2020-12-26,2020-12-21/2020-12-27,2020Q4
fc082444,63fc0e621de106451,2020-12-31 00:00:00,2021-01-03,,Nintendo Switch,e682,168.0,website,email,desktop,US,2020,2020-12,2020-12-31,2020-12-28/2021-01-03,2020Q4,2021,2021-01,2021-01-03,2020-12-28/2021-01-03,2021Q1
fc082444,63fc0e621de106452,2020-12-31 00:00:00,2021-01-03,,Nintendo Switch,e682,168.0,website,email,desktop,US,2020,2020-12,2020-12-31,2020-12-28/2021-01-03,2020Q4,2021,2021-01,2021-01-03,2020-12-28/2021-01-03,2021Q1
be2cd750,6409d709a3c80499,2020-12-29 00:00:00,2021-01-01,,Sony PlayStation 5 Bundle,54ed,738.38,website,direct,desktop,NO,2020,2020-12,2020-12-29,2020-12-28/2021-01-03,2020Q4,2021,2021-01,2021-01-01,2020-12-28/2021-01-03,2021Q1
99a086fd,640a668441b64956,2020-12-02 00:00:00,2020-12-04,8/29/2021,27in 4K gaming monitor,891b,468.38,website,direct,desktop,US,2020,2020-12,2020-12-02,2020-11-30/2020-12-06,2020Q4,2020,2020-12,2020-12-04,2020-11-30/2020-12-06,2020Q4
4c068e82,6438a3c144a33811,2020-01-31 00:00:00,2020-02-03,3/30/2022,Nintendo Switch,e682,168.0,website,direct,desktop,US,2020,2020-01,2020-01-31,2020-01-27/2020-02-02,2020Q1,2020,2020-02,2020-02-03,2020-02-03/2020-02-09,2020Q1
45c777ba,646744ea7ea31309,2020-12-25 00:00:00,2020-12-28,,JBL Quantum 100 Gaming Headset,ab0f,19.57,website,direct,desktop,CA,2020,2020-12,2020-12-25,2020-12-21/2020-12-27,2020Q4,2020,2020-12,2020-12-28,2020-12-28/2021-01-03,2020Q4
a3b10aea,647cddfc60c69254,2020-12-23 00:00:00,2020-12-26,,Sony PlayStation 5 Bundle,54ed,1843.53,website,direct,desktop,DE,2020,2020-12,2020-12-23,2020-12-21/2020-12-27,2020Q4,2020,2020-12,2020-12-26,2020-12-21/2020-12-27,2020Q4
41e67f27,64a472bb25029758,2020-12-21 00:00:00,2020-12-24,,Nintendo Switch,e682,168.0,website,direct,desktop,US,2020,2020-12,2020-12-21,2020-12-21/2020-12-27,2020Q4,2020,2020-12,2020-12-24,2020-12-21/2020-12-27,2020Q4
b01686c3,64c7d2a51c774631,2020-12-24 00:00:00,2020-12-25,,Sony PlayStation 5 Bundle,54ed,1800.0,website,direct,desktop,US,2020,2020-12,2020-12-24,2020-12-21/2020-12-27,2020Q4,2020,2020-12,2020-12-25,2020-12-21/2020-12-27,2020Q4
b01686c3,64c7d2a51c774632,2020-12-24 00:00:00,2020-12-25,,Sony PlayStation 5 Bundle,54ed,1800.0,website,direct,desktop,US,2020,2020-12,2020-12-24,2020-12-21/2020-12-27,2020Q4,2020,2020-12,2020-12-25,2020-12-21/2020-12-27,2020Q4
7ff2ebd2,64ca731be2754649,2020-12-19 00:00:00,2020-12-20,,JBL Quantum 100 Gaming Headset,ab0f,25.97,website,direct,desktop,GB,2020,2020-12,2020-12-19,2020-12-14/2020-12-20,2020Q4,2020,2020-12,2020-12-20,2020-12-14/2020-12-20,2020Q4
7ff2ebd2,64ca731be2754650,2020-12-19 00:00:00,2020-12-20,,JBL Quantum 100 Gaming Headset,ab0f,25.97,website,direct,desktop,GB,2020,2020-12,2020-12-19,2020-12-14/2020-12-20,2020Q4,2020,2020-12,2020-12-20,2020-12-14/2020-12-20,2020Q4
ee5c01b6,64cc65e968e100692,2020-12-16 00:00:00,2020-12-19,,Dell Gaming Mouse,8d4f,49.98,mobile app,email,desktop,US,2020,2020-12,2020-12-16,2020-12-14/2020-12-20,2020Q4,2020,2020-12,2020-12-19,2020-12-14/2020-12-20,2020Q4
c4e5f57c,6558b094e0c83331,2020-12-14 00:00:00,2020-12-17,,Nintendo Switch,8d0d,188.15,website,direct,desktop,GB,2020,2020-12,2020-12-14,2020-12-14/2020-12-20,2020Q4,2020,2020-12,2020-12-17,2020-12-14/2020-12-20,2020Q4
b1879ac6,65ae230df5775242,2020-12-15 00:00:00,2020-12-17,,Nintendo Switch,e682,168.0,website,direct,desktop,SA,2020,2020-12,2020-12-15,2020-12-14/2020-12-20,2020Q4,2020,2020-12,2020-12-17,2020-12-14/2020-12-20,2020Q4
463a1ff4,65ecea73b7531509,2020-12-28 00:00:00,2020-12-31,,Nintendo Switch,8e5d,161.12,mobile app,direct,desktop,CA,2020,2020-12,2020-12-28,2020-12-28/2021-01-03,2020Q4,2020,2020-12,2020-12-31,2020-12-28/2021-01-03,2020Q4
6f6f8319,663874b76de48047,2020-12-24 00:00:00,2020-12-25,,Nintendo Switch,e682,184.9,website,direct,desktop,GB,2020,2020-12,2020-12-24,2020-12-21/2020-12-27,2020Q4,2020,2020-12,2020-12-25,2020-12-21/2020-12-27,2020Q4
ebb26392,664db46438099567,2020-01-21 00:00:00,2020-01-22,,27in 4K gaming monitor,891b,376.4,website,direct,desktop,US,2020,2020-01,2020-01-21,2020-01-20/2020-01-26,2020Q1,2020,2020-01,2020-01-22,2020-01-20/2020-01-26,2020Q1
064fd7a8,6699e41cb345668,2020-01-24 00:00:00,2020-01-25,,27in 4K gaming monitor,891b,408.0,website,direct,desktop,US,2020,2020-01,2020-01-24,2020-01-20/2020-01-26,2020Q1,2020,2020-01,2020-01-25,2020-01-20/2020-01-26,2020Q1
43961d48,66be69ead6b30420,2020-12-04 00:00:00,2020-12-06,3/31/2023,27in 4K gaming monitor,891b,408.0,website,direct,desktop,US,2020,2020-12,2020-12-04,2020-11-30/2020-12-06,2020Q4,2020,2020-12,2020-12-06,2020-11-30/2020-12-06,2020Q4
c2b27b27,66d6596d87082432,2020-12-03 00:00:00,2020-12-05,,27in 4K gaming monitor,891b,288.21,website,direct,desktop,CA,2020,2020-12,2020-12-03,2020-11-30/2020-12-06,2020Q4,2020,2020-12,2020-12-05,2020-11-30/2020-12-06,2020Q4
1596b148,66f827df8c011764,2020-12-19 00:00:00,2020-12-22,,27in 4K gaming monitor,e7e6,480.0,website,email,desktop,US,2020,2020-12,2020-12-19,2020-12-14/2020-12-20,2020Q4,2020,2020-12,2020-12-22,2020-12-21/2020-12-27,2020Q4
fd68ace6,6700933c08d107036,2020-12-28 00:00:00,2020-12-29,,Nintendo Switch,e682,168.0,website,direct,desktop,US,2020,2020-12,2020-12-28,2020-12-28/2021-01-03,2020Q4,2020,2020-12,2020-12-29,2020-12-28/2021-01-03,2020Q4
38af6cfe,6748dc47b1725959,2020-12-09 00:00:00,2020-12-10,5/28/2024,27in 4K gaming monitor,891b,490.89,website,direct,desktop,GB,2020,2020-12,2020-12-09,2020-12-07/2020-12-13,2020Q4,2020,2020-12,2020-12-10,2020-12-07/2020-12-13,2020Q4
c6595b99,67ab97ef6bf83913,2020-12-10 00:00:00,2020-12-11,,Nintendo Switch,8d0d,158.79,website,email,desktop,JP,2020,2020-12,2020-12-10,2020-12-07/2020-12-13,2020Q4,2020,2020-12,2020-12-11,2020-12-07/2020-12-13,2020Q4
2e9bd851,67bf0f149f621887,2020-12-21 00:00:00,2020-12-23,,JBL Quantum 100 Gaming Headset,ab0f,20.4,website,affiliate,unknown,US,2020,2020-12,2020-12-21,2020-12-21/2020-12-27,2020Q4,2020,2020-12,2020-12-23,2020-12-21/2020-12-27,2020Q4
2e9bd851,67bf0f149f621888,2020-12-21 00:00:00,2020-12-23,,JBL Quantum 100 Gaming Headset,ab0f,20.4,website,affiliate,unknown,US,2020,2020-12,2020-12-21,2020-12-21/2020-12-27,2020Q4,2020,2020-12,2020-12-23,2020-12-21/2020-12-27,2020Q4
5223d620,67dc6a37fd436244,2020-12-06 00:00:00,2020-12-08,,Nintendo Switch,8d0d,160.34,website,direct,desktop,FR,2020,2020-12,2020-12-06,2020-11-30/2020-12-06,2020Q4,2020,2020-12,2020-12-08,2020-12-07/2020-12-13,2020Q4
aa58d9c0,6805b00d5b972222,2020-12-17 00:00:00,2020-12-19,,Dell Gaming Mouse,8d4f,21.62,mobile app,email,desktop,BR,2020,2020-12,2020-12-17,2020-12-14/2020-12-20,2020Q4,2020,2020-12,2020-12-19,2020-12-14/2020-12-20,2020Q4
ade22ef4,681cf6e96cf73702,2020-12-13 00:00:00,2020-12-14,6/7/2024,27in 4K gaming monitor,891b,408.0,website,direct,desktop,US,2020,2020-12,2020-12-13,2020-12-07/2020-12-13,2020Q4,2020,2020-12,2020-12-14,2020-12-14/2020-12-20,2020Q4
1ee4a1c5,68200d1a76315642,2020-12-12 00:00:00,2020-12-13,6/30/2025,Nintendo Switch,e682,152.04,website,direct,desktop,CA,2020,2020-12,2020-12-12,2020-12-07/2020-12-13,2020Q4,2020,2020-12,2020-12-13,2020-12-07/2020-12-13,2020Q4
a4c59abc,68501e2a27369739,2020-12-16 00:00:00,2020-12-19,,Nintendo Switch,e682,168.0,website,email,desktop,KE,2020,2020-12,2020-12-16,2020-12-14/2020-12-20,2020Q4,2020,2020-12,2020-12-19,2020-12-14/2020-12-20,2020Q4
6fff1332,685c63064f848280,2020-12-24 00:00:00,2020-12-25,,Nintendo Switch,8d0d,168.0,website,unknown,tv,IN,2020,2020-12,2020-12-24,2020-12-21/2020-12-27,2020Q4,2020,2020-12,2020-12-25,2020-12-21/2020-12-27,2020Q4
310374c9,68631cd5d7322943,2020-12-14 00:00:00,2020-12-15,4/17/2021,27in 4K gaming monitor,891b,321.2,website,direct,desktop,US,2020,2020-12,2020-12-14,2020-12-14/2020-12-20,2020Q4,2020,2020-12,2020-12-15,2020-12-14/2020-12-20,2020Q4
310374c9,68631cd5d7322944,2020-12-14 00:00:00,2020-12-15,4/17/2021,27in 4K gaming monitor,891b,321.2,website,direct,desktop,US,2020,2020-12,2020-12-14,2020-12-14/2020-12-20,2020Q4,2020,2020-12,2020-12-15,2020-12-14/2020-12-20,2020Q4
da8eb9e5,6897a5a3b3692336,2020-12-03 00:00:00,2020-12-05,1/26/2023,Lenovo IdeaPad Gaming 3,04ac,1358.48,website,direct,desktop,IL,2020,2020-12,2020-12-03,2020-11-30/2020-12-06,2020Q4,2020,2020-12,2020-12-05,2020-11-30/2020-12-06,2020Q4
d2b5a71b,68a4391a32488949,2020-12-11 00:00:00,2020-12-13,5/18/2025,27in 4K gaming monitor,891b,372.26,website,social media,tablet,US,2020,2020-12,2020-12-11,2020-12-07/2020-12-13,2020Q4,2020,2020-12,2020-12-13,2020-12-07/2020-12-13,2020Q4
af232569,68cd589f95f74213,2020-12-30 00:00:00,2020-12-31,3/23/2025,27in 4K gaming monitor,891b,336.86,website,direct,desktop,US,2020,2020-12,2020-12-30,2020-12-28/2021-01-03,2020Q4,2020,2020-12,2020-12-31,2020-12-28/2021-01-03,2020Q4
90586598,68d5ed133fe2399,2020-01-27 00:00:00,2020-01-28,1/11/2022,27in 4K gaming monitor,891b,480.0,website,direct,desktop,US,2020,2020-01,2020-01-27,2020-01-27/2020-02-02,2020Q1,2020,2020-01,2020-01-28,2020-01-27/2020-02-02,2020Q1
15eec575,6900768244411938,2020-12-26 00:00:00,2020-12-29,,27in 4K gaming monitor,891b,480.0,website,direct,desktop,US,2020,2020-12,2020-12-26,2020-12-21/2020-12-27,2020Q4,2020,2020-12,2020-12-29,2020-12-28/2021-01-03,2020Q4
94cdfeb5,690c20cf9c863060,2020-12-16 00:00:00,2020-12-17,,Dell Gaming Mouse,f81e,60.4,mobile app,email,desktop,UA,2020,2020-12,2020-12-16,2020-12-14/2020-12-20,2020Q4,2020,2020-12,2020-12-17,2020-12-14/2020-12-20,2020Q4
abe60f2b,69145745f3b72856,2020-12-31 00:00:00,2021-01-02,11/21/2022,JBL Quantum 100 Gaming Headset,ab0f,21.43,website,email,desktop,SE,2020,2020-12,2020-12-31,2020-12-28/2021-01-03,2020Q4,2021,2021-01,2021-01-02,2020-12-28/2021-01-03,2021Q1
e79b01eb,693efb93d2d97823,2020-12-18 00:00:00,2020-12-21,,27in 4K gaming monitor,e7e6,480.0,website,direct,desktop,CO,2020,2020-12,2020-12-18,2020-12-14/2020-12-20,2020Q4,2020,2020-12,2020-12-21,2020-12-21/2020-12-27,2020Q4
fef0bdaf,6952c571990107667,2020-12-08 00:00:00,2020-12-10,,Nintendo Switch,e682,168.0,website,email,desktop,US,2020,2020-12,2020-12-08,2020-12-07/2020-12-13,2020Q4,2020,2020-12,2020-12-10,2020-12-07/2020-12-13,2020Q4
25496a28,6954ed35b6618061,2020-12-29 00:00:00,2020-12-30,8/23/2023,Nintendo Switch,8d0d,168.0,website,direct,desktop,US,2020,2020-12,2020-12-29,2020-12-28/2021-01-03,2020Q4,2020,2020-12,2020-12-30,2020-12-28/2021-01-03,2020Q4
08fd1425,69550d1c7176713,2020-12-15 00:00:00,2020-12-17,,Lenovo IdeaPad Gaming 3,9ef0,1198.0,website,direct,desktop,IN,2020,2020-12,2020-12-15,2020-12-14/2020-12-20,2020Q4,2020,2020-12,2020-12-17,2020-12-14/2020-12-20,2020Q4
1c1e917a,6978df2238814473,2020-12-11 00:00:00,2020-12-13,,Dell Gaming Mouse,8d4f,58.07,mobile app,email,desktop,FR,2020,2020-12,2020-12-11,2020-12-07/2020-12-13,2020Q4,2020,2020-12,2020-12-13,2020-12-07/2020-12-13,2020Q4
969e3a7e,698bddb2ac063782,2020-12-06 00:00:00,2020-12-08,2/1/2023,JBL Quantum 100 Gaming Headset,4c58,23.98,mobile app,email,desktop,US,2020,2020-12,2020-12-06,2020-11-30/2020-12-06,2020Q4,2020,2020-12,2020-12-08,2020-12-07/2020-12-13,2020Q4
241d219a,69c71de00bb17601,2020-12-25 00:00:00,2020-12-26,,JBL Quantum 100 Gaming Headset,ab0f,26.8,website,direct,desktop,GB,2020,2020-12,2020-12-25,2020-12-21/2020-12-27,2020Q4,2020,2020-12,2020-12-26,2020-12-21/2020-12-27,2020Q4
241d219a,69c71de00bb17602,2020-12-25 00:00:00,2020-12-26,,JBL Quantum 100 Gaming Headset,ab0f,26.8,website,direct,desktop,GB,2020,2020-12,2020-12-25,2020-12-21/2020-12-27,2020Q4,2020,2020-12,2020-12-26,2020-12-21/2020-12-27,2020Q4
2e2969d6,6a439e0bde421705,2020-12-24 00:00:00,2020-12-27,,Nintendo Switch,e682,159.88,website,direct,desktop,NO,2020,2020-12,2020-12-24,2020-12-21/2020-12-27,2020Q4,2020,2020-12,2020-12-27,2020-12-21/2020-12-27,2020Q4
86867a78,6a448d947b257217,2020-12-30 00:00:00,2021-01-01,,Dell Gaming Mouse,8d4f,49.98,mobile app,direct,desktop,US,2020,2020-12,2020-12-30,2020-12-28/2021-01-03,2020Q4,2021,2021-01,2021-01-01,2020-12-28/2021-01-03,2021Q1
86867a78,6a448d947b257218,2020-12-30 00:00:00,2021-01-01,,Dell Gaming Mouse,8d4f,49.98,mobile app,direct,desktop,US,2020,2020-12,2020-12-30,2020-12-28/2021-01-03,2020Q4,2021,2021-01,2021-01-01,2020-12-28/2021-01-03,2021Q1
9fe55e17,6a4de6abff467609,2020-12-22 00:00:00,2020-12-24,,Sony PlayStation 5 Bundle,54ed,1800.0,website,direct,desktop,DO,2020,2020-12,2020-12-22,2020-12-21/2020-12-27,2020Q4,2020,2020-12,2020-12-24,2020-12-21/2020-12-27,2020Q4
8c97a62a,6a523a4656e59723,2020-01-21 00:00:00,2020-01-23,,27in 4K gaming monitor,891b,480.0,website,direct,desktop,US,2020,2020-01,2020-01-21,2020-01-20/2020-01-26,2020Q1,2020,2020-01,2020-01-23,2020-01-20/2020-01-26,2020Q1
6d4bd045,6a6ee0d1ec447169,2020-01-31 00:00:00,2020-02-01,,Nintendo Switch,8d0d,126.0,website,email,mobile,US,2020,2020-01,2020-01-31,2020-01-27/2020-02-02,2020Q1,2020,2020-02,2020-02-01,2020-01-27/2020-02-02,2020Q1
4be31d78,6adf257811d33745,2020-12-31 00:00:00,2021-01-03,,Nintendo Switch,e682,138.7,website,direct,desktop,PL,2020,2020-12,2020-12-31,2020-12-28/2021-01-03,2020Q4,2021,2021-01,2021-01-03,2020-12-28/2021-01-03,2021Q1
32d5025b,6aed6859f8c23658,2020-12-24 00:00:00,2020-12-26,11/23/2023,Nintendo Switch,e682,164.69,website,direct,desktop,PT,2020,2020-12,2020-12-24,2020-12-21/2020-12-27,2020Q4,2020,2020-12,2020-12-26,2020-12-21/2020-12-27,2020Q4
50c89ce2,6aef9889d8235780,2020-12-30 00:00:00,2020-12-31,11/19/2022,Nintendo Switch,8d0d,168.0,website,direct,desktop,US,2020,2020-12,2020-12-30,2020-12-28/2021-01-03,2020Q4,2020,2020-12,2020-12-31,2020-12-28/2021-01-03,2020Q4
69b7ea9f,6afc079772245631,2020-12-27 00:00:00,2020-12-30,1/11/2023,27in 4K gaming monitor,e7e6,480.0,website,direct,desktop,US,2020,2020-12,2020-12-27,2020-12-21/2020-12-27,2020Q4,2020,2020-12,2020-12-30,2020-12-28/2021-01-03,2020Q4
8ffe0cee,6b021bb7baf61112,2020-12-20 00:00:00,2020-12-21,,Nintendo Switch,8d0d,164.42,website,direct,desktop,BE,2020,2020-12,2020-12-20,2020-12-14/2020-12-20,2020Q4,2020,2020-12,2020-12-21,2020-12-21/2020-12-27,2020Q4
e7b3f2fd,6b1d14e423197880,2020-12-15 00:00:00,2020-12-17,,Nintendo Switch,e682,158.97,website,direct,desktop,JP,2020,2020-12,2020-12-15,2020-12-14/2020-12-20,2020Q4,2020,2020-12,2020-12-17,2020-12-14/2020-12-20,2020Q4
18875a06,6b386397f2112975,2020-12-15 00:00:00,2020-12-16,,Nintendo Switch,8e5d,163.92,mobile app,social media,tablet,CA,2020,2020-12,2020-12-15,2020-12-14/2020-12-20,2020Q4,2020,2020-12,2020-12-16,2020-12-14/2020-12-20,2020Q4
3e6f40d6,6b61063a00028301,2020-12-16 00:00:00,2020-12-18,,Nintendo Switch,8d0d,168.0,website,direct,desktop,US,2020,2020-12,2020-12-16,2020-12-14/2020-12-20,2020Q4,2020,2020-12,2020-12-18,2020-12-14/2020-12-20,2020Q4
ef46d94c,6b716df5208101095,2020-12-06 00:00:00,2020-12-07,,Dell Gaming Mouse,f81e,49.98,mobile app,email,desktop,US,2020,2020-12,2020-12-06,2020-11-30/2020-12-06,2020Q4,2020,2020-12,2020-12-07,2020-12-07/2020-12-13,2020Q4
ef46d94c,6b716df5208101096,2020-12-06 00:00:00,2020-12-07,,Dell Gaming Mouse,f81e,49.98,mobile app,email,desktop,US,2020,2020-12,2020-12-06,2020-11-30/2020-12-06,2020Q4,2020,2020-12,2020-12-07,2020-12-07/2020-12-13,2020Q4
b379979d,6ba12b2d28976054,2020-12-14 00:00:00,2020-12-16,11/28/2022,JBL Quantum 100 Gaming Headset,ab0f,19.57,website,direct,desktop,CA,2020,2020-12,2020-12-14,2020-12-14/2020-12-20,2020Q4,2020,2020-12,2020-12-16,2020-12-14/2020-12-20,2020Q4
4048d051,6ba6e94c61229106,2020-12-20 00:00:00,2020-12-21,,JBL Quantum 100 Gaming Headset,4c58,23.98,mobile app,email,desktop,US,2020,2020-12,2020-12-20,2020-12-14/2020-12-20,2020Q4,2020,2020-12,2020-12-21,2020-12-21/2020-12-27,2020Q4
ab3d09ed,6bbcfea8fa372604,2020-01-27 00:00:00,2020-01-29,,Nintendo Switch,e682,176.13,website,direct,desktop,DK,2020,2020-01,2020-01-27,2020-01-27/2020-02-02,2020Q1,2020,2020-01,2020-01-29,2020-01-27/2020-02-02,2020Q1
3dcef81c,6be4ddcabcb28021,2020-12-03 00:00:00,2020-12-04,,Nintendo Switch,8d0d,168.0,website,email,desktop,US,2020,2020-12,2020-12-03,2020-11-30/2020-12-06,2020Q4,2020,2020-12,2020-12-04,2020-11-30/2020-12-06,2020Q4
d720e160,6c0be3f93ea90882,2020-12-19 00:00:00,2020-12-22,,Nintendo Switch,8d0d,142.8,website,affiliate,unknown,US,2020,2020-12,2020-12-19,2020-12-14/2020-12-20,2020Q4,2020,2020-12,2020-12-22,2020-12-21/2020-12-27,2020Q4
4371a835,6c1c8720b4730363,2020-12-06 00:00:00,2020-12-07,,Nintendo Switch,8d0d,160.34,website,direct,desktop,ES,2020,2020-12,2020-12-06,2020-11-30/2020-12-06,2020Q4,2020,2020-12,2020-12-07,2020-12-07/2020-12-13,2020Q4
2b3a5a4e,6c24839c45c20503,2020-12-09 00:00:00,2020-12-11,,27in 4K gaming monitor,891b,439.2,website,direct,desktop,IE,2020,2020-12,2020-12-09,2020-12-07/2020-12-13,2020Q4,2020,2020-12,2020-12-11,2020-12-07/2020-12-13,2020Q4
801d057b,6c47aca671754711,2020-12-24 00:00:00,2020-12-27,2/2/2023,27in 4K gaming monitor,e7e6,480.0,website,direct,desktop,US,2020,2020-12,2020-12-24,2020-12-21/2020-12-27,2020Q4,2020,2020-12,2020-12-27,2020-12-21/2020-12-27,2020Q4
801d057b,6c47aca671754712,2020-12-24 00:00:00,2020-12-27,2/2/2023,27in 4K gaming monitor,e7e6,480.0,website,direct,desktop,US,2020,2020-12,2020-12-24,2020-12-21/2020-12-27,2020Q4,2020,2020-12,2020-12-27,2020-12-21/2020-12-27,2020Q4
52ee53b4,6c5b2ad369c36582,2020-12-03 00:00:00,2020-12-04,,Lenovo IdeaPad Gaming 3,9ef0,1198.0,website,direct,desktop,US,2020,2020-12,2020-12-03,2020-11-30/2020-12-06,2020Q4,2020,2020-12,2020-12-04,2020-11-30/2020-12-06,2020Q4
fce563e4,6cb1789bdb8106797,2020-12-25 00:00:00,2020-12-28,,JBL Quantum 100 Gaming Headset,ab0f,17.63,website,direct,desktop,AU,2020,2020-12,2020-12-25,2020-12-21/2020-12-27,2020Q4,2020,2020-12,2020-12-28,2020-12-28/2021-01-03,2020Q4
fce563e4,6cb1789bdb8106798,2020-12-25 00:00:00,2020-12-28,,JBL Quantum 100 Gaming Headset,ab0f,17.63,website,direct,desktop,AU,2020,2020-12,2020-12-25,2020-12-21/2020-12-27,2020Q4,2020,2020-12,2020-12-28,2020-12-28/2021-01-03,2020Q4
46811f76,6cb768747fd31586,2020-12-20 00:00:00,2020-12-23,12/7/2025,Nintendo Switch,e682,164.69,website,email,desktop,SK,2020,2020-12,2020-12-20,2020-12-14/2020-12-20,2020Q4,2020,2020-12,2020-12-23,2020-12-21/2020-12-27,2020Q4
3e211537,6cb7ee0f42d28160,2020-12-04 00:00:00,2020-12-05,,Nintendo Switch,8d0d,158.9,website,direct,desktop,FR,2020,2020-12,2020-12-04,2020-11-30/2020-12-06,2020Q4,2020,2020-12,2020-12-05,2020-11-30/2020-12-06,2020Q4
d8d37536,6cbb4604bac91606,2020-12-24 00:00:00,2020-12-27,,27in 4K gaming monitor,e7e6,477.32,website,direct,desktop,SE,2020,2020-12,2020-12-24,2020-12-21/2020-12-27,2020Q4,2020,2020-12,2020-12-27,2020-12-21/2020-12-27,2020Q4
cffb445e,6ce4389dbd687871,2020-12-18 00:00:00,2020-12-19,,Dell Gaming Mouse,f81e,51.34,mobile app,direct,desktop,GB,2020,2020-12,2020-12-18,2020-12-14/2020-12-20,2020Q4,2020,2020-12,2020-12-19,2020-12-14/2020-12-20,2020Q4
65bc27ee,6d07fec75f643978,2020-12-08 00:00:00,2020-12-09,,Nintendo Switch,8d0d,168.0,website,affiliate,unknown,US,2020,2020-12,2020-12-08,2020-12-07/2020-12-13,2020Q4,2020,2020-12,2020-12-09,2020-12-07/2020-12-13,2020Q4
65bc27ee,6d07fec75f643979,2020-12-08 00:00:00,2020-12-09,9/3/2023,Nintendo Switch,8d0d,168.0,website,affiliate,unknown,US,2020,2020-12,2020-12-08,2020-12-07/2020-12-13,2020Q4,2020,2020-12,2020-12-09,2020-12-07/2020-12-13,2020Q4
1cc30cfd,6d1b37fa17f14754,2020-12-24 00:00:00,2020-12-27,7/31/2022,27in 4K gaming monitor,e7e6,506.46,website,email,desktop,GB,2020,2020-12,2020-12-24,2020-12-21/2020-12-27,2020Q4,2020,2020-12,2020-12-27,2020-12-21/2020-12-27,2020Q4
760d7a35,6d73f001cc850610,2020-12-01 00:00:00,2020-12-03,12/29/2024,Nintendo Switch,8d0d,168.0,website,affiliate,unknown,US,2020,2020-12,2020-12-01,2020-11-30/2020-12-06,2020Q4,2020,2020-12,2020-12-03,2020-11-30/2020-12-06,2020Q4
3267284,6d7b44b2b7c117,2020-12-30 00:00:00,2021-01-01,,Sony PlayStation 5 Bundle,54ed,1800.0,website,direct,desktop,KW,2020,2020-12,2020-12-30,2020-12-28/2021-01-03,2020Q4,2021,2021-01,2021-01-01,2020-12-28/2021-01-03,2021Q1
f87e7996,6dcd13a9798105002,2020-12-23 00:00:00,2020-12-25,,Sony PlayStation 5 Bundle,54ed,1556.97,website,direct,desktop,PL,2020,2020-12,2020-12-23,2020-12-21/2020-12-27,2020Q4,2020,2020-12,2020-12-25,2020-12-21/2020-12-27,2020Q4
f87e7996,6dcd13a9798105004,2020-12-23 00:00:00,2020-12-25,,Sony PlayStation 5 Bundle,54ed,1556.97,website,direct,desktop,PL,2020,2020-12,2020-12-23,2020-12-21/2020-12-27,2020Q4,2020,2020-12,2020-12-25,2020-12-21/2020-12-27,2020Q4
37d1193a,6e171a917c025616,2020-12-30 00:00:00,2021-01-02,2/12/2024,27in 4K gaming monitor,891b,333.64,website,direct,desktop,US,2020,2020-12,2020-12-30,2020-12-28/2021-01-03,2020Q4,2021,2021-01,2021-01-02,2020-12-28/2021-01-03,2021Q1
09cfeac4,6e2fe077a3c7035,2020-01-28 00:00:00,2020-01-30,1/21/2022,Sony PlayStation 5 Bundle,54ed,1712.77,website,direct,desktop,CA,2020,2020-01,2020-01-28,2020-01-27/2020-02-02,2020Q1,2020,2020-01,2020-01-30,2020-01-27/2020-02-02,2020Q1
60bee446,6e86535b1fe42072,2020-12-25 00:00:00,2020-12-27,12/6/2022,Nintendo Switch,e682,168.0,website,direct,desktop,BR,2020,2020-12,2020-12-25,2020-12-21/2020-12-27,2020Q4,2020,2020-12,2020-12-27,2020-12-21/2020-12-27,2020Q4
60bee446,6e86535b1fe42073,2020-12-25 00:00:00,2020-12-27,12/6/2022,Nintendo Switch,e682,168.0,website,direct,desktop,BR,2020,2020-12,2020-12-25,2020-12-21/2020-12-27,2020Q4,2020,2020-12,2020-12-27,2020-12-21/2020-12-27,2020Q4
196c4b4e,6ea2dfcf99713316,2020-12-18 00:00:00,2020-12-21,11/10/2022,Nintendo Switch,8e5d,160.8,mobile app,email,desktop,US,2020,2020-12,2020-12-18,2020-12-14/2020-12-20,2020Q4,2020,2020-12,2020-12-21,2020-12-21/2020-12-27,2020Q4
196c4b4e,6ea2dfcf99713318,2020-12-18 00:00:00,2020-12-21,11/10/2022,Nintendo Switch,8e5d,160.8,mobile app,email,desktop,US,2020,2020-12,2020-12-18,2020-12-14/2020-12-20,2020Q4,2020,2020-12,2020-12-21,2020-12-21/2020-12-27,2020Q4
bdb3e396,6ee4b33720180299,2020-12-30 00:00:00,2021-01-02,,Nintendo Switch,8d0d,164.88,website,email,desktop,IT,2020,2020-12,2020-12-30,2020-12-28/2021-01-03,2020Q4,2021,2021-01,2021-01-02,2020-12-28/2021-01-03,2021Q1
d74670e8,6f0a20a9ad090939,2020-12-30 00:00:00,2021-01-02,,27in 4K gaming monitor,e7e6,480.0,website,direct,desktop,US,2020,2020-12,2020-12-30,2020-12-28/2021-01-03,2020Q4,2021,2021-01,2021-01-02,2020-12-28/2021-01-03,2021Q1
d8c3878c,6f3c78fac8f91580,2020-12-17 00:00:00,2020-12-20,12/22/2022,Sony PlayStation 5 Bundle,54ed,1800.0,website,direct,desktop,US,2020,2020-12,2020-12-17,2020-12-14/2020-12-20,2020Q4,2020,2020-12,2020-12-20,2020-12-14/2020-12-20,2020Q4
e7dc7c99,6f528a42ab197939,2020-01-26 00:00:00,2020-01-29,,Nintendo Switch,8d0d,168.0,website,email,mobile,CA,2020,2020-01,2020-01-26,2020-01-20/2020-01-26,2020Q1,2020,2020-01,2020-01-29,2020-01-27/2020-02-02,2020Q1
c7ecaa57,6f6949b4fd084573,2020-12-20 00:00:00,2020-12-21,,JBL Quantum 100 Gaming Headset,8315,23.7,mobile app,email,desktop,US,2020,2020-12,2020-12-20,2020-12-14/2020-12-20,2020Q4,2020,2020-12,2020-12-21,2020-12-21/2020-12-27,2020Q4
a44e12cd,6fcf79ace7369546,2020-01-25 00:00:00,2020-01-27,,JBL Quantum 100 Gaming Headset,ab0f,24.0,website,direct,desktop,HU,2020,2020-01,2020-01-25,2020-01-20/2020-01-26,2020Q1,2020,2020-01,2020-01-27,2020-01-27/2020-02-02,2020Q1
fa766fe3,6fd86f1175a105829,2020-12-05 00:00:00,2020-12-06,,Nintendo Switch,8d0d,158.9,website,direct,desktop,FR,2020,2020-12,2020-12-05,2020-11-30/2020-12-06,2020Q4,2020,2020-12,2020-12-06,2020-11-30/2020-12-06,2020Q4
012ce7cf,70298787b4d3658,2020-12-11 00:00:00,2020-12-12,12/5/2022,27in 4K gaming monitor,e7e6,423.02,website,email,desktop,AU,2020,2020-12,2020-12-11,2020-12-07/2020-12-13,2020Q4,2020,2020-12,2020-12-12,2020-12-07/2020-12-13,2020Q4
acb43103,706efe0bf0473172,2020-12-20 00:00:00,2020-12-23,,JBL Quantum 100 Gaming Headset,4c58,23.98,mobile app,direct,desktop,US,2020,2020-12,2020-12-20,2020-12-14/2020-12-20,2020Q4,2020,2020-12,2020-12-23,2020-12-21/2020-12-27,2020Q4
c2ee44e9,708a480708682547,2020-12-25 00:00:00,2020-12-26,,Sony PlayStation 5 Bundle,54ed,1899.24,website,direct,desktop,GB,2020,2020-12,2020-12-25,2020-12-21/2020-12-27,2020Q4,2020,2020-12,2020-12-26,2020-12-21/2020-12-27,2020Q4
c2ee44e9,708a480708682548,2020-12-25 00:00:00,2020-12-26,,Sony PlayStation 5 Bundle,54ed,1899.24,website,direct,desktop,GB,2020,2020-12,2020-12-25,2020-12-21/2020-12-27,2020Q4,2020,2020-12,2020-12-26,2020-12-21/2020-12-27,2020Q4
cd82c861,709d830781086816,2020-12-07 00:00:00,2020-12-10,,Acer Nitro V Gaming Laptop,22ea,798.0,website,direct,desktop,US,2020,2020-12,2020-12-07,2020-12-07/2020-12-13,2020Q4,2020,2020-12,2020-12-10,2020-12-07/2020-12-13,2020Q4
cd82c861,709d830781086817,2020-12-07 00:00:00,2020-12-10,,Acer Nitro V Gaming Laptop,22ea,798.0,website,direct,desktop,US,2020,2020-12,2020-12-07,2020-12-07/2020-12-13,2020Q4,2020,2020-12,2020-12-10,2020-12-07/2020-12-13,2020Q4
b906ad8f,70a17f792a678381,2020-12-06 00:00:00,2020-12-09,,Nintendo Switch,8d0d,164.42,website,direct,desktop,NL,2020,2020-12,2020-12-06,2020-11-30/2020-12-06,2020Q4,2020,2020-12,2020-12-09,2020-12-07/2020-12-13,2020Q4
13260d3c,70bf7c844b110841,2020-01-24 00:00:00,2020-01-25,2/25/2022,JBL Quantum 100 Gaming Headset,ab0f,24.0,website,direct,desktop,US,2020,2020-01,2020-01-24,2020-01-20/2020-01-26,2020Q1,2020,2020-01,2020-01-25,2020-01-20/2020-01-26,2020Q1
13260d3c,70bf7c844b110842,2020-01-24 00:00:00,2020-01-25,2/25/2022,JBL Quantum 100 Gaming Headset,ab0f,24.0,website,direct,desktop,US,2020,2020-01,2020-01-24,2020-01-20/2020-01-26,2020Q1,2020,2020-01,2020-01-25,2020-01-20/2020-01-26,2020Q1
f7d24d5d,70d6cfac729104688,2020-01-29 00:00:00,2020-01-30,,27in 4K gaming monitor,891b,415.14,website,direct,desktop,CZ,2020,2020-01,2020-01-29,2020-01-27/2020-02-02,2020Q1,2020,2020-01,2020-01-30,2020-01-27/2020-02-02,2020Q1
9224c71b,70daba5c40f61988,2020-01-22 00:00:00,2020-01-23,,Nintendo Switch,8d0d,168.0,website,direct,desktop,US,2020,2020-01,2020-01-22,2020-01-20/2020-01-26,2020Q1,2020,2020-01,2020-01-23,2020-01-20/2020-01-26,2020Q1
9224c71b,70daba5c40f61989,2020-01-22 00:00:00,2020-01-23,,Nintendo Switch,8d0d,168.0,website,direct,desktop,US,2020,2020-01,2020-01-22,2020-01-20/2020-01-26,2020Q1,2020,2020-01,2020-01-23,2020-01-20/2020-01-26,2020Q1
0aec3a08,7116808ef607496,2020-01-20 00:00:00,2020-01-21,,Sony PlayStation 5 Bundle,54ed,2038.1,website,direct,desktop,GB,2020,2020-01,2020-01-20,2020-01-20/2020-01-26,2020Q1,2020,2020-01,2020-01-21,2020-01-20/2020-01-26,2020Q1
0aec3a08,7116808ef607497,2020-01-20 00:00:00,2020-01-21,,Sony PlayStation 5 Bundle,54ed,2038.1,website,direct,desktop,GB,2020,2020-01,2020-01-20,2020-01-20/2020-01-26,2020Q1,2020,2020-01,2020-01-21,2020-01-20/2020-01-26,2020Q1
109e691a,7165c08af969828,2020-12-14 00:00:00,2020-12-15,1/31/2023,27in 4K gaming monitor,e7e6,445.51,website,email,desktop,CA,2020,2020-12,2020-12-14,2020-12-14/2020-12-20,2020Q4,2020,2020-12,2020-12-15,2020-12-14/2020-12-20,2020Q4
d8818965,7171806fcc391464,2020-01-26 00:00:00,2020-01-27,,JBL Quantum 100 Gaming Headset,ab0f,24.0,website,direct,desktop,US,2020,2020-01,2020-01-26,2020-01-20/2020-01-26,2020Q1,2020,2020-01,2020-01-27,2020-01-27/2020-02-02,2020Q1
dc5587a2,717f60f7ff593113,2020-12-07 00:00:00,2020-12-10,,Sony PlayStation 5 Bundle,54ed,1165.61,website,direct,desktop,RU,2020,2020-12,2020-12-07,2020-12-07/2020-12-13,2020Q4,2020,2020-12,2020-12-10,2020-12-07/2020-12-13,2020Q4
8daa4070,71b6ebe425660161,2020-12-29 00:00:00,2020-12-30,,JBL Quantum 100 Gaming Headset,ab0f,17.63,website,direct,desktop,AU,2020,2020-12,2020-12-29,2020-12-28/2021-01-03,2020Q4,2020,2020-12,2020-12-30,2020-12-28/2021-01-03,2020Q4
2cd0c7e7,71b8158d6a521150,2020-12-15 00:00:00,2020-12-18,8/9/2022,27in 4K gaming monitor,e7e6,480.0,website,direct,desktop,US,2020,2020-12,2020-12-15,2020-12-14/2020-12-20,2020Q4,2020,2020-12,2020-12-18,2020-12-14/2020-12-20,2020Q4
d8d42202,71cea9c94b791610,2020-12-15 00:00:00,2020-12-18,,JBL Quantum 100 Gaming Headset,ab0f,24.0,website,direct,desktop,PE,2020,2020-12,2020-12-15,2020-12-14/2020-12-20,2020Q4,2020,2020-12,2020-12-18,2020-12-14/2020-12-20,2020Q4
d40b89b6,722006e00c289508,2020-12-18 00:00:00,2020-12-20,,Nintendo Switch,e682,152.04,website,direct,desktop,CA,2020,2020-12,2020-12-18,2020-12-14/2020-12-20,2020Q4,2020,2020-12,2020-12-20,2020-12-14/2020-12-20,2020Q4
1f5adb0e,7291ac73ce715828,2020-01-25 00:00:00,2020-01-28,,27in 4K gaming monitor,891b,387.36,website,direct,desktop,AU,2020,2020-01,2020-01-25,2020-01-20/2020-01-26,2020Q1,2020,2020-01,2020-01-28,2020-01-27/2020-02-02,2020Q1
d378e402,72d659e0b8989285,2020-01-30 00:00:00,2020-02-02,,Nintendo Switch,8d0d,128.98,website,direct,desktop,CA,2020,2020-01,2020-01-30,2020-01-27/2020-02-02,2020Q1,2020,2020-02,2020-02-02,2020-01-27/2020-02-02,2020Q1
c7a7c018,72e8d26b81384460,2020-01-24 00:00:00,2020-01-27,,Nintendo Switch,8d0d,126.67,website,affiliate,unknown,ES,2020,2020-01,2020-01-24,2020-01-20/2020-01-26,2020Q1,2020,2020-01,2020-01-27,2020-01-27/2020-02-02,2020Q1
098bb101,72eecf12c176925,2020-12-23 00:00:00,2020-12-25,,27in 4K gaming monitor,891b,439.2,website,direct,desktop,IE,2020,2020-12,2020-12-23,2020-12-21/2020-12-27,2020Q4,2020,2020-12,2020-12-25,2020-12-21/2020-12-27,2020Q4
098bb101,72eecf12c176926,2020-12-23 00:00:00,2020-12-25,8/28/2022,27in 4K gaming monitor,891b,439.2,website,direct,desktop,IE,2020,2020-12,2020-12-23,2020-12-21/2020-12-27,2020Q4,2020,2020-12,2020-12-25,2020-12-21/2020-12-27,2020Q4
2d47fc77,732abcfe33121334,2020-12-05 00:00:00,2020-12-07,,Lenovo IdeaPad Gaming 3,9ef0,1244.12,website,direct,desktop,GB,2020,2020-12,2020-12-05,2020-11-30/2020-12-06,2020Q4,2020,2020-12,2020-12-07,2020-12-07/2020-12-13,2020Q4
a453f049,73328de483e69555,2020-12-01 00:00:00,2020-12-02,,Nintendo Switch,e682,168.0,website,direct,desktop,US,2020,2020-12,2020-12-01,2020-11-30/2020-12-06,2020Q4,2020,2020-12,2020-12-02,2020-11-30/2020-12-06,2020Q4
e14defa8,73c0753caf695216,2020-01-21 00:00:00,2020-01-23,,Nintendo Switch,8d0d,168.0,website,direct,desktop,US,2020,2020-01,2020-01-21,2020-01-20/2020-01-26,2020Q1,2020,2020-01,2020-01-23,2020-01-20/2020-01-26,2020Q1
f03489ea,73fc3b3f17f101517,2020-12-01 00:00:00,2020-12-02,,Nintendo Switch,e682,168.0,website,direct,desktop,US,2020,2020-12,2020-12-01,2020-11-30/2020-12-06,2020Q4,2020,2020-12,2020-12-02,2020-11-30/2020-12-06,2020Q4
a7a0cc21,74169ad278f71007,2020-12-29 00:00:00,2021-01-01,1/12/2023,27in 4K gaming monitor,e7e6,480.0,website,email,desktop,US,2020,2020-12,2020-12-29,2020-12-28/2021-01-03,2020Q4,2021,2021-01,2021-01-01,2020-12-28/2021-01-03,2021Q1
c190d150,7.4179121E+021,2020-12-11 00:00:00,2020-12-13,,Nintendo Switch,8d0d,148.35,website,direct,desktop,AU,2020,2020-12,2020-12-11,2020-12-07/2020-12-13,2020Q4,2020,2020-12,2020-12-13,2020-12-07/2020-12-13,2020Q4
c190d150,7.4179121E+021,2020-12-11 00:00:00,2020-12-13,1/24/2025,Nintendo Switch,8d0d,148.35,website,direct,desktop,AU,2020,2020-12,2020-12-11,2020-12-07/2020-12-13,2020Q4,2020,2020-12,2020-12-13,2020-12-07/2020-12-13,2020Q4
9f6798b9,7471e99ab2367399,2020-01-25 00:00:00,2020-01-27,6/27/2022,Nintendo Switch,e682,168.0,website,email,mobile,US,2020,2020-01,2020-01-25,2020-01-20/2020-01-26,2020Q1,2020,2020-01,2020-01-27,2020-01-27/2020-02-02,2020Q1
215e3d22,74d6a8130a816585,2020-12-27 00:00:00,2020-12-29,,27in 4K gaming monitor,891b,454.21,website,direct,desktop,JP,2020,2020-12,2020-12-27,2020-12-21/2020-12-27,2020Q4,2020,2020-12,2020-12-29,2020-12-28/2021-01-03,2020Q4
0630720c,75516d769415634,2020-12-12 00:00:00,2020-12-14,,JBL Quantum 100 Gaming Headset,8315,23.36,mobile app,direct,desktop,US,2020,2020-12,2020-12-12,2020-12-07/2020-12-13,2020Q4,2020,2020-12,2020-12-14,2020-12-14/2020-12-20,2020Q4
9b78a6ba,755cce75d5265713,2020-12-21 00:00:00,2020-12-22,,Nintendo Switch,8d0d,159.84,website,email,desktop,KR,2020,2020-12,2020-12-21,2020-12-21/2020-12-27,2020Q4,2020,2020-12,2020-12-22,2020-12-21/2020-12-27,2020Q4
9b78a6ba,755cce75d5265714,2020-12-21 00:00:00,2020-12-22,,Nintendo Switch,8d0d,159.84,website,email,desktop,KR,2020,2020-12,2020-12-21,2020-12-21/2020-12-27,2020Q4,2020,2020-12,2020-12-22,2020-12-21/2020-12-27,2020Q4
bd79f1c6,7576cb7a8e380209,2020-01-24 00:00:00,2020-01-25,,Nintendo Switch,8d0d,168.0,website,direct,desktop,BR,2020,2020-01,2020-01-24,2020-01-20/2020-01-26,2020Q1,2020,2020-01,2020-01-25,2020-01-20/2020-01-26,2020Q1
c70d8a96,7597538033784186,2020-12-14 00:00:00,2020-12-17,,Nintendo Switch,8d0d,168.0,website,email,desktop,US,2020,2020-12,2020-12-14,2020-12-14/2020-12-20,2020Q4,2020,2020-12,2020-12-17,2020-12-14/2020-12-20,2020Q4
ead2f401,759c5bb9ec399206,2020-12-14 00:00:00,2020-12-15,,Nintendo Switch,e682,168.0,website,direct,desktop,US,2020,2020-12,2020-12-14,2020-12-14/2020-12-20,2020Q4,2020,2020-12,2020-12-15,2020-12-14/2020-12-20,2020Q4
d4ea3aa5,76052d9ad9789855,2020-12-06 00:00:00,2020-12-08,9/19/2024,Nintendo Switch,e682,168.0,website,direct,desktop,US,2020,2020-12,2020-12-06,2020-11-30/2020-12-06,2020Q4,2020,2020-12,2020-12-08,2020-12-07/2020-12-13,2020Q4
39dca0c9,7645b48182426424,2020-12-20 00:00:00,2020-12-23,,Nintendo Switch,8d0d,168.0,website,direct,desktop,US,2020,2020-12,2020-12-20,2020-12-14/2020-12-20,2020Q4,2020,2020-12,2020-12-23,2020-12-21/2020-12-27,2020Q4
d5a32217,764fc0b25ab90216,2020-01-31 00:00:00,2020-02-02,,Nintendo Switch,e682,168.0,website,direct,desktop,US,2020,2020-01,2020-01-31,2020-01-27/2020-02-02,2020Q1,2020,2020-02,2020-02-02,2020-01-27/2020-02-02,2020Q1
16a31464,76517da085c12220,2020-12-18 00:00:00,2020-12-21,,27in 4K gaming monitor,e7e6,480.0,website,direct,desktop,US,2020,2020-12,2020-12-18,2020-12-14/2020-12-20,2020Q4,2020,2020-12,2020-12-21,2020-12-21/2020-12-27,2020Q4
380bea38,76a4207239725700,2020-12-12 00:00:00,2020-12-13,,Dell Gaming Mouse,f81e,50.9,mobile app,email,desktop,IT,2020,2020-12,2020-12-12,2020-12-07/2020-12-13,2020Q4,2020,2020-12,2020-12-13,2020-12-07/2020-12-13,2020Q4
380bea38,76a4207239725701,2020-12-12 00:00:00,2020-12-13,,Dell Gaming Mouse,f81e,50.9,mobile app,email,desktop,IT,2020,2020-12,2020-12-12,2020-12-07/2020-12-13,2020Q4,2020,2020-12,2020-12-13,2020-12-07/2020-12-13,2020Q4
d33e8101,77dc909cf4f89175,2020-12-04 00:00:00,2020-12-05,,Sony PlayStation 5 Bundle,54ed,1659.19,website,direct,desktop,AT,2020,2020-12,2020-12-04,2020-11-30/2020-12-06,2020Q4,2020,2020-12,2020-12-05,2020-11-30/2020-12-06,2020Q4
d33e8101,77dc909cf4f89176,2020-12-04 00:00:00,2020-12-05,,Sony PlayStation 5 Bundle,54ed,1659.19,website,direct,desktop,AT,2020,2020-12,2020-12-04,2020-11-30/2020-12-06,2020Q4,2020,2020-12,2020-12-05,2020-11-30/2020-12-06,2020Q4
870f8476,77f6dfae24b57431,2020-01-22 00:00:00,2020-01-24,,Sony PlayStation 5 Bundle,54ed,1640.14,website,direct,desktop,JP,2020,2020-01,2020-01-22,2020-01-20/2020-01-26,2020Q1,2020,2020-01,2020-01-24,2020-01-20/2020-01-26,2020Q1
6397711a,780a9741fc943138,2020-12-07 00:00:00,2020-12-10,7/28/2022,Nintendo Switch,8e5d,163.8,mobile app,email,desktop,US,2020,2020-12,2020-12-07,2020-12-07/2020-12-13,2020Q4,2020,2020-12,2020-12-10,2020-12-07/2020-12-13,2020Q4
45109f60,780d273282231030,2020-12-05 00:00:00,2020-12-07,,Nintendo Switch,8d0d,168.0,website,direct,desktop,US,2020,2020-12,2020-12-05,2020-11-30/2020-12-06,2020Q4,2020,2020-12,2020-12-07,2020-12-07/2020-12-13,2020Q4
8dfaafbd,7823d75d02060285,2020-12-22 00:00:00,2020-12-24,,Nintendo Switch,e682,168.0,website,direct,desktop,CO,2020,2020-12,2020-12-22,2020-12-21/2020-12-27,2020Q4,2020,2020-12,2020-12-24,2020-12-21/2020-12-27,2020Q4
4a29f65d,783ee1a42ca32998,2020-12-05 00:00:00,2020-12-07,6/13/2025,Nintendo Switch,e682,179.22,website,direct,desktop,GB,2020,2020-12,2020-12-05,2020-11-30/2020-12-06,2020Q4,2020,2020-12,2020-12-07,2020-12-07/2020-12-13,2020Q4
460427aa,785a91fca8c31428,2020-12-15 00:00:00,2020-12-18,12/11/2023,27in 4K gaming monitor,891b,480.0,website,direct,desktop,BD,2020,2020-12,2020-12-15,2020-12-14/2020-12-20,2020Q4,2020,2020-12,2020-12-18,2020-12-14/2020-12-20,2020Q4
87a90f08,78699337357662,2020-12-24 00:00:00,2020-12-25,12/2/2025,Lenovo IdeaPad Gaming 3,04ac,1018.3,website,direct,desktop,US,2020,2020-12,2020-12-24,2020-12-21/2020-12-27,2020Q4,2020,2020-12,2020-12-25,2020-12-21/2020-12-27,2020Q4
a32f86fb,7888e4d97a369055,2020-12-15 00:00:00,2020-12-16,,Nintendo Switch,8e5d,168.54,mobile app,affiliate,unknown,US,2020,2020-12,2020-12-15,2020-12-14/2020-12-20,2020Q4,2020,2020-12,2020-12-16,2020-12-14/2020-12-20,2020Q4
f954267a,78930932f64105321,2020-12-20 00:00:00,2020-12-22,,Nintendo Switch,8d0d,168.0,website,affiliate,unknown,US,2020,2020-12,2020-12-20,2020-12-14/2020-12-20,2020Q4,2020,2020-12,2020-12-22,2020-12-21/2020-12-27,2020Q4
f954267a,78930932f64105322,2020-12-20 00:00:00,2020-12-22,,Nintendo Switch,8d0d,168.0,website,affiliate,unknown,US,2020,2020-12,2020-12-20,2020-12-14/2020-12-20,2020Q4,2020,2020-12,2020-12-22,2020-12-21/2020-12-27,2020Q4
20cf9a97,78be2e006ca16375,2020-12-18 00:00:00,2020-12-20,,Lenovo IdeaPad Gaming 3,9ef0,1198.0,website,direct,desktop,IN,2020,2020-12,2020-12-18,2020-12-14/2020-12-20,2020Q4,2020,2020-12,2020-12-20,2020-12-14/2020-12-20,2020Q4
20cf9a97,78be2e006ca16376,2020-12-18 00:00:00,2020-12-20,,Lenovo IdeaPad Gaming 3,9ef0,1198.0,website,direct,desktop,IN,2020,2020-12,2020-12-18,2020-12-14/2020-12-20,2020Q4,2020,2020-12,2020-12-20,2020-12-14/2020-12-20,2020Q4
20cf9a97,78be2e006ca16377,2020-12-18 00:00:00,2020-12-20,,Lenovo IdeaPad Gaming 3,9ef0,1198.0,website,direct,desktop,IN,2020,2020-12,2020-12-18,2020-12-14/2020-12-20,2020Q4,2020,2020-12,2020-12-20,2020-12-14/2020-12-20,2020Q4
2ac988e0,78e64bfae3820313,2020-12-23 00:00:00,2020-12-26,8/28/2025,27in 4K gaming monitor,891b,326.72,website,direct,desktop,US,2020,2020-12,2020-12-23,2020-12-21/2020-12-27,2020Q4,2020,2020-12,2020-12-26,2020-12-21/2020-12-27,2020Q4
ae9b990e,78f7c7cc65573991,2020-12-25 00:00:00,2020-12-27,,JBL Quantum 100 Gaming Headset,8315,23.66,mobile app,email,desktop,JP,2020,2020-12,2020-12-25,2020-12-21/2020-12-27,2020Q4,2020,2020-12,2020-12-27,2020-12-21/2020-12-27,2020Q4
ae9b990e,78f7c7cc65573992,2020-12-25 00:00:00,2020-12-27,,JBL Quantum 100 Gaming Headset,8315,23.66,mobile app,email,desktop,JP,2020,2020-12,2020-12-25,2020-12-21/2020-12-27,2020Q4,2020,2020-12,2020-12-27,2020-12-21/2020-12-27,2020Q4
2189f334,79068e2e51516652,2020-12-19 00:00:00,2020-12-22,,Lenovo IdeaPad Gaming 3,04ac,1198.0,website,direct,desktop,US,2020,2020-12,2020-12-19,2020-12-14/2020-12-20,2020Q4,2020,2020-12,2020-12-22,2020-12-21/2020-12-27,2020Q4
f9bd6c6a,791b31a3ab2105506,2020-12-11 00:00:00,2020-12-14,,Lenovo IdeaPad Gaming 3,04ac,1244.12,website,direct,desktop,GB,2020,2020-12,2020-12-11,2020-12-07/2020-12-13,2020Q4,2020,2020-12,2020-12-14,2020-12-14/2020-12-20,2020Q4
2f9a88d9,799c0eb8ef022361,2020-12-20 00:00:00,2020-12-23,,Nintendo Switch,8d0d,148.35,website,direct,desktop,AU,2020,2020-12,2020-12-20,2020-12-14/2020-12-20,2020Q4,2020,2020-12,2020-12-23,2020-12-21/2020-12-27,2020Q4
eabd766f,7a091ad15be99174,2020-12-08 00:00:00,2020-12-09,2/2/2023,27in 4K gaming monitor,891b,283.4,website,direct,desktop,AU,2020,2020-12,2020-12-08,2020-12-07/2020-12-13,2020Q4,2020,2020-12,2020-12-09,2020-12-07/2020-12-13,2020Q4
fb24932e,7a259b6dee1106115,2020-12-25 00:00:00,2020-12-26,1/2/2026,Nintendo Switch,8e5d,166.5,mobile app,direct,desktop,GB,2020,2020-12,2020-12-25,2020-12-21/2020-12-27,2020Q4,2020,2020-12,2020-12-26,2020-12-21/2020-12-27,2020Q4
e405340c,7a2aa566f7e96314,2020-12-09 00:00:00,2020-12-12,,JBL Quantum 100 Gaming Headset,ab0f,23.24,website,direct,desktop,IE,2020,2020-12,2020-12-09,2020-12-07/2020-12-13,2020Q4,2020,2020-12,2020-12-12,2020-12-07/2020-12-13,2020Q4
b66cdb8d,7a5f67e18fa77291,2020-01-27 00:00:00,2020-01-28,,27in 4K gaming monitor,e7e6,480.0,website,direct,desktop,US,2020,2020-01,2020-01-27,2020-01-27/2020-02-02,2020Q1,2020,2020-01,2020-01-28,2020-01-27/2020-02-02,2020Q1
b66cdb8d,7a5f67e18fa77291,2020-01-27 00:00:00,2020-01-28,,27in 4K gaming monitor,e7e6,480.0,website,direct,desktop,US,2020,2020-01,2020-01-27,2020-01-27/2020-02-02,2020Q1,2020,2020-01,2020-01-28,2020-01-27/2020-02-02,2020Q1
d4035904,7a5f7869d0389500,2020-12-03 00:00:00,2020-12-04,,Nintendo Switch,8d0d,142.8,website,email,desktop,US,2020,2020-12,2020-12-03,2020-11-30/2020-12-06,2020Q4,2020,2020-12,2020-12-04,2020-11-30/2020-12-06,2020Q4
bd083f30,7a64b80d01580012,2020-12-01 00:00:00,2020-12-03,,JBL Quantum 100 Gaming Headset,8315,23.64,mobile app,direct,desktop,AU,2020,2020-12,2020-12-01,2020-11-30/2020-12-06,2020Q4,2020,2020-12,2020-12-03,2020-11-30/2020-12-06,2020Q4
a5038226,7ae7cc5eb9469855,2020-12-22 00:00:00,2020-12-24,,JBL Quantum 100 Gaming Headset,ab0f,24.0,website,direct,desktop,US,2020,2020-12,2020-12-22,2020-12-21/2020-12-27,2020Q4,2020,2020-12,2020-12-24,2020-12-21/2020-12-27,2020Q4
a5038226,7ae7cc5eb9469856,2020-12-22 00:00:00,2020-12-24,,JBL Quantum 100 Gaming Headset,ab0f,24.0,website,direct,desktop,US,2020,2020-12,2020-12-22,2020-12-21/2020-12-27,2020Q4,2020,2020-12,2020-12-24,2020-12-21/2020-12-27,2020Q4
f68ea9d6,7aec94aefcb104152,2020-12-07 00:00:00,2020-12-10,,Nintendo Switch,8d0d,160.34,website,email,desktop,BR,2020,2020-12,2020-12-07,2020-12-07/2020-12-13,2020Q4,2020,2020-12,2020-12-10,2020-12-07/2020-12-13,2020Q4
ee6d49b5,7aedfb1937e100722,2020-12-13 00:00:00,2020-12-14,,Nintendo Switch,e682,158.9,website,direct,desktop,FR,2020,2020-12,2020-12-13,2020-12-07/2020-12-13,2020Q4,2020,2020-12,2020-12-14,2020-12-14/2020-12-20,2020Q4
0f8a1546,7b4be75e3cc9412,2020-12-19 00:00:00,2020-12-22,11/8/2022,27in 4K gaming monitor,e7e6,480.0,website,direct,desktop,RO,2020,2020-12,2020-12-19,2020-12-14/2020-12-20,2020Q4,2020,2020-12,2020-12-22,2020-12-21/2020-12-27,2020Q4
f2ec026e,7b6aa69426c102659,2020-01-25 00:00:00,2020-01-28,,Nintendo Switch,8d0d,148.67,website,direct,desktop,DE,2020,2020-01,2020-01-25,2020-01-20/2020-01-26,2020Q1,2020,2020-01,2020-01-28,2020-01-27/2020-02-02,2020Q1
f2ec026e,7b6aa69426c102660,2020-01-25 00:00:00,2020-01-28,,Nintendo Switch,8d0d,148.67,website,direct,desktop,DE,2020,2020-01,2020-01-25,2020-01-20/2020-01-26,2020Q1,2020,2020-01,2020-01-28,2020-01-27/2020-02-02,2020Q1
cc2f3233,7be74d62d3a86267,2020-12-03 00:00:00,2020-12-06,,Nintendo Switch,8d0d,168.0,website,email,desktop,US,2020,2020-12,2020-12-03,2020-11-30/2020-12-06,2020Q4,2020,2020-12,2020-12-06,2020-11-30/2020-12-06,2020Q4
5955fe88,7c12036fb2e39062,2020-12-21 00:00:00,2020-12-23,,Nintendo Switch,e682,168.0,website,direct,desktop,HU,2020,2020-12,2020-12-21,2020-12-21/2020-12-27,2020Q4,2020,2020-12,2020-12-23,2020-12-21/2020-12-27,2020Q4
d032c99d,7c12a26ab7187956,2020-12-21 00:00:00,2020-12-23,,Nintendo Switch,8d0d,168.0,website,direct,desktop,US,2020,2020-12,2020-12-21,2020-12-21/2020-12-27,2020Q4,2020,2020-12,2020-12-23,2020-12-21/2020-12-27,2020Q4
d8eb741d,7c368f9c39991656,2020-12-22 00:00:00,2020-12-24,,Dell Gaming Mouse,8d4f,49.98,mobile app,direct,desktop,US,2020,2020-12,2020-12-22,2020-12-21/2020-12-27,2020Q4,2020,2020-12,2020-12-24,2020-12-21/2020-12-27,2020Q4
d8eb741d,7c368f9c39991657,2020-12-22 00:00:00,2020-12-24,,Dell Gaming Mouse,8d4f,49.98,mobile app,direct,desktop,US,2020,2020-12,2020-12-22,2020-12-21/2020-12-27,2020Q4,2020,2020-12,2020-12-24,2020-12-21/2020-12-27,2020Q4
f89306d8,7c3cc2a21c6105030,2020-12-24 00:00:00,2020-12-25,,Nintendo Switch,e682,168.0,website,direct,desktop,US,2020,2020-12,2020-12-24,2020-12-21/2020-12-27,2020Q4,2020,2020-12,2020-12-25,2020-12-21/2020-12-27,2020Q4
2b61b17d,7c9434eb1fb20563,2020-01-29 00:00:00,2020-01-30,,Nintendo Switch,8d0d,146.68,website,direct,desktop,KR,2020,2020-01,2020-01-29,2020-01-27/2020-02-02,2020Q1,2020,2020-01,2020-01-30,2020-01-27/2020-02-02,2020Q1
288b22d1,7c96848291c19391,2020-12-23 00:00:00,2020-12-24,,27in 4K gaming monitor,891b,442.26,website,direct,desktop,US,2020,2020-12,2020-12-23,2020-12-21/2020-12-27,2020Q4,2020,2020-12,2020-12-24,2020-12-21/2020-12-27,2020Q4
b31b1d7b,7cb5bf66c8b75887,2020-12-15 00:00:00,2020-12-18,8/27/2025,Nintendo Switch,8d0d,126.1,website,direct,desktop,AU,2020,2020-12,2020-12-15,2020-12-14/2020-12-20,2020Q4,2020,2020-12,2020-12-18,2020-12-14/2020-12-20,2020Q4
814fade7,7cff33eae6655163,2020-12-04 00:00:00,2020-12-05,,Nintendo Switch,8d0d,142.8,website,direct,desktop,US,2020,2020-12,2020-12-04,2020-11-30/2020-12-06,2020Q4,2020,2020-12,2020-12-05,2020-11-30/2020-12-06,2020Q4
814fade7,7cff33eae6655164,2020-12-04 00:00:00,2020-12-05,,Nintendo Switch,8d0d,142.8,website,direct,desktop,US,2020,2020-12,2020-12-04,2020-11-30/2020-12-06,2020Q4,2020,2020-12,2020-12-05,2020-11-30/2020-12-06,2020Q4
6270d6f9,7d09de332e342684,2020-01-27 00:00:00,2020-01-30,,27in 4K gaming monitor,891b,332.2,website,direct,desktop,BR,2020,2020-01,2020-01-27,2020-01-27/2020-02-02,2020Q1,2020,2020-01,2020-01-30,2020-01-27/2020-02-02,2020Q1
6270d6f9,7d09de332e342684,2020-01-27 00:00:00,2020-01-30,,27in 4K gaming monitor,891b,332.2,website,direct,desktop,BR,2020,2020-01,2020-01-27,2020-01-27/2020-02-02,2020Q1,2020,2020-01,2020-01-30,2020-01-27/2020-02-02,2020Q1
32b9ffcc,7d13173f0f623602,2020-12-26 00:00:00,2020-12-28,,Nintendo Switch,e682,168.0,website,direct,desktop,US,2020,2020-12,2020-12-26,2020-12-21/2020-12-27,2020Q4,2020,2020-12,2020-12-28,2020-12-28/2021-01-03,2020Q4
2bf7872c,7d1985a36be20810,2020-12-12 00:00:00,2020-12-13,,Nintendo Switch,e682,168.0,website,direct,desktop,US,2020,2020-12,2020-12-12,2020-12-07/2020-12-13,2020Q4,2020,2020-12,2020-12-13,2020-12-07/2020-12-13,2020Q4
db1fd592,7d25257cefe92591,2020-12-22 00:00:00,2020-12-24,,Sony PlayStation 5 Bundle,54ed,1800.0,website,direct,desktop,US,2020,2020-12,2020-12-22,2020-12-21/2020-12-27,2020Q4,2020,2020-12,2020-12-24,2020-12-21/2020-12-27,2020Q4
80bb0251,7d58e380dcd54944,2020-12-26 00:00:00,2020-12-27,,JBL Quantum 100 Gaming Headset,ab0f,24.0,website,direct,desktop,US,2020,2020-12,2020-12-26,2020-12-21/2020-12-27,2020Q4,2020,2020-12,2020-12-27,2020-12-21/2020-12-27,2020Q4
729c1924,7dd5dcf564c49214,2020-12-06 00:00:00,2020-12-07,,Nintendo Switch,8d0d,168.0,website,direct,desktop,US,2020,2020-12,2020-12-06,2020-11-30/2020-12-06,2020Q4,2020,2020-12,2020-12-07,2020-12-07/2020-12-13,2020Q4
883cbd84,7e0559f6bb757879,2020-12-21 00:00:00,2020-12-24,1/31/2023,Nintendo Switch,8d0d,128.27,website,direct,desktop,DE,2020,2020-12,2020-12-21,2020-12-21/2020-12-27,2020Q4,2020,2020-12,2020-12-24,2020-12-21/2020-12-27,2020Q4
883cbd84,7e0559f6bb757880,2020-12-21 00:00:00,2020-12-24,,Nintendo Switch,8d0d,128.27,website,direct,desktop,DE,2020,2020-12,2020-12-21,2020-12-21/2020-12-27,2020Q4,2020,2020-12,2020-12-24,2020-12-21/2020-12-27,2020Q4
dfc697f3,7e06e2e294294598,2020-12-07 00:00:00,2020-12-08,,Dell Gaming Mouse,f81e,51.12,mobile app,direct,desktop,IN,2020,2020-12,2020-12-07,2020-12-07/2020-12-13,2020Q4,2020,2020-12,2020-12-08,2020-12-07/2020-12-13,2020Q4
c4999191,7e1aee8be2683217,2020-01-28 00:00:00,2020-01-31,,Nintendo Switch,8d0d,150.53,website,direct,desktop,PT,2020,2020-01,2020-01-28,2020-01-27/2020-02-02,2020Q1,2020,2020-01,2020-01-31,2020-01-27/2020-02-02,2020Q1
e6ecd22f,7e26da5445f97544,2020-12-21 00:00:00,2020-12-24,,JBL Quantum 100 Gaming Headset,ab0f,24.0,website,direct,desktop,US,2020,2020-12,2020-12-21,2020-12-21/2020-12-27,2020Q4,2020,2020-12,2020-12-24,2020-12-21/2020-12-27,2020Q4
e15aee2e,7e66ad7066195241,2020-12-07 00:00:00,2020-12-10,8/26/2025,Nintendo Switch,8d0d,126.0,website,direct,desktop,US,2020,2020-12,2020-12-07,2020-12-07/2020-12-13,2020Q4,2020,2020-12,2020-12-10,2020-12-07/2020-12-13,2020Q4
a853bf72,7e77cc3e73271316,2020-12-17 00:00:00,2020-12-20,,JBL Quantum 100 Gaming Headset,ab0f,22.53,website,direct,desktop,JP,2020,2020-12,2020-12-17,2020-12-14/2020-12-20,2020Q4,2020,2020-12,2020-12-20,2020-12-14/2020-12-20,2020Q4
27ce5dc4,7e80737cea719120,2020-12-06 00:00:00,2020-12-09,,Nintendo Switch,e682,168.0,website,direct,desktop,US,2020,2020-12,2020-12-06,2020-11-30/2020-12-06,2020Q4,2020,2020-12,2020-12-09,2020-12-07/2020-12-13,2020Q4
1427ca42,7e821e94dc011243,2020-12-29 00:00:00,2021-01-01,,Nintendo Switch,e682,51.26,website,direct,desktop,TR,2020,2020-12,2020-12-29,2020-12-28/2021-01-03,2020Q4,2021,2021-01,2021-01-01,2020-12-28/2021-01-03,2021Q1
f1e47071,7e8dab4db9e102226,2020-12-09 00:00:00,2020-12-12,,JBL Quantum 100 Gaming Headset,ab0f,6.11,website,direct,desktop,TR,2020,2020-12,2020-12-09,2020-12-07/2020-12-13,2020Q4,2020,2020-12,2020-12-12,2020-12-07/2020-12-13,2020Q4
2be62f03,7ebe7c53b8b20766,2020-01-25 00:00:00,2020-01-28,12/27/2021,Nintendo Switch,8d0d,168.0,website,direct,desktop,US,2020,2020-01,2020-01-25,2020-01-20/2020-01-26,2020Q1,2020,2020-01,2020-01-28,2020-01-27/2020-02-02,2020Q1
1db9d78a,7ed14bf67eb15182,2020-12-31 01:54:33,2021-01-03,,Sony PlayStation 5 Bundle,54ed,1800.0,website,direct,desktop,US,2020,2020-12,2020-12-31,2020-12-28/2021-01-03,2020Q4,2021,2021-01,2021-01-03,2020-12-28/2021-01-03,2021Q1
b98a369f,7ede49a397e78617,2020-12-22 00:00:00,2020-12-24,1/9/2022,27in 4K gaming monitor,891b,450.62,website,direct,desktop,JP,2020,2020-12,2020-12-22,2020-12-21/2020-12-27,2020Q4,2020,2020-12,2020-12-24,2020-12-21/2020-12-27,2020Q4
e342a2da,7ee3023b02695991,2020-12-18 00:00:00,2020-12-19,,JBL Quantum 100 Gaming Headset,8315,23.46,mobile app,email,desktop,KW,2020,2020-12,2020-12-18,2020-12-14/2020-12-20,2020Q4,2020,2020-12,2020-12-19,2020-12-14/2020-12-20,2020Q4
82e57345,7ef3da61cb355770,2020-12-19 00:00:00,2020-12-22,2/14/2025,Nintendo Switch,8d0d,168.0,website,direct,desktop,US,2020,2020-12,2020-12-19,2020-12-14/2020-12-20,2020Q4,2020,2020-12,2020-12-22,2020-12-21/2020-12-27,2020Q4
82e57345,7ef3da61cb355771,2020-12-19 00:00:00,2020-12-22,,Nintendo Switch,8d0d,168.0,website,direct,desktop,US,2020,2020-12,2020-12-19,2020-12-14/2020-12-20,2020Q4,2020,2020-12,2020-12-22,2020-12-21/2020-12-27,2020Q4
10ea4015,7f1313403939960,2020-12-02 00:00:00,2020-12-03,,Nintendo Switch,e682,168.0,website,direct,desktop,US,2020,2020-12,2020-12-02,2020-11-30/2020-12-06,2020Q4,2020,2020-12,2020-12-03,2020-11-30/2020-12-06,2020Q4
f533bb2d,7f1eef31b16103620,2020-12-31 00:00:00,2021-01-03,,Dell Gaming Mouse,8d4f,49.98,mobile app,direct,desktop,US,2020,2020-12,2020-12-31,2020-12-28/2021-01-03,2020Q4,2021,2021-01,2021-01-03,2020-12-28/2021-01-03,2021Q1
d8280d4d,7f85adbda3991320,2020-12-25 00:00:00,2020-12-28,,Dell Gaming Mouse,8d4f,58.07,mobile app,email,desktop,ES,2020,2020-12,2020-12-25,2020-12-21/2020-12-27,2020Q4,2020,2020-12,2020-12-28,2020-12-28/2021-01-03,2020Q4
b9b19d86,7f8d5a4113978678,2020-12-19 00:00:00,2020-12-20,,Nintendo Switch,e682,154.75,website,direct,desktop,CA,2020,2020-12,2020-12-19,2020-12-14/2020-12-20,2020Q4,2020,2020-12,2020-12-20,2020-12-14/2020-12-20,2020Q4
7c62b16b,7fcdf14c31653167,2020-12-23 00:00:00,2020-12-26,,JBL Quantum 100 Gaming Headset,4db1,24.29,mobile app,email,desktop,MY,2020,2020-12,2020-12-23,2020-12-21/2020-12-27,2020Q4,2020,2020-12,2020-12-26,2020-12-21/2020-12-27,2020Q4
7c62b16b,7fcdf14c31653168,2020-12-23 00:00:00,2020-12-26,,JBL Quantum 100 Gaming Headset,4db1,24.29,mobile app,email,desktop,MY,2020,2020-12,2020-12-23,2020-12-21/2020-12-27,2020Q4,2020,2020-12,2020-12-26,2020-12-21/2020-12-27,2020Q4
a4603794,7fe17b9dbf969583,2020-12-20 00:00:00,2020-12-23,10/18/2022,27in 4K gaming monitor,891b,450.44,website,direct,desktop,US,2020,2020-12,2020-12-20,2020-12-14/2020-12-20,2020Q4,2020,2020-12,2020-12-23,2020-12-21/2020-12-27,2020Q4
b35c7e9f,8050f921e5776010,2020-12-07 00:00:00,2020-12-09,,Sony PlayStation 5 Bundle,54ed,1800.0,website,direct,desktop,AR,2020,2020-12,2020-12-07,2020-12-07/2020-12-13,2020Q4,2020,2020-12,2020-12-09,2020-12-07/2020-12-13,2020Q4
361aa355,805e298686624910,2020-12-02 00:00:00,2020-12-04,5/11/2021,Nintendo Switch,e682,181.02,website,direct,desktop,GB,2020,2020-12,2020-12-02,2020-11-30/2020-12-06,2020Q4,2020,2020-12,2020-12-04,2020-11-30/2020-12-06,2020Q4
b346efde,806df8788e675978,2020-12-11 00:00:00,2020-12-12,,Nintendo Switch,e682,168.0,website,direct,desktop,US,2020,2020-12,2020-12-11,2020-12-07/2020-12-13,2020Q4,2020,2020-12,2020-12-12,2020-12-07/2020-12-13,2020Q4
89c1a4fc,80b73b513ac58500,2020-12-19 00:00:00,2020-12-22,,Dell Gaming Mouse,f81e,59.72,mobile app,email,desktop,DE,2020,2020-12,2020-12-19,2020-12-14/2020-12-20,2020Q4,2020,2020-12,2020-12-22,2020-12-21/2020-12-27,2020Q4
cc459ab3,80bb9ea1dfa86292,2020-12-10 00:00:00,2020-12-11,,Nintendo Switch,e682,181.02,website,direct,desktop,GB,2020,2020-12,2020-12-10,2020-12-07/2020-12-13,2020Q4,2020,2020-12,2020-12-11,2020-12-07/2020-12-13,2020Q4
83af92f8,80dc4d4531c56064,2020-12-28 00:00:00,2020-12-30,,Nintendo Switch,e682,164.88,website,direct,desktop,FR,2020,2020-12,2020-12-28,2020-12-28/2021-01-03,2020Q4,2020,2020-12,2020-12-30,2020-12-28/2021-01-03,2020Q4
9fe6d04f,80e1dc4141367615,2020-12-17 00:00:00,2020-12-18,6/16/2023,Nintendo Switch,8d0d,181.02,website,direct,desktop,GB,2020,2020-12,2020-12-17,2020-12-14/2020-12-20,2020Q4,2020,2020-12,2020-12-18,2020-12-14/2020-12-20,2020Q4
0da98d7c,80e4f2c4bf38616,2020-12-29 00:00:00,2021-01-01,,Nintendo Switch,e682,168.0,website,email,desktop,US,2020,2020-12,2020-12-29,2020-12-28/2021-01-03,2020Q4,2021,2021-01,2021-01-01,2020-12-28/2021-01-03,2021Q1
91400d9e,8101a5529fc61579,2020-12-24 00:00:00,2020-12-25,,Nintendo Switch,8d0d,46.8,website,direct,desktop,TR,2020,2020-12,2020-12-24,2020-12-21/2020-12-27,2020Q4,2020,2020-12,2020-12-25,2020-12-21/2020-12-27,2020Q4
91400d9e,8101a5529fc61580,2020-12-24 00:00:00,2020-12-25,,Nintendo Switch,8d0d,46.8,website,direct,desktop,TR,2020,2020-12,2020-12-24,2020-12-21/2020-12-27,2020Q4,2020,2020-12,2020-12-25,2020-12-21/2020-12-27,2020Q4
747d52b0,8131173562549987,2020-12-31 00:00:00,2021-01-03,,27in 4K gaming monitor,891b,451.1,website,direct,desktop,IT,2020,2020-12,2020-12-31,2020-12-28/2021-01-03,2020Q4,2021,2021-01,2021-01-03,2020-12-28/2021-01-03,2021Q1
d7c7fb7f,813ea81691d91163,2020-12-14 00:00:00,2020-12-17,,Nintendo Switch,8d0d,168.0,website,direct,desktop,US,2020,2020-12,2020-12-14,2020-12-14/2020-12-20,2020Q4,2020,2020-12,2020-12-17,2020-12-14/2020-12-20,2020Q4
e80b93ad,815caec5eb998020,2020-01-30 00:00:00,2020-01-31,,27in 4K gaming monitor,891b,408.2,website,email,mobile,DE,2020,2020-01,2020-01-30,2020-01-27/2020-02-02,2020Q1,2020,2020-01,2020-01-31,2020-01-27/2020-02-02,2020Q1
e80b93ad,815caec5eb998020,2020-01-30 00:00:00,2020-01-31,,27in 4K gaming monitor,891b,408.2,website,email,desktop,DE,2020,2020-01,2020-01-30,2020-01-27/2020-02-02,2020Q1,2020,2020-01,2020-01-31,2020-01-27/2020-02-02,2020Q1
fd8e2fcb,8176e81c6ae107107,2020-12-27 00:00:00,2020-12-30,,JBL Quantum 100 Gaming Headset,ab0f,23.83,website,direct,desktop,ES,2020,2020-12,2020-12-27,2020-12-21/2020-12-27,2020Q4,2020,2020-12,2020-12-30,2020-12-28/2021-01-03,2020Q4
b045af70,817da47442374713,2020-12-19 00:00:00,2020-12-21,,Nintendo Switch,e682,168.0,website,direct,desktop,US,2020,2020-12,2020-12-19,2020-12-14/2020-12-20,2020Q4,2020,2020-12,2020-12-21,2020-12-21/2020-12-27,2020Q4
a44b6ea6,8214a26ad2e69536,2020-12-10 00:00:00,2020-12-13,1/1/2025,27in 4K gaming monitor,891b,329.4,website,direct,desktop,ES,2020,2020-12,2020-12-10,2020-12-07/2020-12-13,2020Q4,2020,2020-12,2020-12-13,2020-12-07/2020-12-13,2020Q4
b61eb765,8216ab10c0b77165,2020-12-12 00:00:00,2020-12-14,,Nintendo Switch,e682,168.0,website,direct,desktop,US,2020,2020-12,2020-12-12,2020-12-07/2020-12-13,2020Q4,2020,2020-12,2020-12-14,2020-12-14/2020-12-20,2020Q4
01ededc0,825629c492f3998,2020-12-04 00:00:00,2020-12-06,,Nintendo Switch,e682,156.77,website,direct,desktop,JP,2020,2020-12,2020-12-04,2020-11-30/2020-12-06,2020Q4,2020,2020-12,2020-12-06,2020-11-30/2020-12-06,2020Q4
01ededc0,825629c492f3999,2020-12-04 00:00:00,2020-12-06,,Nintendo Switch,e682,156.77,website,direct,desktop,JP,2020,2020-12,2020-12-04,2020-11-30/2020-12-06,2020Q4,2020,2020-12,2020-12-06,2020-11-30/2020-12-06,2020Q4
396cccd9,826da13358b26234,2020-12-20 00:00:00,2020-12-21,,Nintendo Switch,e682,106.61,website,direct,desktop,MX,2020,2020-12,2020-12-20,2020-12-14/2020-12-20,2020Q4,2020,2020-12,2020-12-21,2020-12-21/2020-12-27,2020Q4
80f0fab4,82915d82e0955032,2020-12-19 00:00:00,2020-12-22,,JBL Quantum 100 Gaming Headset,4c58,32.69,mobile app,direct,desktop,GB,2020,2020-12,2020-12-19,2020-12-14/2020-12-20,2020Q4,2020,2020-12,2020-12-22,2020-12-21/2020-12-27,2020Q4
81d147e3,829839cc52155359,2020-12-31 01:54:44,2021-11-16,,JBL Quantum 100 Gaming Headset,4db1,14.29,mobile app,direct,desktop,QA,2020,2020-12,2020-12-31,2020-12-28/2021-01-03,2020Q4,2021,2021-11,2021-11-16,2021-11-15/2021-11-21,2021Q4
658e12e8,829eebace5943892,2020-12-20 00:00:00,2020-12-22,12/12/2022,27in 4K gaming monitor,e7e6,480.0,website,direct,desktop,US,2020,2020-12,2020-12-20,2020-12-14/2020-12-20,2020Q4,2020,2020-12,2020-12-22,2020-12-21/2020-12-27,2020Q4
de7200f8,82df7536d8d94005,2020-12-23 00:00:00,2020-12-25,,27in 4K gaming monitor,891b,439.2,website,direct,desktop,DE,2020,2020-12,2020-12-23,2020-12-21/2020-12-27,2020Q4,2020,2020-12,2020-12-25,2020-12-21/2020-12-27,2020Q4
0ba657de,82f80e9b40b7782,2020-12-02 00:00:00,2020-12-03,,Nintendo Switch,e682,160.34,website,direct,desktop,NL,2020,2020-12,2020-12-02,2020-11-30/2020-12-06,2020Q4,2020,2020-12,2020-12-03,2020-11-30/2020-12-06,2020Q4
3838f9e6,833086c869925765,2020-01-24 00:00:00,2020-01-25,,27in 4K gaming monitor,891b,317.14,website,direct,desktop,JP,2020,2020-01,2020-01-24,2020-01-20/2020-01-26,2020Q1,2020,2020-01,2020-01-25,2020-01-20/2020-01-26,2020Q1
3838f9e6,833086c869925765,2020-01-24 00:00:00,2020-01-25,,27in 4K gaming monitor,891b,317.14,website,direct,desktop,JP,2020,2020-01,2020-01-24,2020-01-20/2020-01-26,2020Q1,2020,2020-01,2020-01-25,2020-01-20/2020-01-26,2020Q1
5ded11d3,835cd54cc2d40965,2020-12-23 00:00:00,2020-12-26,6/18/2025,27in 4K gaming monitor,891b,411.08,website,direct,desktop,AU,2020,2020-12,2020-12-23,2020-12-21/2020-12-27,2020Q4,2020,2020-12,2020-12-26,2020-12-21/2020-12-27,2020Q4
5ded11d3,835cd54cc2d40966,2020-12-23 00:00:00,2020-12-26,,27in 4K gaming monitor,891b,411.08,website,direct,desktop,AU,2020,2020-12,2020-12-23,2020-12-21/2020-12-27,2020Q4,2020,2020-12,2020-12-26,2020-12-21/2020-12-27,2020Q4
0837cd6a,835fa057e926422,2020-12-01 00:00:00,2020-12-02,11/27/2022,27in 4K gaming monitor,e7e6,480.0,website,direct,desktop,US,2020,2020-12,2020-12-01,2020-11-30/2020-12-06,2020Q4,2020,2020-12,2020-12-02,2020-11-30/2020-12-06,2020Q4
75962f61,83bbee231d650419,2020-12-07 00:00:00,2020-12-08,,Nintendo Switch,e682,168.0,website,direct,desktop,US,2020,2020-12,2020-12-07,2020-12-07/2020-12-13,2020Q4,2020,2020-12,2020-12-08,2020-12-07/2020-12-13,2020Q4
9f10a187,83c37dde93e67241,2020-01-24 00:00:00,2020-01-27,,Nintendo Switch,e682,168.0,website,direct,desktop,US,2020,2020-01,2020-01-24,2020-01-20/2020-01-26,2020Q1,2020,2020-01,2020-01-27,2020-01-27/2020-02-02,2020Q1
855dad54,841d5d15aaf56732,2020-12-10 00:00:00,2020-12-13,,Sony PlayStation 5 Bundle,54ed,1425.94,website,direct,desktop,BR,2020,2020-12,2020-12-10,2020-12-07/2020-12-13,2020Q4,2020,2020-12,2020-12-13,2020-12-07/2020-12-13,2020Q4
fd7dd923,844a97334cd107082,2020-01-22 00:00:00,2020-01-25,,27in 4K gaming monitor,891b,480.0,website,direct,desktop,US,2020,2020-01,2020-01-22,2020-01-20/2020-01-26,2020Q1,2020,2020-01,2020-01-25,2020-01-20/2020-01-26,2020Q1
fd7dd923,844a97334cd107082,2020-01-22 00:00:00,2020-01-25,,27in 4K gaming monitor,891b,480.0,website,direct,desktop,US,2020,2020-01,2020-01-22,2020-01-20/2020-01-26,2020Q1,2020,2020-01,2020-01-25,2020-01-20/2020-01-26,2020Q1
362ddea5,844f04bbea424934,2020-12-01 00:00:00,2020-12-03,,JBL Quantum 100 Gaming Headset,ab0f,25.97,website,direct,desktop,GB,2020,2020-12,2020-12-01,2020-11-30/2020-12-06,2020Q4,2020,2020-12,2020-12-03,2020-11-30/2020-12-06,2020Q4
2.04E+032,845adfac2cc2880,2020-12-01 00:00:00,2020-12-02,,JBL Quantum 100 Gaming Headset,8315,23.34,mobile app,email,desktop,GB,2020,2020-12,2020-12-01,2020-11-30/2020-12-06,2020Q4,2020,2020-12,2020-12-02,2020-11-30/2020-12-06,2020Q4
2.04E+032,845adfac2cc2881,2020-12-01 00:00:00,2020-12-02,,JBL Quantum 100 Gaming Headset,8315,23.34,mobile app,email,desktop,GB,2020,2020-12,2020-12-01,2020-11-30/2020-12-06,2020Q4,2020,2020-12,2020-12-02,2020-11-30/2020-12-06,2020Q4
7f6fcd0e,846db42b48c54445,2020-12-12 00:00:00,2020-12-15,,Nintendo Switch,e682,164.88,website,direct,desktop,NL,2020,2020-12,2020-12-12,2020-12-07/2020-12-13,2020Q4,2020,2020-12,2020-12-15,2020-12-14/2020-12-20,2020Q4
ad8bdae3,847a84064f873537,2020-01-20 00:00:00,2020-01-23,,Nintendo Switch,8d0d,139.65,website,direct,desktop,CH,2020,2020-01,2020-01-20,2020-01-20/2020-01-26,2020Q1,2020,2020-01,2020-01-23,2020-01-20/2020-01-26,2020Q1
ab36ba82,84947bad52872596,2020-12-16 00:00:00,2020-12-17,10/6/2021,Nintendo Switch,8d0d,168.0,website,direct,desktop,US,2020,2020-12,2020-12-16,2020-12-14/2020-12-20,2020Q4,2020,2020-12,2020-12-17,2020-12-14/2020-12-20,2020Q4
ab36ba82,84947bad52872597,2020-12-16 00:00:00,2020-12-17,,Nintendo Switch,8d0d,168.0,website,direct,desktop,US,2020,2020-12,2020-12-16,2020-12-14/2020-12-20,2020Q4,2020,2020-12,2020-12-17,2020-12-14/2020-12-20,2020Q4
a3299231,84999d8586469043,2020-12-24 00:00:00,2020-12-27,,Nintendo Switch,e682,181.02,website,direct,desktop,GB,2020,2020-12,2020-12-24,2020-12-21/2020-12-27,2020Q4,2020,2020-12,2020-12-27,2020-12-21/2020-12-27,2020Q4
01ec21a1,84cc38357253997,2020-12-08 00:00:00,2020-12-09,10/27/2022,Lenovo IdeaPad Gaming 3,04ac,1198.0,website,direct,desktop,US,2020,2020-12,2020-12-08,2020-12-07/2020-12-13,2020Q4,2020,2020-12,2020-12-09,2020-12-07/2020-12-13,2020Q4
b865fb7b,851b8d2736478109,2020-12-19 00:00:00,2020-12-22,4/4/2022,Nintendo Switch,8d0d,164.42,website,direct,desktop,DE,2020,2020-12,2020-12-19,2020-12-14/2020-12-20,2020Q4,2020,2020-12,2020-12-22,2020-12-21/2020-12-27,2020Q4
b5f16e9a,85262737d9c77077,2020-01-26 00:00:00,2020-01-28,,JBL Quantum 100 Gaming Headset,ab0f,24.0,website,direct,desktop,BR,2020,2020-01,2020-01-26,2020-01-20/2020-01-26,2020Q1,2020,2020-01,2020-01-28,2020-01-27/2020-02-02,2020Q1
46b4b138,852e0694b0e31658,2020-12-22 00:00:00,2020-12-23,,Acer Nitro V Gaming Laptop,22ea,639.41,website,direct,desktop,RU,2020,2020-12,2020-12-22,2020-12-21/2020-12-27,2020Q4,2020,2020-12,2020-12-23,2020-12-21/2020-12-27,2020Q4
46b4b138,852e0694b0e31659,2020-12-22 00:00:00,2020-12-23,,Acer Nitro V Gaming Laptop,22ea,639.41,website,direct,desktop,RU,2020,2020-12,2020-12-22,2020-12-21/2020-12-27,2020Q4,2020,2020-12,2020-12-23,2020-12-21/2020-12-27,2020Q4
98eef3a5,855b6d3203364712,2020-01-28 00:00:00,2020-01-30,,Nintendo Switch,8d0d,149.03,website,direct,desktop,ES,2020,2020-01,2020-01-28,2020-01-27/2020-02-02,2020Q1,2020,2020-01,2020-01-30,2020-01-27/2020-02-02,2020Q1
7054853b,857fa8f5c4d48398,2020-01-24 00:00:00,2020-01-27,,Nintendo Switch,e682,168.0,website,direct,desktop,US,2020,2020-01,2020-01-24,2020-01-20/2020-01-26,2020Q1,2020,2020-01,2020-01-27,2020-01-27/2020-02-02,2020Q1
42bb75bf,85802173df730078,2020-12-12 00:00:00,2020-12-15,,27in 4K gaming monitor,e7e6,480.0,website,direct,desktop,US,2020,2020-12,2020-12-12,2020-12-07/2020-12-13,2020Q4,2020,2020-12,2020-12-15,2020-12-14/2020-12-20,2020Q4
f9b02c1c,859d6f6e80e105481,2020-12-24 00:00:00,2020-12-27,,JBL Quantum 100 Gaming Headset,4c58,19.06,mobile app,direct,desktop,GB,2020,2020-12,2020-12-24,2020-12-21/2020-12-27,2020Q4,2020,2020-12,2020-12-27,2020-12-21/2020-12-27,2020Q4
4be9fabf,85bd751830533762,2020-12-01 00:00:00,2020-12-02,,Nintendo Switch,e682,144.17,website,direct,desktop,AU,2020,2020-12,2020-12-01,2020-11-30/2020-12-06,2020Q4,2020,2020-12,2020-12-02,2020-11-30/2020-12-06,2020Q4
8e665687,85bdd58ddc160480,2020-12-07 00:00:00,2020-12-09,,Nintendo Switch,e682,168.0,website,direct,desktop,US,2020,2020-12,2020-12-07,2020-12-07/2020-12-13,2020Q4,2020,2020-12,2020-12-09,2020-12-07/2020-12-13,2020Q4
98e92fb3,85dcacb595164701,2020-01-25 00:00:00,2020-01-28,,Nintendo Switch,8d0d,136.82,website,direct,desktop,AU,2020,2020-01,2020-01-25,2020-01-20/2020-01-26,2020Q1,2020,2020-01,2020-01-28,2020-01-27/2020-02-02,2020Q1
dd5bb3d3,85fbd48ab4c93532,2020-01-27 00:00:00,2020-01-29,,Nintendo Switch,97c6,192.0,website,email,mobile,IN,2020,2020-01,2020-01-27,2020-01-27/2020-02-02,2020Q1,2020,2020-01,2020-01-29,2020-01-27/2020-02-02,2020Q1
a7282cae,862049fe48970816,2020-01-29 00:00:00,2020-02-01,,Nintendo Switch,8d0d,168.0,website,direct,desktop,US,2020,2020-01,2020-01-29,2020-01-27/2020-02-02,2020Q1,2020,2020-02,2020-02-01,2020-01-27/2020-02-02,2020Q1
ff1edc26,8625718183d107742,2020-12-20 00:00:00,2020-12-21,,Nintendo Switch,e682,184.9,website,direct,desktop,GB,2020,2020-12,2020-12-20,2020-12-14/2020-12-20,2020Q4,2020,2020-12,2020-12-21,2020-12-21/2020-12-27,2020Q4
ff1edc26,8625718183d107743,2020-12-20 00:00:00,2020-12-21,1/15/2024,Nintendo Switch,e682,184.9,website,direct,desktop,GB,2020,2020-12,2020-12-20,2020-12-14/2020-12-20,2020Q4,2020,2020-12,2020-12-21,2020-12-21/2020-12-27,2020Q4
333fc5c5,8630bbda54823810,2020-12-16 00:00:00,2020-12-18,8/1/2023,Nintendo Switch,8d0d,164.88,website,direct,desktop,NL,2020,2020-12,2020-12-16,2020-12-14/2020-12-20,2020Q4,2020,2020-12,2020-12-18,2020-12-14/2020-12-20,2020Q4
e1cb9b19,864757ea82395445,2020-12-04 00:00:00,2020-12-05,,Nintendo Switch,8d0d,168.0,website,email,desktop,US,2020,2020-12,2020-12-04,2020-11-30/2020-12-06,2020Q4,2020,2020-12,2020-12-05,2020-11-30/2020-12-06,2020Q4
56646293,8655ac179841489,2020-12-30 00:00:00,2021-01-02,,JBL Quantum 100 Gaming Headset,ab0f,24.0,website,direct,desktop,US,2020,2020-12,2020-12-30,2020-12-28/2021-01-03,2020Q4,2021,2021-01,2021-01-02,2020-12-28/2021-01-03,2021Q1
9214e7da,8670d7edcd061966,2020-12-07 00:00:00,2020-12-09,4/1/2025,Nintendo Switch,8d0d,164.42,website,direct,desktop,ES,2020,2020-12,2020-12-07,2020-12-07/2020-12-13,2020Q4,2020,2020-12,2020-12-09,2020-12-07/2020-12-13,2020Q4
754cfb5d,8678362e55150315,2020-12-07 00:00:00,2020-12-08,,Nintendo Switch,e682,168.0,website,direct,desktop,BR,2020,2020-12,2020-12-07,2020-12-07/2020-12-13,2020Q4,2020,2020-12,2020-12-08,2020-12-07/2020-12-13,2020Q4
3e7b8834,86bd89462e628320,2020-12-28 00:00:00,2020-12-29,,Dell Gaming Mouse,8d4f,49.98,mobile app,direct,desktop,US,2020,2020-12,2020-12-28,2020-12-28/2021-01-03,2020Q4,2020,2020-12,2020-12-29,2020-12-28/2021-01-03,2020Q4
8dce42ab,86fa24697e960217,2020-12-13 00:00:00,2020-12-16,11/17/2022,Nintendo Switch,e682,168.0,website,email,desktop,US,2020,2020-12,2020-12-13,2020-12-07/2020-12-13,2020Q4,2020,2020-12,2020-12-16,2020-12-14/2020-12-20,2020Q4
b54552e3,86fffe08bf876796,2020-12-30 00:00:00,2020-12-31,,Nintendo Switch,8d0d,160.34,website,direct,desktop,IT,2020,2020-12,2020-12-30,2020-12-28/2021-01-03,2020Q4,2020,2020-12,2020-12-31,2020-12-28/2021-01-03,2020Q4
2d923b7d,87bd59dbbf121459,2020-12-31 00:00:00,2021-01-01,1/7/2023,Nintendo Switch,e682,168.0,website,direct,desktop,US,2020,2020-12,2020-12-31,2020-12-28/2021-01-03,2020Q4,2021,2021-01,2021-01-01,2020-12-28/2021-01-03,2021Q1
2d923b7d,87bd59dbbf121460,2020-12-31 00:00:00,2021-01-01,1/7/2023,Nintendo Switch,e682,168.0,website,direct,desktop,US,2020,2020-12,2020-12-31,2020-12-28/2021-01-03,2020Q4,2021,2021-01,2021-01-01,2020-12-28/2021-01-03,2021Q1
c74a27b5,8807e7dc2d784302,2020-12-29 00:00:00,2020-12-30,8/11/2025,Nintendo Switch,8d0d,140.03,website,direct,desktop,SG,2020,2020-12,2020-12-29,2020-12-28/2021-01-03,2020Q4,2020,2020-12,2020-12-30,2020-12-28/2021-01-03,2020Q4
52371a7d,88153da5e5336278,2020-12-11 00:00:00,2020-12-14,,27in 4K gaming monitor,e7e6,480.0,website,email,desktop,US,2020,2020-12,2020-12-11,2020-12-07/2020-12-13,2020Q4,2020,2020-12,2020-12-14,2020-12-14/2020-12-20,2020Q4
0487ecb0,88254ee21744970,2020-12-30 00:00:00,2020-12-31,,Lenovo IdeaPad Gaming 3,9ef0,1144.61,website,direct,desktop,ES,2020,2020-12,2020-12-30,2020-12-28/2021-01-03,2020Q4,2020,2020-12,2020-12-31,2020-12-28/2021-01-03,2020Q4
35774d46,884c2b04aad24655,2020-12-16 00:00:00,2020-12-19,11/4/2025,27in 4K gaming monitor,891b,392.2,website,direct,desktop,US,2020,2020-12,2020-12-16,2020-12-14/2020-12-20,2020Q4,2020,2020-12,2020-12-19,2020-12-14/2020-12-20,2020Q4
3598f0ba,885f59a7e6124713,2020-12-24 00:00:00,2020-12-25,,JBL Quantum 100 Gaming Headset,ab0f,24.0,website,direct,desktop,IN,2020,2020-12,2020-12-24,2020-12-21/2020-12-27,2020Q4,2020,2020-12,2020-12-25,2020-12-21/2020-12-27,2020Q4
d66bed7c,88654c5af7590569,2020-12-07 00:00:00,2020-12-08,,Sony PlayStation 5 Bundle,54ed,1800.0,website,direct,desktop,US,2020,2020-12,2020-12-07,2020-12-07/2020-12-13,2020Q4,2020,2020-12,2020-12-08,2020-12-07/2020-12-13,2020Q4
6879a818,88731797d7345087,2020-12-21 00:00:00,2020-12-22,,Nintendo Switch,e682,168.0,website,direct,desktop,CL,2020,2020-12,2020-12-21,2020-12-21/2020-12-27,2020Q4,2020,2020-12,2020-12-22,2020-12-21/2020-12-27,2020Q4
5e712759,888b0fff66f41168,2020-12-09 00:00:00,2020-12-11,,Dell Gaming Mouse,f81e,49.31,mobile app,email,desktop,BR,2020,2020-12,2020-12-09,2020-12-07/2020-12-13,2020Q4,2020,2020-12,2020-12-11,2020-12-07/2020-12-13,2020Q4
9f6f5ce8,888b28883e167416,2020-12-03 00:00:00,2020-12-06,,27in 4K gaming monitor,891b,450.37,website,direct,desktop,DE,2020,2020-12,2020-12-03,2020-11-30/2020-12-06,2020Q4,2020,2020-12,2020-12-06,2020-11-30/2020-12-06,2020Q4
b87fa769,88a70bd3af378147,2020-01-21 00:00:00,2020-01-24,,Nintendo Switch,8d0d,168.0,website,direct,desktop,IS,2020,2020-01,2020-01-21,2020-01-20/2020-01-26,2020Q1,2020,2020-01,2020-01-24,2020-01-20/2020-01-26,2020Q1
1454b3e1,88ac5a54a0611324,2020-12-20 00:00:00,2020-12-23,,JBL Quantum 100 Gaming Headset,ab0f,19.92,website,direct,desktop,CA,2020,2020-12,2020-12-20,2020-12-14/2020-12-20,2020Q4,2020,2020-12,2020-12-23,2020-12-21/2020-12-27,2020Q4
5e802213,88bd20fe46941190,2020-12-25 00:00:00,2020-12-28,,Dell Gaming Mouse,8d4f,49.98,mobile app,email,desktop,US,2020,2020-12,2020-12-25,2020-12-21/2020-12-27,2020Q4,2020,2020-12,2020-12-28,2020-12-28/2021-01-03,2020Q4
6501b9d3,88c378af32843672,2020-12-31 00:00:00,2021-01-02,2/7/2023,Dell Gaming Mouse,f81e,49.98,mobile app,email,desktop,US,2020,2020-12,2020-12-31,2020-12-28/2021-01-03,2020Q4,2021,2021-01,2021-01-02,2020-12-28/2021-01-03,2021Q1
d9a73f92,88d9fc18d9d91929,2020-12-21 00:00:00,2020-12-22,,Dell Gaming Mouse,8d4f,49.98,mobile app,email,desktop,US,2020,2020-12,2020-12-21,2020-12-21/2020-12-27,2020Q4,2020,2020-12,2020-12-22,2020-12-21/2020-12-27,2020Q4
62309304,88dac0dbd791638,2020-12-09 00:00:00,2020-12-11,,JBL Quantum 100 Gaming Headset,ab0f,24.0,website,direct,desktop,US,2020,2020-12,2020-12-09,2020-12-07/2020-12-13,2020Q4,2020,2020-12,2020-12-11,2020-12-07/2020-12-13,2020Q4
e118de47,8908e95d4f595141,2020-12-29 00:00:00,2020-12-31,,27in 4K gaming monitor,891b,480.0,website,direct,desktop,HU,2020,2020-12,2020-12-29,2020-12-28/2021-01-03,2020Q4,2020,2020-12,2020-12-31,2020-12-28/2021-01-03,2020Q4
e118de47,8908e95d4f595142,2020-12-29 00:00:00,2020-12-31,,27in 4K gaming monitor,891b,480.0,website,direct,desktop,HU,2020,2020-12,2020-12-29,2020-12-28/2021-01-03,2020Q4,2020,2020-12,2020-12-31,2020-12-28/2021-01-03,2020Q4
f5686e35,8921b87e169103705,2020-01-22 00:00:00,2020-01-24,,JBL Quantum 100 Gaming Headset,ab0f,24.0,website,direct,desktop,US,2020,2020-01,2020-01-22,2020-01-20/2020-01-26,2020Q1,2020,2020-01,2020-01-24,2020-01-20/2020-01-26,2020Q1
05c7fb87,8925f1f1d105479,2020-12-22 00:00:00,2020-12-23,,27in 4K gaming monitor,e7e6,451.63,website,direct,desktop,ES,2020,2020-12,2020-12-22,2020-12-21/2020-12-27,2020Q4,2020,2020-12,2020-12-23,2020-12-21/2020-12-27,2020Q4
c94e20f7,8939d533cc685121,2020-12-09 00:00:00,2020-12-12,2/12/2023,27in 4K gaming monitor,891b,409.08,website,direct,mobile,RU,2020,2020-12,2020-12-09,2020-12-07/2020-12-13,2020Q4,2020,2020-12,2020-12-12,2020-12-07/2020-12-13,2020Q4
04835b47,8952bd5eef34966,2020-12-27 00:00:00,2020-12-28,,27in 4K gaming monitor,891b,437.87,website,direct,mobile,CA,2020,2020-12,2020-12-27,2020-12-21/2020-12-27,2020Q4,2020,2020-12,2020-12-28,2020-12-28/2021-01-03,2020Q4
c0794c08,897235c8d0981532,2020-12-10 00:00:00,2020-12-13,,Nintendo Switch,e682,168.0,website,direct,mobile,US,2020,2020-12,2020-12-10,2020-12-07/2020-12-13,2020Q4,2020,2020-12,2020-12-13,2020-12-07/2020-12-13,2020Q4
2d0c9789,899b4ae3e5521237,2020-12-14 00:00:00,2020-12-17,,Nintendo Switch,e682,164.88,website,direct,mobile,ES,2020,2020-12,2020-12-14,2020-12-14/2020-12-20,2020Q4,2020,2020-12,2020-12-17,2020-12-14/2020-12-20,2020Q4
6d4d3f01,89b49c2a5b947172,2020-01-29 00:00:00,2020-01-31,,JBL Quantum 100 Gaming Headset,ab0f,21.6,website,direct,mobile,ES,2020,2020-01,2020-01-29,2020-01-27/2020-02-02,2020Q1,2020,2020-01,2020-01-31,2020-01-27/2020-02-02,2020Q1
190fdec3,89d17de3d5b13164,2020-12-21 00:00:00,2020-12-24,1/13/2023,JBL Quantum 100 Gaming Headset,4c58,23.98,mobile app,direct,mobile,US,2020,2020-12,2020-12-21,2020-12-21/2020-12-27,2020Q4,2020,2020-12,2020-12-24,2020-12-21/2020-12-27,2020Q4
190fdec3,89d17de3d5b13165,2020-12-21 00:00:00,2020-12-24,1/13/2023,JBL Quantum 100 Gaming Headset,4c58,23.98,mobile app,direct,mobile,US,2020,2020-12,2020-12-21,2020-12-21/2020-12-27,2020Q4,2020,2020-12,2020-12-24,2020-12-21/2020-12-27,2020Q4
190fdec3,89d17de3d5b13166,2020-12-21 00:00:00,2020-12-24,1/13/2023,JBL Quantum 100 Gaming Headset,4c58,23.98,mobile app,direct,mobile,US,2020,2020-12,2020-12-21,2020-12-21/2020-12-27,2020Q4,2020,2020-12,2020-12-24,2020-12-21/2020-12-27,2020Q4
f4bf0e61,89d9ffa56a7103436,2020-12-23 00:00:00,2020-12-24,,Nintendo Switch,8d0d,46.8,website,direct,mobile,EG,2020,2020-12,2020-12-23,2020-12-21/2020-12-27,2020Q4,2020,2020-12,2020-12-24,2020-12-21/2020-12-27,2020Q4
f930f574,89ff0987fce105261,2020-01-25 00:00:00,2020-01-26,,Nintendo Switch,8d0d,142.8,website,direct,mobile,BD,2020,2020-01,2020-01-25,2020-01-20/2020-01-26,2020Q1,2020,2020-01,2020-01-26,2020-01-20/2020-01-26,2020Q1
f930f574,89ff0987fce105262,2020-01-25 00:00:00,2020-01-26,,Nintendo Switch,8d0d,142.8,website,direct,mobile,BD,2020,2020-01,2020-01-25,2020-01-20/2020-01-26,2020Q1,2020,2020-01,2020-01-26,2020-01-20/2020-01-26,2020Q1
abbc51ed,8a08ff3f83272804,2020-01-23 00:00:00,2020-01-25,,JBL Quantum 100 Gaming Headset,ab0f,21.71,website,direct,mobile,RU,2020,2020-01,2020-01-23,2020-01-20/2020-01-26,2020Q1,2020,2020-01,2020-01-25,2020-01-20/2020-01-26,2020Q1
84069330,8a5ea47ab842215,2020-12-15 00:00:00,2020-12-16,,27in 4K gaming monitor,891b,377.55,website,direct,mobile,DE,2020,2020-12,2020-12-15,2020-12-14/2020-12-20,2020Q4,2020,2020-12,2020-12-16,2020-12-14/2020-12-20,2020Q4
f618af28,8a79d14141b103965,2020-01-23 00:00:00,2020-01-25,3/1/2022,Nintendo Switch,e682,168.0,website,direct,mobile,US,2020,2020-01,2020-01-23,2020-01-20/2020-01-26,2020Q1,2020,2020-01,2020-01-25,2020-01-20/2020-01-26,2020Q1
1ba98612,8ab85dd551314274,2020-12-30 00:00:00,2020-12-31,,Lenovo IdeaPad Gaming 3,04ac,1112.35,website,direct,mobile,KR,2020,2020-12,2020-12-30,2020-12-28/2021-01-03,2020Q4,2020,2020-12,2020-12-31,2020-12-28/2021-01-03,2020Q4
4232af48,8ad57d773ce29869,2020-12-11 00:00:00,2020-12-13,,Nintendo Switch,e682,181.02,website,direct,mobile,GB,2020,2020-12,2020-12-11,2020-12-07/2020-12-13,2020Q4,2020,2020-12,2020-12-13,2020-12-07/2020-12-13,2020Q4
c87afe16,8b0c8e22a8b84763,2020-12-18 00:00:00,2020-12-21,,Nintendo Switch,8d0d,168.0,website,direct,mobile,UA,2020,2020-12,2020-12-18,2020-12-14/2020-12-20,2020Q4,2020,2020-12,2020-12-21,2020-12-21/2020-12-27,2020Q4
ab541368,8b440d7ccfa72637,2020-12-19 00:00:00,2020-12-20,12/15/2021,Nintendo Switch,e682,168.0,website,direct,mobile,US,2020,2020-12,2020-12-19,2020-12-14/2020-12-20,2020Q4,2020,2020-12,2020-12-20,2020-12-14/2020-12-20,2020Q4
0e251c67,8b4722e30478804,2020-12-18 00:00:00,2020-12-20,,JBL Quantum 100 Gaming Headset,2997,20.43,mobile app,email,desktop,KR,2020,2020-12,2020-12-18,2020-12-14/2020-12-20,2020Q4,2020,2020-12,2020-12-20,2020-12-14/2020-12-20,2020Q4
0e251c67,8b4722e30478805,2020-12-18 00:00:00,2020-12-20,,JBL Quantum 100 Gaming Headset,2997,20.43,mobile app,email,desktop,KR,2020,2020-12,2020-12-18,2020-12-14/2020-12-20,2020Q4,2020,2020-12,2020-12-20,2020-12-14/2020-12-20,2020Q4
05a3940c,8ba45d090815417,2020-01-23 00:00:00,2020-01-26,,27in 4K gaming monitor,2a50,338.78,mobile app,affiliate,unknown,,2020,2020-01,2020-01-23,2020-01-20/2020-01-26,2020Q1,2020,2020-01,2020-01-26,2020-01-20/2020-01-26,2020Q1
d8de813c,8bc5f08b6c691632,2020-01-31 00:00:00,2020-02-03,,Nintendo Switch,8d0d,139.2,website,direct,mobile,CH,2020,2020-01,2020-01-31,2020-01-27/2020-02-02,2020Q1,2020,2020-02,2020-02-03,2020-02-03/2020-02-09,2020Q1
3103bd27,8bed985085322946,2020-12-22 00:00:00,2020-12-24,11/29/2022,27in 4K gaming monitor,891b,480.0,website,direct,mobile,HK,2020,2020-12,2020-12-22,2020-12-21/2020-12-27,2020Q4,2020,2020-12,2020-12-24,2020-12-21/2020-12-27,2020Q4
3103bd27,8bed985085322947,2020-12-22 00:00:00,2020-12-24,,27in 4K gaming monitor,891b,480.0,website,direct,mobile,HK,2020,2020-12,2020-12-22,2020-12-21/2020-12-27,2020Q4,2020,2020-12,2020-12-24,2020-12-21/2020-12-27,2020Q4
3103bd27,8bed985085322948,2020-12-22 00:00:00,2020-12-24,,27in 4K gaming monitor,891b,480.0,website,direct,mobile,HK,2020,2020-12,2020-12-22,2020-12-21/2020-12-27,2020Q4,2020,2020-12,2020-12-24,2020-12-21/2020-12-27,2020Q4
40efdd68,8c06423f9f629356,2020-12-11 00:00:00,2020-12-12,,Dell Gaming Mouse,f81e,49.98,mobile app,email,desktop,US,2020,2020-12,2020-12-11,2020-12-07/2020-12-13,2020Q4,2020,2020-12,2020-12-12,2020-12-07/2020-12-13,2020Q4
7e1a7789,8c10f7742a953867,2020-12-31 00:00:00,2021-01-03,,27in 4K gaming monitor,891b,456.38,website,email,desktop,JP,2020,2020-12,2020-12-31,2020-12-28/2021-01-03,2020Q4,2021,2021-01,2021-01-03,2020-12-28/2021-01-03,2021Q1
72e1de20,8c451d95b9a49336,2020-01-28 00:00:00,2020-01-30,,Lenovo IdeaPad Gaming 3,04ac,990.72,website,direct,mobile,PL,2020,2020-01,2020-01-28,2020-01-27/2020-02-02,2020Q1,2020,2020-01,2020-01-30,2020-01-27/2020-02-02,2020Q1
d188208c,8c5031f8a4e88467,2020-01-20 00:00:00,2020-01-21,,JBL Quantum 100 Gaming Headset,ab0f,24.06,website,direct,mobile,GB,2020,2020-01,2020-01-20,2020-01-20/2020-01-26,2020Q1,2020,2020-01,2020-01-21,2020-01-20/2020-01-26,2020Q1
14d493e1,8c73cb1cea811518,2020-01-21 00:00:00,2020-01-22,6/18/2022,Nintendo Switch,8d0d,166.03,website,direct,mobile,GB,2020,2020-01,2020-01-21,2020-01-20/2020-01-26,2020Q1,2020,2020-01,2020-01-22,2020-01-20/2020-01-26,2020Q1
4560a619,8c9877a9b9131146,2020-12-04 00:00:00,2020-12-06,,Nintendo Switch,8d0d,128.01,website,direct,mobile,CA,2020,2020-12,2020-12-04,2020-11-30/2020-12-06,2020Q4,2020,2020-12,2020-12-06,2020-11-30/2020-12-06,2020Q4
4560a619,8c9877a9b9131147,2020-12-04 00:00:00,2020-12-06,7/7/2023,Nintendo Switch,8d0d,128.01,website,direct,mobile,CA,2020,2020-12,2020-12-04,2020-11-30/2020-12-06,2020Q4,2020,2020-12,2020-12-06,2020-11-30/2020-12-06,2020Q4
1dd5644a,8d105f63c0115213,2020-01-25 00:00:00,2020-01-28,,Nintendo Switch,8e5d,160.88,mobile app,affiliate,unknown,RU,2020,2020-01,2020-01-25,2020-01-20/2020-01-26,2020Q1,2020,2020-01,2020-01-28,2020-01-27/2020-02-02,2020Q1
1dd5644a,8d105f63c0115214,2020-01-25 00:00:00,2020-01-28,,Nintendo Switch,8e5d,160.88,mobile app,affiliate,unknown,RU,2020,2020-01,2020-01-25,2020-01-20/2020-01-26,2020Q1,2020,2020-01,2020-01-28,2020-01-27/2020-02-02,2020Q1
5a3bbd48,8d3342d324139433,2020-12-08 00:00:00,2020-12-10,,Nintendo Switch,e682,168.0,website,direct,mobile,US,2020,2020-12,2020-12-08,2020-12-07/2020-12-13,2020Q4,2020,2020-12,2020-12-10,2020-12-07/2020-12-13,2020Q4
6dcd78e9,8d6795b3b1447377,2020-12-31 01:54:40,2020-02-20,,27in 4K gaming monitor,891b,408.0,website,direct,mobile,US,2020,2020-12,2020-12-31,2020-12-28/2021-01-03,2020Q4,2020,2020-02,2020-02-20,2020-02-17/2020-02-23,2020Q1
d6462a41,8d728269d3c90517,2020-01-20 00:00:00,2020-01-22,12/29/2021,Nintendo Switch,8d0d,168.0,website,direct,mobile,ZA,2020,2020-01,2020-01-20,2020-01-20/2020-01-26,2020Q1,2020,2020-01,2020-01-22,2020-01-20/2020-01-26,2020Q1
1017bc2a,8d94588e6eb9625,2020-12-27 00:00:00,2020-12-29,,Sony PlayStation 5 Bundle,54ed,1800.0,website,direct,mobile,US,2020,2020-12,2020-12-27,2020-12-21/2020-12-27,2020Q4,2020,2020-12,2020-12-29,2020-12-28/2021-01-03,2020Q4
dbe24790,8d9d7e3a61792924,2020-12-09 00:00:00,2020-12-11,,Nintendo Switch,8d0d,142.8,website,email,desktop,US,2020,2020-12,2020-12-09,2020-12-07/2020-12-13,2020Q4,2020,2020-12,2020-12-11,2020-12-07/2020-12-13,2020Q4
3d7d3201,8da5c1b09c527906,2020-12-25 00:00:00,2020-12-28,,Nintendo Switch,e682,168.0,website,direct,mobile,US,2020,2020-12,2020-12-25,2020-12-21/2020-12-27,2020Q4,2020,2020-12,2020-12-28,2020-12-28/2021-01-03,2020Q4
8713a509,8e01584632f57441,2020-12-02 00:00:00,2020-12-04,,27in 4K gaming monitor,e7e6,480.0,website,direct,mobile,US,2020,2020-12,2020-12-02,2020-11-30/2020-12-06,2020Q4,2020,2020-12,2020-12-04,2020-11-30/2020-12-06,2020Q4
7f19c10a,8e4bf523df854283,2020-12-05 00:00:00,2020-12-07,1/13/2023,Nintendo Switch,e682,184.9,website,direct,mobile,GB,2020,2020-12,2020-12-05,2020-11-30/2020-12-06,2020Q4,2020,2020-12,2020-12-07,2020-12-07/2020-12-13,2020Q4
540f2aaa,8e69b1b171837043,2020-01-26 00:00:00,2020-01-27,1/15/2022,Nintendo Switch,8d0d,142.8,website,direct,mobile,US,2020,2020-01,2020-01-26,2020-01-20/2020-01-26,2020Q1,2020,2020-01,2020-01-27,2020-01-27/2020-02-02,2020Q1
299310db,8e9d8818f6419811,2020-12-14 00:00:00,2020-12-17,6/26/2025,27in 4K gaming monitor,891b,448.19,website,direct,mobile,KR,2020,2020-12,2020-12-14,2020-12-14/2020-12-20,2020Q4,2020,2020-12,2020-12-17,2020-12-14/2020-12-20,2020Q4
3e19eebb,8eef9a50b7228152,2020-12-29 00:00:00,2020-12-30,,JBL Quantum 100 Gaming Headset,ab0f,20.35,website,direct,mobile,NO,2020,2020-12,2020-12-29,2020-12-28/2021-01-03,2020Q4,2020,2020-12,2020-12-30,2020-12-28/2021-01-03,2020Q4
16a20429,8ef2a76a97612215,2020-12-26 00:00:00,2020-12-28,,Nintendo Switch,e682,169.23,website,direct,mobile,SE,2020,2020-12,2020-12-26,2020-12-21/2020-12-27,2020Q4,2020,2020-12,2020-12-28,2020-12-28/2021-01-03,2020Q4
515bfd3a,8f17d3f0be035984,2020-01-23 00:00:00,2020-01-25,,27in 4K gaming monitor,891b,480.0,website,direct,mobile,US,2020,2020-01,2020-01-23,2020-01-20/2020-01-26,2020Q1,2020,2020-01,2020-01-25,2020-01-20/2020-01-26,2020Q1
515bfd3a,8f17d3f0be035984,2020-01-23 00:00:00,2020-01-25,,27in 4K gaming monitor,891b,480.0,website,direct,mobile,US,2020,2020-01,2020-01-23,2020-01-20/2020-01-26,2020Q1,2020,2020-01,2020-01-25,2020-01-20/2020-01-26,2020Q1
ccc9cdba,8f1c96bf88986506,2020-12-04 00:00:00,2020-12-07,,27in 4K gaming monitor,891b,490.89,website,direct,mobile,SE,2020,2020-12,2020-12-04,2020-11-30/2020-12-06,2020Q4,2020,2020-12,2020-12-07,2020-12-07/2020-12-13,2020Q4
dd346d75,8f608258eaf93478,2020-12-22 00:00:00,2020-12-25,10/1/2022,Nintendo Switch,8d0d,160.34,website,direct,mobile,DE,2020,2020-12,2020-12-22,2020-12-21/2020-12-27,2020Q4,2020,2020-12,2020-12-25,2020-12-21/2020-12-27,2020Q4
a095d7a3,8f6c49e44b067917,2020-12-21 00:00:00,2020-12-24,,Nintendo Switch,8d0d,168.0,website,direct,mobile,US,2020,2020-12,2020-12-21,2020-12-21/2020-12-27,2020Q4,2020,2020-12,2020-12-24,2020-12-21/2020-12-27,2020Q4
576bc399,8f80d7e184b38339,2020-12-16 00:00:00,2020-12-17,,Lenovo IdeaPad Gaming 3,9ef0,1133.64,website,direct,mobile,JP,2020,2020-12,2020-12-16,2020-12-14/2020-12-20,2020Q4,2020,2020-12,2020-12-17,2020-12-14/2020-12-20,2020Q4
09beea51,8f87336222c7014,2020-12-13 00:00:00,2020-12-16,12/2/2022,27in 4K gaming monitor,e7e6,480.0,website,email,desktop,MO,2020,2020-12,2020-12-13,2020-12-07/2020-12-13,2020Q4,2020,2020-12,2020-12-16,2020-12-14/2020-12-20,2020Q4
d3ce1594,8f8c831649389423,2020-12-02 00:00:00,2020-12-04,,JBL Quantum 100 Gaming Headset,4db1,24.42,mobile app,organic,,HU,2020,2020-12,2020-12-02,2020-11-30/2020-12-06,2020Q4,2020,2020-12,2020-12-04,2020-11-30/2020-12-06,2020Q4
bcfd5342,8fa2bfed7b079995,2020-12-28 00:00:00,2020-12-30,,27in 4K gaming monitor,e7e6,480.0,website,direct,mobile,US,2020,2020-12,2020-12-28,2020-12-28/2021-01-03,2020Q4,2020,2020-12,2020-12-30,2020-12-28/2021-01-03,2020Q4
65a55e37,8fb99280aef43934,2020-12-10 00:00:00,2020-12-11,,27in 4K gaming monitor,891b,433.54,website,direct,mobile,CA,2020,2020-12,2020-12-10,2020-12-07/2020-12-13,2020Q4,2020,2020-12,2020-12-11,2020-12-07/2020-12-13,2020Q4
5e17ceb1,8fc36fd245641043,2020-12-26 00:00:00,2020-12-28,,JBL Quantum 100 Gaming Headset,4c58,32.13,mobile app,direct,mobile,GB,2020,2020-12,2020-12-26,2020-12-21/2020-12-27,2020Q4,2020,2020-12,2020-12-28,2020-12-28/2021-01-03,2020Q4
4d017b19,907ff1c10f734211,2020-12-24 00:00:00,2020-12-27,,Dell Gaming Mouse,8d4f,49.98,mobile app,direct,mobile,US,2020,2020-12,2020-12-24,2020-12-21/2020-12-27,2020Q4,2020,2020-12,2020-12-27,2020-12-21/2020-12-27,2020Q4
880eb728,90d77efca1157815,2020-12-19 00:00:00,2020-12-22,,Dell Gaming Mouse,8d4f,49.98,mobile app,direct,mobile,US,2020,2020-12,2020-12-19,2020-12-14/2020-12-20,2020Q4,2020,2020-12,2020-12-22,2020-12-21/2020-12-27,2020Q4
880eb728,90d77efca1157816,2020-12-19 00:00:00,2020-12-22,,Dell Gaming Mouse,8d4f,49.98,mobile app,direct,mobile,US,2020,2020-12,2020-12-19,2020-12-14/2020-12-20,2020Q4,2020,2020-12,2020-12-22,2020-12-21/2020-12-27,2020Q4
b50d535d,90ea5e4430d76704,2020-12-12 00:00:00,2020-12-15,,27in 4K gaming monitor,e7e6,480.0,website,direct,mobile,US,2020,2020-12,2020-12-12,2020-12-07/2020-12-13,2020Q4,2020,2020-12,2020-12-15,2020-12-14/2020-12-20,2020Q4
c31160c4,90fc90dafff82620,2020-01-20 00:00:00,2020-01-22,,Nintendo Switch,8d0d,168.0,website,affiliate,unknown,US,2020,2020-01,2020-01-20,2020-01-20/2020-01-26,2020Q1,2020,2020-01,2020-01-22,2020-01-20/2020-01-26,2020Q1
2f32c203,914b2c9107322153,2020-12-21 00:00:00,2020-12-24,6/16/2022,27in 4K gaming monitor,891b,297.88,website,direct,mobile,NZ,2020,2020-12,2020-12-21,2020-12-21/2020-12-27,2020Q4,2020,2020-12,2020-12-24,2020-12-21/2020-12-27,2020Q4
7b9a0c17,914f7ec7bcb52819,2020-12-15 00:00:00,2020-12-16,,Dell Gaming Mouse,8d4f,35.94,mobile app,email,desktop,BR,2020,2020-12,2020-12-15,2020-12-14/2020-12-20,2020Q4,2020,2020-12,2020-12-16,2020-12-14/2020-12-20,2020Q4
7b9a0c17,914f7ec7bcb52820,2020-12-15 00:00:00,2020-12-16,,Dell Gaming Mouse,8d4f,35.94,mobile app,email,desktop,BR,2020,2020-12,2020-12-15,2020-12-14/2020-12-20,2020Q4,2020,2020-12,2020-12-16,2020-12-14/2020-12-20,2020Q4
389f8fbf,915471ae67225924,2020-12-01 00:00:00,2020-12-02,11/1/2023,Nintendo Switch,8d0d,168.0,website,direct,mobile,GB,2020,2020-12,2020-12-01,2020-11-30/2020-12-06,2020Q4,2020,2020-12,2020-12-02,2020-11-30/2020-12-06,2020Q4
df16fe82,9174ce3351694298,2020-01-27 00:00:00,2020-01-29,,Nintendo Switch,e682,168.0,website,direct,mobile,US,2020,2020-01,2020-01-27,2020-01-27/2020-02-02,2020Q1,2020,2020-01,2020-01-29,2020-01-27/2020-02-02,2020Q1
92250a0e,91ac9f734b261993,2020-01-22 00:00:00,2020-01-24,,27in 4K gaming monitor,891b,480.0,website,direct,mobile,US,2020,2020-01,2020-01-22,2020-01-20/2020-01-26,2020Q1,2020,2020-01,2020-01-24,2020-01-20/2020-01-26,2020Q1
92250a0e,91ac9f734b261993,2020-01-22 00:00:00,2020-01-24,,27in 4K gaming monitor,891b,480.0,website,direct,mobile,US,2020,2020-01,2020-01-22,2020-01-20/2020-01-26,2020Q1,2020,2020-01,2020-01-24,2020-01-20/2020-01-26,2020Q1
73c1c8a2,92365e64ae449716,2020-12-02 00:00:00,2020-12-04,,JBL Quantum 100 Gaming Headset,ab0f,19.92,website,direct,mobile,CA,2020,2020-12,2020-12-02,2020-11-30/2020-12-06,2020Q4,2020,2020-12,2020-12-04,2020-11-30/2020-12-06,2020Q4
8a834ec3,9251e9872ea58815,2020-12-07 00:00:00,2020-12-10,,Nintendo Switch,e682,164.42,website,direct,mobile,FR,2020,2020-12,2020-12-07,2020-12-07/2020-12-13,2020Q4,2020,2020-12,2020-12-10,2020-12-07/2020-12-13,2020Q4
d12184b7,92c34405d9a88328,2020-12-22 00:00:00,2020-12-23,,Nintendo Switch,e682,168.0,website,email,desktop,BR,2020,2020-12,2020-12-22,2020-12-21/2020-12-27,2020Q4,2020,2020-12,2020-12-23,2020-12-21/2020-12-27,2020Q4
d12184b7,92c34405d9a88329,2020-12-22 00:00:00,2020-12-23,,Nintendo Switch,e682,168.0,website,email,desktop,BR,2020,2020-12,2020-12-22,2020-12-21/2020-12-27,2020Q4,2020,2020-12,2020-12-23,2020-12-21/2020-12-27,2020Q4
f39423b8,92f56ac27d5102951,2020-12-29 00:00:00,2021-01-01,,JBL Quantum 100 Gaming Headset,ab0f,23.83,website,direct,mobile,DE,2020,2020-12,2020-12-29,2020-12-28/2021-01-03,2020Q4,2021,2021-01,2021-01-01,2020-12-28/2021-01-03,2021Q1
c94e20f7,92fb3711d8185122,2020-12-08 00:00:00,2020-12-10,,JBL Quantum 100 Gaming Headset,ab0f,21.14,website,direct,mobile,RU,2020,2020-12,2020-12-08,2020-12-07/2020-12-13,2020Q4,2020,2020-12,2020-12-10,2020-12-07/2020-12-13,2020Q4
736fc5f4,93038e525d749574,2020-12-19 00:00:00,2020-12-21,,Nintendo Switch,e682,164.42,website,direct,mobile,FI,2020,2020-12,2020-12-19,2020-12-14/2020-12-20,2020Q4,2020,2020-12,2020-12-21,2020-12-21/2020-12-27,2020Q4
4ad04a51,935a82625c233261,2020-12-24 00:00:00,2020-12-25,7/29/2024,Nintendo Switch,e682,164.42,website,email,desktop,DE,2020,2020-12,2020-12-24,2020-12-21/2020-12-27,2020Q4,2020,2020-12,2020-12-25,2020-12-21/2020-12-27,2020Q4
a0ff1f5b,93c4483b38368107,2020-12-21 00:00:00,2020-12-22,,Nintendo Switch,8d0d,168.0,website,direct,mobile,US,2020,2020-12,2020-12-21,2020-12-21/2020-12-27,2020Q4,2020,2020-12,2020-12-22,2020-12-21/2020-12-27,2020Q4
d017daeb,93c7a56da2687920,2020-01-26 00:00:00,2020-01-27,,JBL Quantum 100 Gaming Headset,ab0f,15.69,website,direct,mobile,AU,2020,2020-01,2020-01-26,2020-01-20/2020-01-26,2020Q1,2020,2020-01,2020-01-27,2020-01-27/2020-02-02,2020Q1
c8da2cdb,9408dd5d4be84930,2020-01-26 00:00:00,2020-01-29,,Nintendo Switch,e682,168.0,website,direct,mobile,US,2020,2020-01,2020-01-26,2020-01-20/2020-01-26,2020Q1,2020,2020-01,2020-01-29,2020-01-27/2020-02-02,2020Q1
ae031895,9441368eb1973748,2020-12-21 00:00:00,2020-12-23,,27in 4K gaming monitor,e7e6,480.0,website,direct,mobile,US,2020,2020-12,2020-12-21,2020-12-21/2020-12-27,2020Q4,2020,2020-12,2020-12-23,2020-12-21/2020-12-27,2020Q4
ae031895,9441368eb1973750,2020-12-21 00:00:00,2020-12-23,,27in 4K gaming monitor,e7e6,480.0,website,direct,mobile,US,2020,2020-12,2020-12-21,2020-12-21/2020-12-27,2020Q4,2020,2020-12,2020-12-23,2020-12-21/2020-12-27,2020Q4
765d4598,947893e0b2550716,2020-01-20 00:00:00,2020-01-22,,Nintendo Switch,8d0d,150.41,website,direct,mobile,FR,2020,2020-01,2020-01-20,2020-01-20/2020-01-26,2020Q1,2020,2020-01,2020-01-22,2020-01-20/2020-01-26,2020Q1
e8058091,9499afae3ce98007,2020-01-20 00:00:00,2020-01-22,4/23/2022,Nintendo Switch,8d0d,168.0,website,direct,mobile,US,2020,2020-01,2020-01-20,2020-01-20/2020-01-26,2020Q1,2020,2020-01,2020-01-22,2020-01-20/2020-01-26,2020Q1
ec592134,94e4b9d2a7199860,2020-12-11 00:00:00,2020-12-12,12/2/2022,Nintendo Switch,e682,168.0,website,direct,mobile,US,2020,2020-12,2020-12-11,2020-12-07/2020-12-13,2020Q4,2020,2020-12,2020-12-12,2020-12-07/2020-12-13,2020Q4
3254e996,94f473a2b3d23440,2020-12-11 00:00:00,2020-12-13,10/7/2021,Nintendo Switch,e682,168.0,website,direct,mobile,US,2020,2020-12,2020-12-11,2020-12-07/2020-12-13,2020Q4,2020,2020-12,2020-12-13,2020-12-07/2020-12-13,2020Q4
69dd6087,94ff525948345692,2020-12-07 00:00:00,2020-12-08,,Dell Gaming Mouse,8d4f,49.98,mobile app,direct,mobile,US,2020,2020-12,2020-12-07,2020-12-07/2020-12-13,2020Q4,2020,2020-12,2020-12-08,2020-12-07/2020-12-13,2020Q4
a4a200c6,950753714c369673,2020-12-12 00:00:00,2020-12-15,,Nintendo Switch,e682,148.35,website,email,desktop,AU,2020,2020-12,2020-12-12,2020-12-07/2020-12-13,2020Q4,2020,2020-12,2020-12-15,2020-12-14/2020-12-20,2020Q4
1c7e76e9,950d808df6114633,2020-12-21 00:00:00,2020-12-22,7/10/2022,Nintendo Switch,e682,164.88,website,direct,mobile,DE,2020,2020-12,2020-12-21,2020-12-21/2020-12-27,2020Q4,2020,2020-12,2020-12-22,2020-12-21/2020-12-27,2020Q4
1c7e76e9,950d808df6114634,2020-12-21 00:00:00,2020-12-22,,Nintendo Switch,e682,164.88,website,direct,mobile,DE,2020,2020-12,2020-12-21,2020-12-21/2020-12-27,2020Q4,2020,2020-12,2020-12-22,2020-12-21/2020-12-27,2020Q4
e0889b30,9583d65313a94943,2020-12-26 00:00:00,2020-12-29,,Nintendo Switch,e682,160.34,website,direct,mobile,ES,2020,2020-12,2020-12-26,2020-12-21/2020-12-27,2020Q4,2020,2020-12,2020-12-29,2020-12-28/2021-01-03,2020Q4
d42b21d4,959aa7e57ef89564,2020-01-23 00:00:00,2020-01-24,1/20/2022,JBL Quantum 100 Gaming Headset,ab0f,24.0,website,affiliate,unknown,US,2020,2020-01,2020-01-23,2020-01-20/2020-01-26,2020Q1,2020,2020-01,2020-01-24,2020-01-20/2020-01-26,2020Q1
ba637eee,9.62543747047897E+015,2020-12-14 00:00:00,2020-12-17,,Nintendo Switch,8d0d,168.0,website,direct,mobile,US,2020,2020-12,2020-12-14,2020-12-14/2020-12-20,2020Q4,2020,2020-12,2020-12-17,2020-12-14/2020-12-20,2020Q4
b905317d,968634f5d6678375,2020-12-24 00:00:00,2020-12-27,8/12/2025,27in 4K gaming monitor,afbf,360.0,website,direct,mobile,US,2020,2020-12,2020-12-24,2020-12-21/2020-12-27,2020Q4,2020,2020-12,2020-12-27,2020-12-21/2020-12-27,2020Q4
41e5726f,96feebfdce529756,2020-12-19 00:00:00,2020-12-20,,JBL Quantum 100 Gaming Headset,4db1,13.98,mobile app,email,desktop,IN,2020,2020-12,2020-12-19,2020-12-14/2020-12-20,2020Q4,2020,2020-12,2020-12-20,2020-12-14/2020-12-20,2020Q4
41e5726f,96feebfdce529757,2020-12-19 00:00:00,2020-12-20,,JBL Quantum 100 Gaming Headset,4db1,13.98,mobile app,email,desktop,IN,2020,2020-12,2020-12-19,2020-12-14/2020-12-20,2020Q4,2020,2020-12,2020-12-20,2020-12-14/2020-12-20,2020Q4
06e9b6d4,97168f8a56e5881,2020-12-25 00:00:00,2020-12-28,3/17/2025,Nintendo Switch,8d0d,168.0,website,direct,mobile,US,2020,2020-12,2020-12-25,2020-12-21/2020-12-27,2020Q4,2020,2020-12,2020-12-28,2020-12-28/2021-01-03,2020Q4
6bfe1548,97263bf7adf46590,2020-12-29 00:00:00,2020-12-30,12/16/2022,Dell Gaming Mouse,8d4f,49.98,mobile app,direct,mobile,KE,2020,2020-12,2020-12-29,2020-12-28/2021-01-03,2020Q4,2020,2020-12,2020-12-30,2020-12-28/2021-01-03,2020Q4
b5e35c83,9755d275c9577051,2020-12-07 00:00:00,2020-12-08,1/4/2022,Nintendo Switch,e682,168.0,website,direct,mobile,US,2020,2020-12,2020-12-07,2020-12-07/2020-12-13,2020Q4,2020,2020-12,2020-12-08,2020-12-07/2020-12-13,2020Q4
eaeb9ff5,97a5b64271299264,2020-12-26 00:00:00,2020-12-29,,27in 4K gaming monitor,891b,480.0,website,direct,mobile,ZA,2020,2020-12,2020-12-26,2020-12-21/2020-12-27,2020Q4,2020,2020-12,2020-12-29,2020-12-28/2021-01-03,2020Q4
dae6eaba,97b189b14e492498,2020-12-22 00:00:00,2020-12-24,,JBL Quantum 100 Gaming Headset,8315,23.26,mobile app,email,desktop,PL,2020,2020-12,2020-12-22,2020-12-21/2020-12-27,2020Q4,2020,2020-12,2020-12-24,2020-12-21/2020-12-27,2020Q4
ebb73447,97c5134129c99575,2020-12-05 00:00:00,2020-12-07,,Dell Gaming Mouse,8d4f,39.03,mobile app,direct,mobile,BR,2020,2020-12,2020-12-05,2020-11-30/2020-12-06,2020Q4,2020,2020-12,2020-12-07,2020-12-07/2020-12-13,2020Q4
24ef1b83,97c97662f6417921,2020-12-08 00:00:00,2020-12-11,,Sony PlayStation 5 Bundle,54ed,1800.0,website,direct,mobile,US,2020,2020-12,2020-12-08,2020-12-07/2020-12-13,2020Q4,2020,2020-12,2020-12-11,2020-12-07/2020-12-13,2020Q4
1.69E+062,981e8a426652959,2020-12-18 00:00:00,2020-12-21,,Nintendo Switch,e682,184.9,website,direct,mobile,GB,2020,2020-12,2020-12-18,2020-12-14/2020-12-20,2020Q4,2020,2020-12,2020-12-21,2020-12-21/2020-12-27,2020Q4
2b399d4c,9832265e76420501,2020-12-21 00:00:00,2020-12-22,,JBL Quantum 100 Gaming Headset,ab0f,24.0,website,direct,mobile,US,2020,2020-12,2020-12-21,2020-12-21/2020-12-27,2020Q4,2020,2020-12,2020-12-22,2020-12-21/2020-12-27,2020Q4
e7db7498,983a7223b0a97934,2020-12-14 00:00:00,2020-12-15,,Lenovo IdeaPad Gaming 3,9ef0,1198.0,website,direct,mobile,VN,2020,2020-12,2020-12-14,2020-12-14/2020-12-20,2020Q4,2020,2020-12,2020-12-15,2020-12-14/2020-12-20,2020Q4
e3a3dbe6,98615ebe48f96147,2020-12-14 00:00:00,2020-12-17,3/5/2024,Nintendo Switch,8d0d,135.13,website,affiliate,unknown,JP,2020,2020-12,2020-12-14,2020-12-14/2020-12-20,2020Q4,2020,2020-12,2020-12-17,2020-12-14/2020-12-20,2020Q4
a17f6a13,98a31f3f5d068324,2020-01-24 00:00:00,2020-01-25,,JBL Quantum 100 Gaming Headset,ab0f,24.0,website,direct,mobile,SA,2020,2020-01,2020-01-24,2020-01-20/2020-01-26,2020Q1,2020,2020-01,2020-01-25,2020-01-20/2020-01-26,2020Q1
458594a9,98a71e9194131198,2020-01-26 00:00:00,2020-01-29,,Nintendo Switch,8d0d,150.41,website,direct,mobile,FR,2020,2020-01,2020-01-26,2020-01-20/2020-01-26,2020Q1,2020,2020-01,2020-01-29,2020-01-27/2020-02-02,2020Q1
af076647,98ec4938d9874178,2020-12-23 00:00:00,2020-12-25,,Nintendo Switch,e682,188.15,website,direct,mobile,GB,2020,2020-12,2020-12-23,2020-12-21/2020-12-27,2020Q4,2020,2020-12,2020-12-25,2020-12-21/2020-12-27,2020Q4
317e3695,99372a9e0cf23130,2020-12-25 00:00:00,2020-12-26,,Nintendo Switch,8d0d,148.35,website,direct,mobile,AU,2020,2020-12,2020-12-25,2020-12-21/2020-12-27,2020Q4,2020,2020-12,2020-12-26,2020-12-21/2020-12-27,2020Q4
639af051,993e4e91f0243145,2020-12-28 00:00:00,2020-12-30,1/11/2023,Nintendo Switch,e682,168.0,website,direct,mobile,US,2020,2020-12,2020-12-28,2020-12-28/2021-01-03,2020Q4,2020,2020-12,2020-12-30,2020-12-28/2021-01-03,2020Q4
8385040f,994a93bbcee55989,2020-12-13 00:00:00,2020-12-14,8/9/2025,Nintendo Switch,e682,168.0,website,direct,mobile,US,2020,2020-12,2020-12-13,2020-12-07/2020-12-13,2020Q4,2020,2020-12,2020-12-14,2020-12-14/2020-12-20,2020Q4
e961af4b,9.95851449179857E+015,2020-12-20 00:00:00,2020-12-21,,Nintendo Switch,8d0d,168.0,website,direct,mobile,HU,2020,2020-12,2020-12-20,2020-12-14/2020-12-20,2020Q4,2020,2020-12,2020-12-21,2020-12-21/2020-12-27,2020Q4
e961af4b,9.95851449179857E+015,2020-12-20 00:00:00,2020-12-21,7/23/2024,Nintendo Switch,8d0d,168.0,website,direct,mobile,HU,2020,2020-12,2020-12-20,2020-12-14/2020-12-20,2020Q4,2020,2020-12,2020-12-21,2020-12-21/2020-12-27,2020Q4
bbf3357d,99668c1954d79571,2020-12-28 00:00:00,2020-12-29,,JBL Quantum 100 Gaming Headset,8315,23.5,mobile app,direct,mobile,NG,2020,2020-12,2020-12-28,2020-12-28/2021-01-03,2020Q4,2020,2020-12,2020-12-29,2020-12-28/2021-01-03,2020Q4
760cd03e,998c7e3b94350608,2020-12-30 00:00:00,2021-01-02,,JBL Quantum 100 Gaming Headset,ab0f,24.0,website,direct,mobile,US,2020,2020-12,2020-12-30,2020-12-28/2021-01-03,2020Q4,2021,2021-01,2021-01-02,2020-12-28/2021-01-03,2021Q1
9bdf48be,99ae59bee9465910,2020-12-22 00:00:00,2020-12-25,7/21/2021,27in 4K gaming monitor,891b,460.64,website,direct,mobile,EG,2020,2020-12,2020-12-22,2020-12-21/2020-12-27,2020Q4,2020,2020-12,2020-12-25,2020-12-21/2020-12-27,2020Q4
da90734e,99c264db19392337,2020-12-27 00:00:00,2020-12-30,2/8/2023,Dell Gaming Mouse,8d4f,49.98,mobile app,organic,,US,2020,2020-12,2020-12-27,2020-12-21/2020-12-27,2020Q4,2020,2020-12,2020-12-30,2020-12-28/2021-01-03,2020Q4
ee5cbd3d,9a0996dffa7100693,2020-12-28 00:00:00,2020-12-30,9/18/2023,27in 4K gaming monitor,e7e6,480.0,website,direct,mobile,US,2020,2020-12,2020-12-28,2020-12-28/2021-01-03,2020Q4,2020,2020-12,2020-12-30,2020-12-28/2021-01-03,2020Q4
660f089a,9a3279ba72d44128,2020-12-21 00:00:00,2020-12-22,,JBL Quantum 100 Gaming Headset,ab0f,26.23,website,direct,mobile,GB,2020,2020-12,2020-12-21,2020-12-21/2020-12-27,2020Q4,2020,2020-12,2020-12-22,2020-12-21/2020-12-27,2020Q4
7790065a,9a417f50fc951192,2020-12-18 00:00:00,2020-12-19,,Nintendo Switch,8d0d,164.88,website,direct,mobile,FR,2020,2020-12,2020-12-18,2020-12-14/2020-12-20,2020Q4,2020,2020-12,2020-12-19,2020-12-14/2020-12-20,2020Q4
e6359f6c,9ab71321aa097245,2020-12-08 00:00:00,2020-12-11,10/29/2022,Sony PlayStation 5 Bundle,54ed,1934.4,website,direct,mobile,FI,2020,2020-12,2020-12-08,2020-12-07/2020-12-13,2020Q4,2020,2020-12,2020-12-11,2020-12-07/2020-12-13,2020Q4
218360dc,9abe8d55f6d16634,2020-12-16 00:00:00,2020-12-17,,Nintendo Switch,e682,168.0,website,direct,mobile,CO,2020,2020-12,2020-12-16,2020-12-14/2020-12-20,2020Q4,2020,2020-12,2020-12-17,2020-12-14/2020-12-20,2020Q4
8292ba68,9ac8e3dd28f55611,2020-12-22 00:00:00,2020-12-25,,Nintendo Switch,e682,160.34,website,direct,mobile,NL,2020,2020-12,2020-12-22,2020-12-21/2020-12-27,2020Q4,2020,2020-12,2020-12-25,2020-12-21/2020-12-27,2020Q4
8159c4ba,9adef0193be55181,2020-01-26 00:00:00,2020-01-27,,Nintendo Switch,8e5d,164.34,mobile app,direct,mobile,DE,2020,2020-01,2020-01-26,2020-01-20/2020-01-26,2020Q1,2020,2020-01,2020-01-27,2020-01-27/2020-02-02,2020Q1
acd1d5bf,9b0c309fe3673222,2020-12-08 00:00:00,2020-12-11,,Nintendo Switch,8d0d,168.0,website,direct,mobile,US,2020,2020-12,2020-12-08,2020-12-07/2020-12-13,2020Q4,2020,2020-12,2020-12-11,2020-12-07/2020-12-13,2020Q4
6275d131,9b11d2cc80642693,2020-01-26 00:00:00,2020-01-29,,Nintendo Switch,8d0d,136.82,website,direct,mobile,AU,2020,2020-01,2020-01-26,2020-01-20/2020-01-26,2020Q1,2020,2020-01,2020-01-29,2020-01-27/2020-02-02,2020Q1
501e5afe,9b5ec864b1a35517,2020-12-18 00:00:00,2020-12-20,,Nintendo Switch,8e5d,166.02,mobile app,email,desktop,US,2020,2020-12,2020-12-18,2020-12-14/2020-12-20,2020Q4,2020,2020-12,2020-12-20,2020-12-14/2020-12-20,2020Q4
e83020ba,9b7c6ba3bd598079,2020-01-20 00:00:00,2020-01-22,,Nintendo Switch,8d0d,177.11,website,direct,mobile,GB,2020,2020-01,2020-01-20,2020-01-20/2020-01-26,2020Q1,2020,2020-01,2020-01-22,2020-01-20/2020-01-26,2020Q1
a5b0593c,9c0f1d983ec70206,2020-12-09 00:00:00,2020-12-12,,JBL Quantum 100 Gaming Headset,8315,23.54,mobile app,email,desktop,US,2020,2020-12,2020-12-09,2020-12-07/2020-12-13,2020Q4,2020,2020-12,2020-12-12,2020-12-07/2020-12-13,2020Q4
a5b0593c,9c0f1d983ec70207,2020-12-09 00:00:00,2020-12-12,,JBL Quantum 100 Gaming Headset,8315,23.54,mobile app,email,desktop,US,2020,2020-12,2020-12-09,2020-12-07/2020-12-13,2020Q4,2020,2020-12,2020-12-12,2020-12-07/2020-12-13,2020Q4
85b3cd7f,9c0f69ba47256872,2020-12-20 00:00:00,2020-12-21,,Nintendo Switch,e682,181.02,website,direct,mobile,GB,2020,2020-12,2020-12-20,2020-12-14/2020-12-20,2020Q4,2020,2020-12,2020-12-21,2020-12-21/2020-12-27,2020Q4
031beba4,9c3171f85144433,2020-12-12 00:00:00,2020-12-14,,Acer Nitro V Gaming Laptop,22ea,608.2,website,direct,mobile,US,2020,2020-12,2020-12-12,2020-12-07/2020-12-13,2020Q4,2020,2020-12,2020-12-14,2020-12-14/2020-12-20,2020Q4
adcd87cb,9c4d2e35bbe73663,2020-12-07 00:00:00,2020-12-09,,Dell Gaming Mouse,8d4f,49.98,mobile app,email,desktop,US,2020,2020-12,2020-12-07,2020-12-07/2020-12-13,2020Q4,2020,2020-12,2020-12-09,2020-12-07/2020-12-13,2020Q4
c870744b,9c6a1782f1284752,2020-12-21 00:00:00,2020-12-23,,JBL Quantum 100 Gaming Headset,4c58,28.76,mobile app,direct,mobile,IN,2020,2020-12,2020-12-21,2020-12-21/2020-12-27,2020Q4,2020,2020-12,2020-12-23,2020-12-21/2020-12-27,2020Q4
dd6f8dec,9c6d9a2be8893566,2020-01-24 00:00:00,2020-01-25,2/4/2022,Nintendo Switch,8d0d,142.8,website,direct,mobile,US,2020,2020-01,2020-01-24,2020-01-20/2020-01-26,2020Q1,2020,2020-01,2020-01-25,2020-01-20/2020-01-26,2020Q1
358636a1,9c6da6e89b324677,2020-12-01 00:00:00,2020-12-02,,27in 4K gaming monitor,891b,381.69,website,affiliate,unknown,GB,2020,2020-12,2020-12-01,2020-11-30/2020-12-06,2020Q4,2020,2020-12,2020-12-02,2020-11-30/2020-12-06,2020Q4
a159a3f7,9c6e544420268246,2020-12-07 00:00:00,2020-12-08,1/14/2023,27in 4K gaming monitor,891b,280.62,website,direct,mobile,IT,2020,2020-12,2020-12-07,2020-12-07/2020-12-13,2020Q4,2020,2020-12,2020-12-08,2020-12-07/2020-12-13,2020Q4
67d9a9fa,9d3d9ea74f744817,2020-12-30 00:00:00,2021-01-02,,Nintendo Switch,e682,168.0,website,direct,mobile,US,2020,2020-12,2020-12-30,2020-12-28/2021-01-03,2020Q4,2021,2021-01,2021-01-02,2020-12-28/2021-01-03,2021Q1
0773adb1,9d6ecf43ebd6115,2020-01-22 00:00:00,2020-01-24,,Nintendo Switch,8d0d,168.0,website,direct,mobile,US,2020,2020-01,2020-01-22,2020-01-20/2020-01-26,2020Q1,2020,2020-01,2020-01-24,2020-01-20/2020-01-26,2020Q1
53114439,9d999e516991394,2020-12-22 00:00:00,2020-12-24,,Nintendo Switch,e682,159.73,website,direct,mobile,JP,2020,2020-12,2020-12-22,2020-12-21/2020-12-27,2020Q4,2020,2020-12,2020-12-24,2020-12-21/2020-12-27,2020Q4
dc91352f,9dbd6a1d66e93208,2020-12-08 00:00:00,2020-12-09,,Nintendo Switch,e682,168.0,website,email,desktop,US,2020,2020-12,2020-12-08,2020-12-07/2020-12-13,2020Q4,2020,2020-12,2020-12-09,2020-12-07/2020-12-13,2020Q4
5270a2c2,9e1ae234bb536359,2020-12-25 00:00:00,2020-12-27,,27in 4K gaming monitor,891b,480.0,website,direct,mobile,US,2020,2020-12,2020-12-25,2020-12-21/2020-12-27,2020Q4,2020,2020-12,2020-12-27,2020-12-21/2020-12-27,2020Q4
41668f04,9e2abe549ae29545,2020-12-26 00:00:00,2020-12-29,,JBL Quantum 100 Gaming Headset,4c58,13.98,mobile app,direct,mobile,US,2020,2020-12,2020-12-26,2020-12-21/2020-12-27,2020Q4,2020,2020-12,2020-12-29,2020-12-28/2021-01-03,2020Q4
1630541b,9e45688c81612029,2020-01-30 00:00:00,2020-02-01,,JBL Quantum 100 Gaming Headset,ab0f,21.82,website,direct,mobile,ES,2020,2020-01,2020-01-30,2020-01-27/2020-02-02,2020Q1,2020,2020-02,2020-02-01,2020-01-27/2020-02-02,2020Q1
1630541b,9e45688c81612030,2020-01-30 00:00:00,2020-02-01,,JBL Quantum 100 Gaming Headset,ab0f,21.82,website,direct,mobile,ES,2020,2020-01,2020-01-30,2020-01-27/2020-02-02,2020Q1,2020,2020-02,2020-02-01,2020-01-27/2020-02-02,2020Q1
292944ec,9e6060b1f1619661,2020-12-30 00:00:00,2021-01-01,,Dell Gaming Mouse,8d4f,49.98,mobile app,direct,mobile,US,2020,2020-12,2020-12-30,2020-12-28/2021-01-03,2020Q4,2021,2021-01,2021-01-01,2020-12-28/2021-01-03,2021Q1
be9bb135,9e7396e548a80695,2020-12-02 00:00:00,2020-12-04,,JBL Quantum 100 Gaming Headset,ab0f,24.0,website,social media,tablet,US,2020,2020-12,2020-12-02,2020-11-30/2020-12-06,2020Q4,2020,2020-12,2020-12-04,2020-11-30/2020-12-06,2020Q4
b4a05494,9e9af1c316c76523,2020-12-25 00:00:00,2020-12-28,8/17/2025,Nintendo Switch,e682,168.0,website,direct,mobile,US,2020,2020-12,2020-12-25,2020-12-21/2020-12-27,2020Q4,2020,2020-12,2020-12-28,2020-12-28/2021-01-03,2020Q4
aa417dc5,9f31999732e72176,2020-12-30 00:00:00,2021-01-01,,JBL Quantum 100 Gaming Headset,ab0f,24.0,website,direct,mobile,US,2020,2020-12,2020-12-30,2020-12-28/2021-01-03,2020Q4,2021,2021-01,2021-01-01,2020-12-28/2021-01-03,2021Q1
f8dd65e0,9fbb43c5d43105139,2020-12-24 00:00:00,2020-12-25,,JBL Quantum 100 Gaming Headset,ab0f,25.97,website,direct,mobile,GB,2020,2020-12,2020-12-24,2020-12-21/2020-12-27,2020Q4,2020,2020-12,2020-12-25,2020-12-21/2020-12-27,2020Q4
040e2dd8,9fbf0874c6b4811,2020-12-21 00:00:00,2020-12-24,,JBL Quantum 100 Gaming Headset,ab0f,24.0,website,direct,mobile,US,2020,2020-12,2020-12-21,2020-12-21/2020-12-27,2020Q4,2020,2020-12,2020-12-24,2020-12-21/2020-12-27,2020Q4
547c1088,a000d5bf8fd37206,2020-01-22 00:00:00,2020-01-24,,Nintendo Switch,8d0d,168.0,website,affiliate,unknown,CZ,2020,2020-01,2020-01-22,2020-01-20/2020-01-26,2020Q1,2020,2020-01,2020-01-24,2020-01-20/2020-01-26,2020Q1
98a98335,a01a0115ee264593,2020-12-26 00:00:00,2020-12-29,,27in 4K gaming monitor,891b,439.2,website,direct,mobile,FR,2020,2020-12,2020-12-26,2020-12-21/2020-12-27,2020Q4,2020,2020-12,2020-12-29,2020-12-28/2021-01-03,2020Q4
547a163a,a03fc649cf437200,2020-01-22 00:00:00,2020-01-24,,JBL Quantum 100 Gaming Headset,ab0f,24.0,website,direct,mobile,US,2020,2020-01,2020-01-22,2020-01-20/2020-01-26,2020Q1,2020,2020-01,2020-01-24,2020-01-20/2020-01-26,2020Q1
a014bf57,a08c1697ee267683,2020-01-20 00:00:00,2020-01-21,,JBL Quantum 100 Gaming Headset,ab0f,24.0,website,direct,mobile,US,2020,2020-01,2020-01-20,2020-01-20/2020-01-26,2020Q1,2020,2020-01,2020-01-21,2020-01-20/2020-01-26,2020Q1
5d82342a,a0f4b80c26840793,2020-12-17 00:00:00,2020-12-19,,Dell Gaming Mouse,8d4f,49.66,mobile app,email,desktop,CA,2020,2020-12,2020-12-17,2020-12-14/2020-12-20,2020Q4,2020,2020-12,2020-12-19,2020-12-14/2020-12-20,2020Q4
5d82342a,a0f4b80c26840794,2020-12-17 00:00:00,2020-12-19,,Dell Gaming Mouse,8d4f,49.66,mobile app,email,desktop,CA,2020,2020-12,2020-12-17,2020-12-14/2020-12-20,2020Q4,2020,2020-12,2020-12-19,2020-12-14/2020-12-20,2020Q4
f3611449,a1479bb8865102873,2020-01-25 00:00:00,2020-01-28,,JBL Quantum 100 Gaming Headset,ab0f,24.0,website,direct,mobile,IN,2020,2020-01,2020-01-25,2020-01-20/2020-01-26,2020Q1,2020,2020-01,2020-01-28,2020-01-27/2020-02-02,2020Q1
f3611449,a1479bb8865102874,2020-01-25 00:00:00,2020-01-28,,JBL Quantum 100 Gaming Headset,ab0f,24.0,website,direct,mobile,IN,2020,2020-01,2020-01-25,2020-01-20/2020-01-26,2020Q1,2020,2020-01,2020-01-28,2020-01-27/2020-02-02,2020Q1
bd7fb268,a14a65cd89380218,2020-12-07 00:00:00,2020-12-08,,JBL Quantum 100 Gaming Headset,ab0f,26.23,website,email,desktop,GB,2020,2020-12,2020-12-07,2020-12-07/2020-12-13,2020Q4,2020,2020-12,2020-12-08,2020-12-07/2020-12-13,2020Q4
41bc9d94,a152df05f5d29680,2020-12-30 00:00:00,2021-01-01,2/18/2023,27in 4K gaming monitor,e7e6,305.43,website,email,desktop,MX,2020,2020-12,2020-12-30,2020-12-28/2021-01-03,2020Q4,2021,2021-01,2021-01-01,2020-12-28/2021-01-03,2021Q1
2744e1b0,a17048a89fe18910,2020-12-11 00:00:00,2020-12-13,12/11/2024,27in 4K gaming monitor,891b,273.21,website,direct,mobile,NL,2020,2020-12,2020-12-11,2020-12-07/2020-12-13,2020Q4,2020,2020-12,2020-12-13,2020-12-07/2020-12-13,2020Q4
2744e1b0,a17048a89fe18911,2020-12-11 00:00:00,2020-12-13,,27in 4K gaming monitor,891b,273.21,website,direct,mobile,NL,2020,2020-12,2020-12-11,2020-12-07/2020-12-13,2020Q4,2020,2020-12,2020-12-13,2020-12-07/2020-12-13,2020Q4
d8649c7b,a170b9765e691428,2020-01-20 00:00:00,2020-01-23,,27in 4K gaming monitor,e7e6,480.0,website,direct,mobile,US,2020,2020-01,2020-01-20,2020-01-20/2020-01-26,2020Q1,2020,2020-01,2020-01-23,2020-01-20/2020-01-26,2020Q1
d8649c7b,a170b9765e691428,2020-01-20 00:00:00,2020-01-23,,27in 4K gaming monitor,e7e6,480.0,website,direct,mobile,US,2020,2020-01,2020-01-20,2020-01-20/2020-01-26,2020Q1,2020,2020-01,2020-01-23,2020-01-20/2020-01-26,2020Q1
c728d92c,a172c6a7cd084243,2020-12-21 00:00:00,2020-12-22,12/12/2022,27in 4K gaming monitor,e7e6,495.83,website,direct,mobile,GB,2020,2020-12,2020-12-21,2020-12-21/2020-12-27,2020Q4,2020,2020-12,2020-12-22,2020-12-21/2020-12-27,2020Q4
a501b1a1,a1a15fb50ad69850,2020-12-16 00:00:00,2020-12-17,,Lenovo IdeaPad Gaming 3,9ef0,994.37,website,direct,mobile,CA,2020,2020-12,2020-12-16,2020-12-14/2020-12-20,2020Q4,2020,2020-12,2020-12-17,2020-12-14/2020-12-20,2020Q4
80b0f702,a1b212b125a54926,2020-12-15 00:00:00,2020-12-16,,Nintendo Switch,8d0d,168.0,website,direct,mobile,US,2020,2020-12,2020-12-15,2020-12-14/2020-12-20,2020Q4,2020,2020-12,2020-12-16,2020-12-14/2020-12-20,2020Q4
53c4ddb2,a1b6bc0a0fb36919,2020-12-03 00:00:00,2020-12-06,,Acer Nitro V Gaming Laptop,22ea,834.24,website,direct,mobile,AT,2020,2020-12,2020-12-03,2020-11-30/2020-12-06,2020Q4,2020,2020-12,2020-12-06,2020-11-30/2020-12-06,2020Q4
498f03ca,a20c4cd7e5732749,2020-12-22 00:00:00,2020-12-24,2/14/2023,Nintendo Switch,e682,168.0,website,direct,mobile,US,2020,2020-12,2020-12-22,2020-12-21/2020-12-27,2020Q4,2020,2020-12,2020-12-24,2020-12-21/2020-12-27,2020Q4
498f03ca,a20c4cd7e5732750,2020-12-22 00:00:00,2020-12-24,,Nintendo Switch,e682,168.0,website,direct,mobile,US,2020,2020-12,2020-12-22,2020-12-21/2020-12-27,2020Q4,2020,2020-12,2020-12-24,2020-12-21/2020-12-27,2020Q4
70dfc99c,a21b82b990648594,2020-12-20 00:00:00,2020-12-22,,Nintendo Switch,e682,168.0,website,email,desktop,US,2020,2020-12,2020-12-20,2020-12-14/2020-12-20,2020Q4,2020,2020-12,2020-12-22,2020-12-21/2020-12-27,2020Q4
4b24693e,a2264ac2afe33400,2020-12-29 00:00:00,2020-12-31,10/14/2022,Nintendo Switch,e682,168.0,website,direct,mobile,US,2020,2020-12,2020-12-29,2020-12-28/2021-01-03,2020Q4,2020,2020-12,2020-12-31,2020-12-28/2021-01-03,2020Q4
fe9ed49d,a276b17d1ac107548,2020-12-25 00:00:00,2020-12-27,,JBL Quantum 100 Gaming Headset,8315,23.32,mobile app,direct,mobile,BR,2020,2020-12,2020-12-25,2020-12-21/2020-12-27,2020Q4,2020,2020-12,2020-12-27,2020-12-21/2020-12-27,2020Q4
d091ad87,a289f883a4888097,2020-12-19 00:00:00,2020-12-21,,Nintendo Switch,e682,160.34,website,direct,mobile,FR,2020,2020-12,2020-12-19,2020-12-14/2020-12-20,2020Q4,2020,2020-12,2020-12-21,2020-12-21/2020-12-27,2020Q4
1eb3aa0e,a298507846e15567,2020-01-27 00:00:00,2020-01-28,1/22/2022,Nintendo Switch,e682,168.0,website,direct,mobile,US,2020,2020-01,2020-01-27,2020-01-27/2020-02-02,2020Q1,2020,2020-01,2020-01-28,2020-01-27/2020-02-02,2020Q1
1eb3aa0e,a298507846e15568,2020-01-27 00:00:00,2020-01-28,1/22/2022,Nintendo Switch,e682,168.0,website,direct,mobile,US,2020,2020-01,2020-01-27,2020-01-27/2020-02-02,2020Q1,2020,2020-01,2020-01-28,2020-01-27/2020-02-02,2020Q1
d8ae542d,a29a381b67d91535,2020-12-03 00:00:00,2020-12-05,2/1/2023,27in 4K gaming monitor,891b,480.0,website,direct,mobile,US,2020,2020-12,2020-12-03,2020-11-30/2020-12-06,2020Q4,2020,2020-12,2020-12-05,2020-11-30/2020-12-06,2020Q4
885dbc25,a2c4c82399f57938,2020-12-14 00:00:00,2020-12-15,,Sony PlayStation 5 Bundle,54ed,1530.0,website,direct,mobile,US,2020,2020-12,2020-12-14,2020-12-14/2020-12-20,2020Q4,2020,2020-12,2020-12-15,2020-12-14/2020-12-20,2020Q4
e15160bd,a2c60feee8495222,2020-12-21 00:00:00,2020-12-22,,27in 4K gaming monitor,891b,352.96,website,direct,mobile,CL,2020,2020-12,2020-12-21,2020-12-21/2020-12-27,2020Q4,2020,2020-12,2020-12-22,2020-12-21/2020-12-27,2020Q4
e6a12d17,a2c651f9c5797429,2020-12-14 00:00:00,2020-12-17,,Nintendo Switch,e682,168.0,website,direct,mobile,US,2020,2020-12,2020-12-14,2020-12-14/2020-12-20,2020Q4,2020,2020-12,2020-12-17,2020-12-14/2020-12-20,2020Q4
80a0ae7d,a2fdaf25def54899,2020-12-27 00:00:00,2020-12-28,,JBL Quantum 100 Gaming Headset,ab0f,24.0,website,direct,mobile,US,2020,2020-12,2020-12-27,2020-12-21/2020-12-27,2020Q4,2020,2020-12,2020-12-28,2020-12-28/2021-01-03,2020Q4
c1b961ff,a3047db7b7281994,2020-12-31 00:00:00,2021-01-03,,JBL Quantum 100 Gaming Headset,ab0f,23.9,website,email,desktop,NL,2020,2020-12,2020-12-31,2020-12-28/2021-01-03,2020Q4,2021,2021-01,2021-01-03,2020-12-28/2021-01-03,2021Q1
0ee94781,a30873b15899129,2020-12-20 00:00:00,2020-12-21,,Nintendo Switch,e682,168.0,website,direct,mobile,FR,2020,2020-12,2020-12-20,2020-12-14/2020-12-20,2020Q4,2020,2020-12,2020-12-21,2020-12-21/2020-12-27,2020Q4
3984c286,a341936648c26274,2020-12-12 00:00:00,2020-12-13,,Nintendo Switch,8d0d,159.73,website,direct,mobile,JP,2020,2020-12,2020-12-12,2020-12-07/2020-12-13,2020Q4,2020,2020-12,2020-12-13,2020-12-07/2020-12-13,2020Q4
3984c286,a341936648c26275,2020-12-12 00:00:00,2020-12-13,,Nintendo Switch,8d0d,159.73,website,direct,mobile,JP,2020,2020-12,2020-12-12,2020-12-07/2020-12-13,2020Q4,2020,2020-12,2020-12-13,2020-12-07/2020-12-13,2020Q4
b66efaf8,a37be5d61b077298,2020-12-07 00:00:00,2020-12-10,,JBL Quantum 100 Gaming Headset,ab0f,19.92,website,direct,mobile,CA,2020,2020-12,2020-12-07,2020-12-07/2020-12-13,2020Q4,2020,2020-12,2020-12-10,2020-12-07/2020-12-13,2020Q4
b949948b,a3826c2c05678495,2020-12-29 00:00:00,2020-12-30,11/25/2024,Nintendo Switch,8d0d,168.0,website,direct,mobile,US,2020,2020-12,2020-12-29,2020-12-28/2021-01-03,2020Q4,2020,2020-12,2020-12-30,2020-12-28/2021-01-03,2020Q4
1d9e2f81,a38fa7d3ad615148,2020-12-17 00:00:00,2020-12-20,2/5/2023,Sony PlayStation 5 Bundle,54ed,1800.0,website,direct,mobile,US,2020,2020-12,2020-12-17,2020-12-14/2020-12-20,2020Q4,2020,2020-12,2020-12-20,2020-12-14/2020-12-20,2020Q4
14f914e2,a39b741bd3811567,2020-12-19 00:00:00,2020-12-20,,27in 4K gaming monitor,e7e6,411.08,website,direct,mobile,AU,2020,2020-12,2020-12-19,2020-12-14/2020-12-20,2020Q4,2020,2020-12,2020-12-20,2020-12-14/2020-12-20,2020Q4
14f914e2,a39b741bd3811568,2020-12-19 00:00:00,2020-12-20,,27in 4K gaming monitor,e7e6,411.08,website,direct,mobile,AU,2020,2020-12,2020-12-19,2020-12-14/2020-12-20,2020Q4,2020,2020-12,2020-12-20,2020-12-14/2020-12-20,2020Q4
0d808d82,a39e6d6b1b68560,2020-12-27 00:00:00,2020-12-30,,Dell Gaming Mouse,8d4f,49.98,mobile app,direct,mobile,US,2020,2020-12,2020-12-27,2020-12-21/2020-12-27,2020Q4,2020,2020-12,2020-12-30,2020-12-28/2021-01-03,2020Q4
0d808d82,a39e6d6b1b68561,2020-12-27 00:00:00,2020-12-30,,Dell Gaming Mouse,8d4f,49.98,mobile app,direct,mobile,US,2020,2020-12,2020-12-27,2020-12-21/2020-12-27,2020Q4,2020,2020-12,2020-12-30,2020-12-28/2021-01-03,2020Q4
c09ec812,a3a8f1556ea81581,2020-12-06 00:00:00,2020-12-07,,27in 4K gaming monitor,891b,506.46,website,email,desktop,GB,2020,2020-12,2020-12-06,2020-11-30/2020-12-06,2020Q4,2020,2020-12,2020-12-07,2020-12-07/2020-12-13,2020Q4
44a105a1,a3d0425f4e730852,2020-12-23 00:00:00,2020-12-25,,JBL Quantum 100 Gaming Headset,ab0f,24.0,website,email,desktop,US,2020,2020-12,2020-12-23,2020-12-21/2020-12-27,2020Q4,2020,2020-12,2020-12-25,2020-12-21/2020-12-27,2020Q4
bf688e04,a3dd85a099581025,2020-12-13 00:00:00,2020-12-15,2/24/2025,Nintendo Switch,8d0d,136.83,website,direct,mobile,CA,2020,2020-12,2020-12-13,2020-12-07/2020-12-13,2020Q4,2020,2020-12,2020-12-15,2020-12-14/2020-12-20,2020Q4
7efae55c,a3e6050d8f254233,2020-12-19 00:00:00,2020-12-21,,Sony PlayStation 5 Bundle,54ed,1951.98,website,direct,mobile,FR,2020,2020-12,2020-12-19,2020-12-14/2020-12-20,2020Q4,2020,2020-12,2020-12-21,2020-12-21/2020-12-27,2020Q4
f36c77a2,a3ee934bdb5102892,2020-12-27 00:00:00,2020-12-28,,Sony PlayStation 5 Bundle,54ed,1723.72,website,direct,mobile,US,2020,2020-12,2020-12-27,2020-12-21/2020-12-27,2020Q4,2020,2020-12,2020-12-28,2020-12-28/2021-01-03,2020Q4
792bede5,a41e571639f51808,2020-12-07 00:00:00,2020-12-09,,Nintendo Switch,8d0d,179.22,website,direct,mobile,GB,2020,2020-12,2020-12-07,2020-12-07/2020-12-13,2020Q4,2020,2020-12,2020-12-09,2020-12-07/2020-12-13,2020Q4
5c8e1645,a439444e45d40399,2020-12-11 00:00:00,2020-12-13,,27in 4K gaming monitor,891b,328.87,website,direct,mobile,AU,2020,2020-12,2020-12-11,2020-12-07/2020-12-13,2020Q4,2020,2020-12,2020-12-13,2020-12-07/2020-12-13,2020Q4
c466caab,a4423107e2e83156,2020-01-27 00:00:00,2020-01-30,,27in 4K gaming monitor,891b,242.19,website,direct,mobile,MX,2020,2020-01,2020-01-27,2020-01-27/2020-02-02,2020Q1,2020,2020-01,2020-01-30,2020-01-27/2020-02-02,2020Q1
c466caab,a4423107e2e83156,2020-01-27 00:00:00,2020-01-30,,27in 4K gaming monitor,891b,242.19,website,direct,mobile,MX,2020,2020-01,2020-01-27,2020-01-27/2020-02-02,2020Q1,2020,2020-01,2020-01-30,2020-01-27/2020-02-02,2020Q1
3b2bfc0e,a447d87864e26956,2020-12-13 00:00:00,2020-12-14,,Nintendo Switch,e682,164.88,website,direct,mobile,IT,2020,2020-12,2020-12-13,2020-12-07/2020-12-13,2020Q4,2020,2020-12,2020-12-14,2020-12-14/2020-12-20,2020Q4
8fbd8ef8,a47819ef58461020,2020-01-22 00:00:00,2020-01-25,,JBL Quantum 100 Gaming Headset,ab0f,8.44,website,direct,mobile,CA,2020,2020-01,2020-01-22,2020-01-20/2020-01-26,2020Q1,2020,2020-01,2020-01-25,2020-01-20/2020-01-26,2020Q1
8fbd8ef8,a47819ef58461021,2020-01-22 00:00:00,2020-01-25,,JBL Quantum 100 Gaming Headset,ab0f,8.44,website,direct,mobile,CA,2020,2020-01,2020-01-22,2020-01-20/2020-01-26,2020Q1,2020,2020-01,2020-01-25,2020-01-20/2020-01-26,2020Q1
2948d5ed,a489b849a1119709,2020-12-28 00:00:00,2020-12-29,,Lenovo IdeaPad Gaming 3,04ac,734.3,website,direct,mobile,CA,2020,2020-12,2020-12-28,2020-12-28/2021-01-03,2020Q4,2020,2020-12,2020-12-29,2020-12-28/2021-01-03,2020Q4
f36b7e16,a48f0e5c38d102889,2020-12-19 00:00:00,2020-12-21,,Sony PlayStation 5 Bundle,54ed,1398.83,website,direct,mobile,NO,2020,2020-12,2020-12-19,2020-12-14/2020-12-20,2020Q4,2020,2020-12,2020-12-21,2020-12-21/2020-12-27,2020Q4
f36b7e16,a48f0e5c38d102890,2020-12-19 00:00:00,2020-12-21,,Sony PlayStation 5 Bundle,54ed,1398.83,website,direct,mobile,NO,2020,2020-12,2020-12-19,2020-12-14/2020-12-20,2020Q4,2020,2020-12,2020-12-21,2020-12-21/2020-12-27,2020Q4
3bb1d232,a48faa5468a27179,2020-12-28 00:00:00,2020-12-30,,Nintendo Switch,e682,168.0,website,direct,mobile,ZA,2020,2020-12,2020-12-28,2020-12-28/2021-01-03,2020Q4,2020,2020-12,2020-12-30,2020-12-28/2021-01-03,2020Q4
f8284299,a4af9263866104835,2020-12-04 00:00:00,2020-12-06,,Lenovo IdeaPad Gaming 3,04ac,1198.0,website,email,desktop,BR,2020,2020-12,2020-12-04,2020-11-30/2020-12-06,2020Q4,2020,2020-12,2020-12-06,2020-11-30/2020-12-06,2020Q4
b933695b,a4b9a08546078469,2020-12-18 00:00:00,2020-12-21,,Lenovo IdeaPad Gaming 3,04ac,1018.3,website,direct,mobile,US,2020,2020-12,2020-12-18,2020-12-14/2020-12-20,2020Q4,2020,2020-12,2020-12-21,2020-12-21/2020-12-27,2020Q4
c03eb705,a4c78d3fbbf81435,2020-12-08 00:00:00,2020-12-10,1/19/2023,27in 4K gaming monitor,e7e6,480.0,website,email,desktop,US,2020,2020-12,2020-12-08,2020-12-07/2020-12-13,2020Q4,2020,2020-12,2020-12-10,2020-12-07/2020-12-13,2020Q4
5ec77880,a4d2df47bbd41301,2020-01-29 00:00:00,2020-01-31,3/11/2022,27in 4K gaming monitor,891b,384.0,website,direct,mobile,US,2020,2020-01,2020-01-29,2020-01-27/2020-02-02,2020Q1,2020,2020-01,2020-01-31,2020-01-27/2020-02-02,2020Q1
5ec77880,a4d2df47bbd41301,2020-01-29 00:00:00,2020-01-31,3/11/2022,27in 4K gaming monitor,891b,384.0,website,direct,mobile,US,2020,2020-01,2020-01-29,2020-01-27/2020-02-02,2020Q1,2020,2020-01,2020-01-31,2020-01-27/2020-02-02,2020Q1
68b631c8,a4d3a7b92e945188,2020-12-20 00:00:00,2020-12-21,11/6/2022,Nintendo Switch,e682,168.0,website,direct,mobile,US,2020,2020-12,2020-12-20,2020-12-14/2020-12-20,2020Q4,2020,2020-12,2020-12-21,2020-12-21/2020-12-27,2020Q4
c5d02b6a,a4f51f82dda83697,2020-12-26 00:00:00,2020-12-27,4/4/2022,Nintendo Switch,8d0d,104.2,website,direct,mobile,MX,2020,2020-12,2020-12-26,2020-12-21/2020-12-27,2020Q4,2020,2020-12,2020-12-27,2020-12-21/2020-12-27,2020Q4
5b8c6141,a4fd603d86940006,2020-12-14 00:00:00,2020-12-16,,JBL Quantum 100 Gaming Headset,4c58,29.54,mobile app,direct,mobile,AU,2020,2020-12,2020-12-14,2020-12-14/2020-12-20,2020Q4,2020,2020-12,2020-12-16,2020-12-14/2020-12-20,2020Q4
2c0704de,a531b5becfa20834,2020-12-24 00:00:00,2020-12-27,2/19/2023,Nintendo Switch,e682,188.15,website,direct,mobile,GB,2020,2020-12,2020-12-24,2020-12-21/2020-12-27,2020Q4,2020,2020-12,2020-12-27,2020-12-21/2020-12-27,2020Q4
a76592aa,a5477c7de9f70912,2020-12-18 00:00:00,2020-12-21,,Nintendo Switch,8d0d,168.0,website,direct,mobile,US,2020,2020-12,2020-12-18,2020-12-14/2020-12-20,2020Q4,2020,2020-12,2020-12-21,2020-12-21/2020-12-27,2020Q4
41120b74,a560d4b0f1229409,2020-12-28 00:00:00,2020-12-30,12/5/2025,Nintendo Switch,e682,168.0,website,affiliate,unknown,US,2020,2020-12,2020-12-28,2020-12-28/2021-01-03,2020Q4,2020,2020-12,2020-12-30,2020-12-28/2021-01-03,2020Q4
0b60d6bc,a598fb6e6c87680,2020-01-25 00:00:00,2020-01-27,,Nintendo Switch,e682,168.0,website,direct,mobile,US,2020,2020-01,2020-01-25,2020-01-20/2020-01-26,2020Q1,2020,2020-01,2020-01-27,2020-01-27/2020-02-02,2020Q1
d93ca6cf,a5ca9efbfc391772,2020-12-16 00:00:00,2020-12-17,,Nintendo Switch,e682,168.0,website,direct,mobile,BR,2020,2020-12,2020-12-16,2020-12-14/2020-12-20,2020Q4,2020,2020-12,2020-12-17,2020-12-14/2020-12-20,2020Q4
d93ca6cf,a5ca9efbfc391773,2020-12-16 00:00:00,2020-12-17,,Nintendo Switch,e682,168.0,website,direct,mobile,BR,2020,2020-12,2020-12-16,2020-12-14/2020-12-20,2020Q4,2020,2020-12,2020-12-17,2020-12-14/2020-12-20,2020Q4
88b22d6e,a69f3f588b758052,2020-12-04 00:00:00,2020-12-05,,27in 4K gaming monitor,891b,480.0,website,direct,mobile,US,2020,2020-12,2020-12-04,2020-11-30/2020-12-06,2020Q4,2020,2020-12,2020-12-05,2020-11-30/2020-12-06,2020Q4
59b622a3,a6a1b3cb88e39213,2020-12-27 00:00:00,2020-12-29,,Nintendo Switch,e682,156.24,website,direct,mobile,CA,2020,2020-12,2020-12-27,2020-12-21/2020-12-27,2020Q4,2020,2020-12,2020-12-29,2020-12-28/2021-01-03,2020Q4
59b622a3,a6a1b3cb88e39214,2020-12-27 00:00:00,2020-12-29,11/2/2021,Nintendo Switch,e682,156.24,website,direct,mobile,CA,2020,2020-12,2020-12-27,2020-12-21/2020-12-27,2020Q4,2020,2020-12,2020-12-29,2020-12-28/2021-01-03,2020Q4
341f7162,a6a25e392b124142,2020-01-23 00:00:00,2020-01-26,,27in 4K gaming monitor,891b,431.41,website,direct,mobile,JP,2020,2020-01,2020-01-23,2020-01-20/2020-01-26,2020Q1,2020,2020-01,2020-01-26,2020-01-20/2020-01-26,2020Q1
341f7162,a6a25e392b124142,2020-01-23 00:00:00,2020-01-26,,27in 4K gaming monitor,891b,431.41,website,direct,mobile,JP,2020,2020-01,2020-01-23,2020-01-20/2020-01-26,2020Q1,2020,2020-01,2020-01-26,2020-01-20/2020-01-26,2020Q1
ff0e7fea,a6a55f9fbb9107714,2020-12-25 00:00:00,2020-12-27,,JBL Quantum 100 Gaming Headset,4db1,13.98,mobile app,email,desktop,US,2020,2020-12,2020-12-25,2020-12-21/2020-12-27,2020Q4,2020,2020-12,2020-12-27,2020-12-21/2020-12-27,2020Q4
c23960bf,a6e62fca57682207,2020-12-06 00:00:00,2020-12-09,,Dell Gaming Mouse,8d4f,50.55,mobile app,email,desktop,CA,2020,2020-12,2020-12-06,2020-11-30/2020-12-06,2020Q4,2020,2020-12,2020-12-09,2020-12-07/2020-12-13,2020Q4
0660d92d,a71ba8c36875689,2020-01-22 00:00:00,2020-01-24,,Nintendo Switch,e682,168.0,website,direct,mobile,US,2020,2020-01,2020-01-22,2020-01-20/2020-01-26,2020Q1,2020,2020-01,2020-01-24,2020-01-20/2020-01-26,2020Q1
974ea3c2,a71f38bbbc164076,2020-12-22 00:00:00,2020-12-25,,Nintendo Switch,e682,168.0,website,direct,mobile,US,2020,2020-12,2020-12-22,2020-12-21/2020-12-27,2020Q4,2020,2020-12,2020-12-25,2020-12-21/2020-12-27,2020Q4
3948acd7,a73bc421fa126174,2020-12-15 00:00:00,2020-12-16,6/12/2021,Nintendo Switch,8d0d,168.0,website,direct,mobile,PE,2020,2020-12,2020-12-15,2020-12-14/2020-12-20,2020Q4,2020,2020-12,2020-12-16,2020-12-14/2020-12-20,2020Q4
f69deef8,a740676e664104170,2020-12-19 00:00:00,2020-12-21,12/1/2022,Nintendo Switch,8d0d,168.0,website,direct,mobile,US,2020,2020-12,2020-12-19,2020-12-14/2020-12-20,2020Q4,2020,2020-12,2020-12-21,2020-12-21/2020-12-27,2020Q4
f69deef8,a740676e664104171,2020-12-19 00:00:00,2020-12-21,12/1/2022,Nintendo Switch,8d0d,168.0,website,direct,mobile,US,2020,2020-12,2020-12-19,2020-12-14/2020-12-20,2020Q4,2020,2020-12,2020-12-21,2020-12-21/2020-12-27,2020Q4
fdbd7f24,a7584633343107192,2020-12-23 00:00:00,2020-12-26,,JBL Quantum 100 Gaming Headset,8315,23.4,mobile app,email,desktop,RU,2020,2020-12,2020-12-23,2020-12-21/2020-12-27,2020Q4,2020,2020-12,2020-12-26,2020-12-21/2020-12-27,2020Q4
3f7e0e72,a7641a27b2328778,2020-12-03 00:00:00,2020-12-04,,Nintendo Switch,e682,168.0,website,direct,mobile,US,2020,2020-12,2020-12-03,2020-11-30/2020-12-06,2020Q4,2020,2020-12,2020-12-04,2020-11-30/2020-12-06,2020Q4
3f7e0e72,a7641a27b2328779,2020-12-03 00:00:00,2020-12-04,,Nintendo Switch,e682,168.0,website,direct,mobile,US,2020,2020-12,2020-12-03,2020-11-30/2020-12-06,2020Q4,2020,2020-12,2020-12-04,2020-11-30/2020-12-06,2020Q4
79e4dbff,a7a5bbb57ac52088,2020-12-05 00:00:00,2020-12-07,3/27/2025,27in 4K gaming monitor,e7e6,454.21,website,direct,mobile,JP,2020,2020-12,2020-12-05,2020-11-30/2020-12-06,2020Q4,2020,2020-12,2020-12-07,2020-12-07/2020-12-13,2020Q4
18c924be,a7a687354fb13073,2020-12-27 00:00:00,2020-12-28,12/4/2022,Nintendo Switch,e682,161.05,website,email,desktop,SE,2020,2020-12,2020-12-27,2020-12-21/2020-12-27,2020Q4,2020,2020-12,2020-12-28,2020-12-28/2021-01-03,2020Q4
1dd65f16,a7d312fa37215215,2020-12-03 00:00:00,2020-12-05,,Nintendo Switch,8e5d,165.38,mobile app,email,desktop,US,2020,2020-12,2020-12-03,2020-11-30/2020-12-06,2020Q4,2020,2020-12,2020-12-05,2020-11-30/2020-12-06,2020Q4
1dd65f16,a7d312fa37215216,2020-12-03 00:00:00,2020-12-05,,Nintendo Switch,8e5d,165.38,mobile app,email,desktop,US,2020,2020-12,2020-12-03,2020-11-30/2020-12-06,2020Q4,2020,2020-12,2020-12-05,2020-11-30/2020-12-06,2020Q4
cb18646b,a7d567c786985855,2020-12-29 00:00:00,2020-12-30,,Dell Gaming Mouse,8d4f,52.97,mobile app,direct,mobile,IL,2020,2020-12,2020-12-29,2020-12-28/2021-01-03,2020Q4,2020,2020-12,2020-12-30,2020-12-28/2021-01-03,2020Q4
56680a73,a805da6c82337926,2020-12-13 00:00:00,2020-12-15,,JBL Quantum 100 Gaming Headset,ab0f,24.0,website,direct,mobile,US,2020,2020-12,2020-12-13,2020-12-07/2020-12-13,2020Q4,2020,2020-12,2020-12-15,2020-12-14/2020-12-20,2020Q4
b57ea819,a82b4b5887276867,2020-12-06 00:00:00,2020-12-09,,Nintendo Switch,e682,168.0,website,direct,mobile,GL,2020,2020-12,2020-12-06,2020-11-30/2020-12-06,2020Q4,2020,2020-12,2020-12-09,2020-12-07/2020-12-13,2020Q4
5767429d,a833200f8a338329,2020-12-28 00:00:00,2020-12-31,,Sony PlayStation 5 Bundle,54ed,1538.65,website,direct,mobile,IT,2020,2020-12,2020-12-28,2020-12-28/2021-01-03,2020Q4,2020,2020-12,2020-12-31,2020-12-28/2021-01-03,2020Q4
da197d31,a83a90256d392137,2020-12-10 00:00:00,2020-12-13,11/22/2025,Nintendo Switch,e682,168.0,website,social media,tablet,US,2020,2020-12,2020-12-10,2020-12-07/2020-12-13,2020Q4,2020,2020-12,2020-12-13,2020-12-07/2020-12-13,2020Q4
de34c583,a84303c522b93911,2020-12-23 00:00:00,2020-12-25,1/21/2023,Lenovo IdeaPad Gaming 3,9ef0,1198.0,website,direct,mobile,US,2020,2020-12,2020-12-23,2020-12-21/2020-12-27,2020Q4,2020,2020-12,2020-12-25,2020-12-21/2020-12-27,2020Q4
d5caff1a,a84435774cd90289,2020-01-29 00:00:00,2020-01-30,,Lenovo IdeaPad Gaming 3,04ac,1198.0,website,direct,mobile,US,2020,2020-01,2020-01-29,2020-01-27/2020-02-02,2020Q1,2020,2020-01,2020-01-30,2020-01-27/2020-02-02,2020Q1
d5caff1a,a84435774cd90290,2020-01-29 00:00:00,2020-01-30,,Lenovo IdeaPad Gaming 3,04ac,1198.0,website,direct,mobile,US,2020,2020-01,2020-01-29,2020-01-27/2020-02-02,2020Q1,2020,2020-01,2020-01-30,2020-01-27/2020-02-02,2020Q1
b8e6b088,a8939f8a37078323,2020-12-22 00:00:00,2020-12-24,1/19/2023,27in 4K gaming monitor,e7e6,506.46,website,direct,mobile,GB,2020,2020-12,2020-12-22,2020-12-21/2020-12-27,2020Q4,2020,2020-12,2020-12-24,2020-12-21/2020-12-27,2020Q4
b8e6b088,a8939f8a37078324,2020-12-22 00:00:00,2020-12-24,1/19/2023,27in 4K gaming monitor,e7e6,506.46,website,direct,mobile,GB,2020,2020-12,2020-12-22,2020-12-21/2020-12-27,2020Q4,2020,2020-12,2020-12-24,2020-12-21/2020-12-27,2020Q4
167d7140,a8e763b750812159,2020-12-29 00:00:00,2020-12-30,,Nintendo Switch,e682,168.0,website,direct,mobile,US,2020,2020-12,2020-12-29,2020-12-28/2021-01-03,2020Q4,2020,2020-12,2020-12-30,2020-12-28/2021-01-03,2020Q4
51d366a4,a8fa124232f36128,2020-01-22 00:00:00,2020-01-24,,Nintendo Switch,8d0d,168.0,website,direct,mobile,US,2020,2020-01,2020-01-22,2020-01-20/2020-01-26,2020Q1,2020,2020-01,2020-01-24,2020-01-20/2020-01-26,2020Q1
79a4a3f5,a91219c34f751977,2020-12-30 00:00:00,2021-01-01,,27in 4K gaming monitor,891b,432.0,website,direct,mobile,US,2020,2020-12,2020-12-30,2020-12-28/2021-01-03,2020Q4,2021,2021-01,2021-01-01,2020-12-28/2021-01-03,2021Q1
79a4a3f5,a91219c34f751978,2020-12-30 00:00:00,2021-01-01,9/23/2024,27in 4K gaming monitor,891b,432.0,website,direct,mobile,US,2020,2020-12,2020-12-30,2020-12-28/2021-01-03,2020Q4,2021,2021-01,2021-01-01,2020-12-28/2021-01-03,2021Q1
19965f03,a914bb5d05313377,2020-12-08 00:00:00,2020-12-09,,27in 4K gaming monitor,891b,408.0,website,email,desktop,US,2020,2020-12,2020-12-08,2020-12-07/2020-12-13,2020Q4,2020,2020-12,2020-12-09,2020-12-07/2020-12-13,2020Q4
c72c1d13,a93cd1adfb584249,2020-12-13 00:00:00,2020-12-15,12/4/2022,Nintendo Switch,e682,168.0,website,email,desktop,US,2020,2020-12,2020-12-13,2020-12-07/2020-12-13,2020Q4,2020,2020-12,2020-12-15,2020-12-14/2020-12-20,2020Q4
c72c1d13,a93cd1adfb584250,2020-12-13 00:00:00,2020-12-15,12/4/2022,Nintendo Switch,e682,168.0,website,email,desktop,US,2020,2020-12,2020-12-13,2020-12-07/2020-12-13,2020Q4,2020,2020-12,2020-12-15,2020-12-14/2020-12-20,2020Q4
3677a266,a9710d6a72725041,2020-12-30 00:00:00,2020-12-31,,27in 4K gaming monitor,891b,386.91,website,affiliate,unknown,EE,2020,2020-12,2020-12-30,2020-12-28/2021-01-03,2020Q4,2020,2020-12,2020-12-31,2020-12-28/2021-01-03,2020Q4
dddb93b5,a9d16b7a9aa93761,2020-12-11 00:00:00,2020-12-12,,Nintendo Switch,b5f7,167.98,mobile app,email,desktop,US,2020,2020-12,2020-12-11,2020-12-07/2020-12-13,2020Q4,2020,2020-12,2020-12-12,2020-12-07/2020-12-13,2020Q4
016e44c0,a9e816be7f73757,2020-12-18 00:00:00,2020-12-20,,27in 4K gaming monitor,891b,412.03,website,direct,mobile,FR,2020,2020-12,2020-12-18,2020-12-14/2020-12-20,2020Q4,2020,2020-12,2020-12-20,2020-12-14/2020-12-20,2020Q4
016e44c0,a9e816be7f73759,2020-12-18 00:00:00,2020-12-20,,27in 4K gaming monitor,891b,412.03,website,direct,mobile,FR,2020,2020-12,2020-12-18,2020-12-14/2020-12-20,2020Q4,2020,2020-12,2020-12-20,2020-12-14/2020-12-20,2020Q4
2dbaf6c5,aa560ac110c21515,2020-12-21 00:00:00,2020-12-24,,Nintendo Switch,8d0d,134.4,website,direct,mobile,US,2020,2020-12,2020-12-21,2020-12-21/2020-12-27,2020Q4,2020,2020-12,2020-12-24,2020-12-21/2020-12-27,2020Q4
5c2515ca,aa93228f79e40256,2020-01-23 00:00:00,2020-01-25,,Nintendo Switch,8d0d,168.0,website,direct,mobile,US,2020,2020-01,2020-01-23,2020-01-20/2020-01-26,2020Q1,2020,2020-01,2020-01-25,2020-01-20/2020-01-26,2020Q1
5c2515ca,aa93228f79e40257,2020-01-23 00:00:00,2020-01-25,,Nintendo Switch,8d0d,168.0,website,direct,mobile,US,2020,2020-01,2020-01-23,2020-01-20/2020-01-26,2020Q1,2020,2020-01,2020-01-25,2020-01-20/2020-01-26,2020Q1
e623de73,aa99e13dd4397220,2020-12-28 00:00:00,2020-12-29,,Sony PlayStation 5 Bundle,54ed,1295.61,website,direct,mobile,CA,2020,2020-12,2020-12-28,2020-12-28/2021-01-03,2020Q4,2020,2020-12,2020-12-29,2020-12-28/2021-01-03,2020Q4
3c58ce00,aaadd71631b27434,2020-12-21 00:00:00,2020-12-23,2/16/2024,Nintendo Switch,8d0d,164.69,website,direct,mobile,DE,2020,2020-12,2020-12-21,2020-12-21/2020-12-27,2020Q4,2020,2020-12,2020-12-23,2020-12-21/2020-12-27,2020Q4
3c58ce00,aaadd71631b27435,2020-12-21 00:00:00,2020-12-23,9/13/2022,Nintendo Switch,8d0d,164.69,website,direct,mobile,DE,2020,2020-12,2020-12-21,2020-12-21/2020-12-27,2020Q4,2020,2020-12,2020-12-23,2020-12-21/2020-12-27,2020Q4
3c58ce00,aaadd71631b27436,2020-12-21 00:00:00,2020-12-23,,Nintendo Switch,8d0d,164.69,website,direct,mobile,DE,2020,2020-12,2020-12-21,2020-12-21/2020-12-27,2020Q4,2020,2020-12,2020-12-23,2020-12-21/2020-12-27,2020Q4
41f2fa6e,aab3ad85c2d29771,2020-12-10 00:00:00,2020-12-12,,Lenovo IdeaPad Gaming 3,04ac,1198.0,website,email,desktop,CL,2020,2020-12,2020-12-10,2020-12-07/2020-12-13,2020Q4,2020,2020-12,2020-12-12,2020-12-07/2020-12-13,2020Q4
31a897f2,aafa27fe8e623191,2020-12-14 00:00:00,2020-12-17,,Nintendo Switch,8d0d,164.88,website,direct,mobile,DE,2020,2020-12,2020-12-14,2020-12-14/2020-12-20,2020Q4,2020,2020-12,2020-12-17,2020-12-14/2020-12-20,2020Q4
0fa227b0,ab06e1415ae9447,2020-12-13 00:00:00,2020-12-14,,Dell Gaming Mouse,8d4f,49.98,mobile app,email,desktop,US,2020,2020-12,2020-12-13,2020-12-07/2020-12-13,2020Q4,2020,2020-12,2020-12-14,2020-12-14/2020-12-20,2020Q4
46c3ac73,ab0fe98b23031703,2020-01-31 00:00:00,2020-02-01,2/6/2022,Sony PlayStation 5 Bundle,54ed,1800.0,website,direct,mobile,BR,2020,2020-01,2020-01-31,2020-01-27/2020-02-02,2020Q1,2020,2020-02,2020-02-01,2020-01-27/2020-02-02,2020Q1
d6c172d9,ab2248f702d90704,2020-12-28 00:00:00,2020-12-31,,Nintendo Switch,e682,158.97,website,direct,mobile,JP,2020,2020-12,2020-12-28,2020-12-28/2021-01-03,2020Q4,2020,2020-12,2020-12-31,2020-12-28/2021-01-03,2020Q4
4f1b5348,ab26644654335092,2020-12-02 00:00:00,2020-12-04,,Nintendo Switch,e682,168.0,website,direct,mobile,GH,2020,2020-12,2020-12-02,2020-11-30/2020-12-06,2020Q4,2020,2020-12,2020-12-04,2020-11-30/2020-12-06,2020Q4
5f10c402,ab6da6bfa7341418,2020-12-18 00:00:00,2020-12-19,,Dell Gaming Mouse,8d4f,59.72,mobile app,direct,mobile,AT,2020,2020-12,2020-12-18,2020-12-14/2020-12-20,2020Q4,2020,2020-12,2020-12-19,2020-12-14/2020-12-20,2020Q4
5f10c402,ab6da6bfa7341419,2020-12-18 00:00:00,2020-12-19,,Dell Gaming Mouse,8d4f,59.72,mobile app,direct,mobile,AT,2020,2020-12,2020-12-18,2020-12-14/2020-12-20,2020Q4,2020,2020-12,2020-12-19,2020-12-14/2020-12-20,2020Q4
66a9edd1,abb2955c84c44359,2020-01-29 00:00:00,2020-01-30,,Nintendo Switch,8d0d,149.03,website,direct,mobile,AT,2020,2020-01,2020-01-29,2020-01-27/2020-02-02,2020Q1,2020,2020-01,2020-01-30,2020-01-27/2020-02-02,2020Q1
ff80c915,abfe8eebcbe107891,2020-12-15 00:00:00,2020-12-18,,Lenovo IdeaPad Gaming 3,04ac,1052.39,website,direct,mobile,JP,2020,2020-12,2020-12-15,2020-12-14/2020-12-20,2020Q4,2020,2020-12,2020-12-18,2020-12-14/2020-12-20,2020Q4
119cebb5,ac2663797e110190,2020-01-25 00:00:00,2020-01-28,,Nintendo Switch,e682,168.0,website,direct,mobile,BR,2020,2020-01,2020-01-25,2020-01-20/2020-01-26,2020Q1,2020,2020-01,2020-01-28,2020-01-27/2020-02-02,2020Q1
119cebb5,ac2663797e110191,2020-01-25 00:00:00,2020-01-28,,Nintendo Switch,e682,168.0,website,direct,mobile,BR,2020,2020-01,2020-01-25,2020-01-20/2020-01-26,2020Q1,2020,2020-01,2020-01-28,2020-01-27/2020-02-02,2020Q1
776ceae1,ac86022889c51145,2020-12-04 00:00:00,2020-12-07,,Nintendo Switch,e682,164.42,website,direct,mobile,NL,2020,2020-12,2020-12-04,2020-11-30/2020-12-06,2020Q4,2020,2020-12,2020-12-07,2020-12-07/2020-12-13,2020Q4
df07d055,aca3f288dfc94267,2020-12-28 00:00:00,2020-12-31,,Nintendo Switch,e682,168.0,website,direct,mobile,US,2020,2020-12,2020-12-28,2020-12-28/2021-01-03,2020Q4,2020,2020-12,2020-12-31,2020-12-28/2021-01-03,2020Q4
c6812665,acb0dfc9ff483977,2020-12-09 00:00:00,2020-12-12,,Nintendo Switch,8d0d,168.0,website,direct,mobile,US,2020,2020-12,2020-12-09,2020-12-07/2020-12-13,2020Q4,2020,2020-12,2020-12-12,2020-12-07/2020-12-13,2020Q4
92ddf18f,acb346d551b62307,2020-12-20 00:00:00,2020-12-21,,JBL Quantum 100 Gaming Headset,ab0f,25.97,website,direct,mobile,GB,2020,2020-12,2020-12-20,2020-12-14/2020-12-20,2020Q4,2020,2020-12,2020-12-21,2020-12-21/2020-12-27,2020Q4
92ddf18f,acb346d551b62308,2020-12-20 00:00:00,2020-12-21,,JBL Quantum 100 Gaming Headset,ab0f,25.97,website,direct,mobile,GB,2020,2020-12,2020-12-20,2020-12-14/2020-12-20,2020Q4,2020,2020-12,2020-12-21,2020-12-21/2020-12-27,2020Q4
3ba80b4f,ad246c8d18d27169,2020-01-28 00:00:00,2020-01-29,,27in 4K gaming monitor,891b,480.0,website,direct,mobile,US,2020,2020-01,2020-01-28,2020-01-27/2020-02-02,2020Q1,2020,2020-01,2020-01-29,2020-01-27/2020-02-02,2020Q1
3ba80b4f,ad246c8d18d27169,2020-01-28 00:00:00,2020-01-29,,27in 4K gaming monitor,891b,480.0,website,direct,mobile,US,2020,2020-01,2020-01-28,2020-01-27/2020-02-02,2020Q1,2020,2020-01,2020-01-29,2020-01-27/2020-02-02,2020Q1
434af5e8,ad33c0d9ae930297,2020-12-21 00:00:00,2020-12-24,,27in 4K gaming monitor,891b,462.1,website,email,desktop,US,2020,2020-12,2020-12-21,2020-12-21/2020-12-27,2020Q4,2020,2020-12,2020-12-24,2020-12-21/2020-12-27,2020Q4
434af5e8,ad33c0d9ae930298,2020-12-21 00:00:00,2020-12-24,,27in 4K gaming monitor,891b,462.1,website,email,desktop,US,2020,2020-12,2020-12-21,2020-12-21/2020-12-27,2020Q4,2020,2020-12,2020-12-24,2020-12-21/2020-12-27,2020Q4
a599c74c,ad505bb143170162,2020-12-09 00:00:00,2020-12-11,8/21/2022,27in 4K gaming monitor,891b,480.0,website,direct,mobile,US,2020,2020-12,2020-12-09,2020-12-07/2020-12-13,2020Q4,2020,2020-12,2020-12-11,2020-12-07/2020-12-13,2020Q4
3fa9d04a,ad51cb159cb28860,2020-12-18 00:00:00,2020-12-20,12/6/2022,Nintendo Switch,e682,181.02,website,direct,mobile,GB,2020,2020-12,2020-12-18,2020-12-14/2020-12-20,2020Q4,2020,2020-12,2020-12-20,2020-12-14/2020-12-20,2020Q4
31718713,ad5639d2c90844,2020-12-22 00:00:00,2020-12-25,7/6/2025,27in 4K gaming monitor,891b,441.24,website,direct,mobile,CA,2020,2020-12,2020-12-22,2020-12-21/2020-12-27,2020Q4,2020,2020-12,2020-12-25,2020-12-21/2020-12-27,2020Q4
31718713,ad5639d2c90846,2020-12-22 00:00:00,2020-12-25,,27in 4K gaming monitor,891b,441.24,website,direct,mobile,CA,2020,2020-12,2020-12-22,2020-12-21/2020-12-27,2020Q4,2020,2020-12,2020-12-25,2020-12-21/2020-12-27,2020Q4
b3507ccd,ad641d5f42c75989,2020-12-11 00:00:00,2020-12-14,,JBL Quantum 100 Gaming Headset,ab0f,17.13,website,direct,mobile,AU,2020,2020-12,2020-12-11,2020-12-07/2020-12-13,2020Q4,2020,2020-12,2020-12-14,2020-12-14/2020-12-20,2020Q4
ef711188,add38146173101155,2020-12-26 00:00:00,2020-12-27,,Dell Gaming Mouse,8d4f,49.98,mobile app,direct,mobile,US,2020,2020-12,2020-12-26,2020-12-21/2020-12-27,2020Q4,2020,2020-12,2020-12-27,2020-12-21/2020-12-27,2020Q4
3bb56d71,add88586a5827183,2020-01-22 00:00:00,2020-01-23,,27in 4K gaming monitor,891b,484.89,website,email,mobile,GB,2020,2020-01,2020-01-22,2020-01-20/2020-01-26,2020Q1,2020,2020-01,2020-01-23,2020-01-20/2020-01-26,2020Q1
3bb56d71,add88586a5827183,2020-01-22 00:00:00,2020-01-23,,27in 4K gaming monitor,891b,484.89,website,email,desktop,GB,2020,2020-01,2020-01-22,2020-01-20/2020-01-26,2020Q1,2020,2020-01,2020-01-23,2020-01-20/2020-01-26,2020Q1
a9353dd2,ae1c268c1e771713,2020-01-31 00:00:00,2020-02-02,,Nintendo Switch,8d0d,142.8,website,direct,mobile,AR,2020,2020-01,2020-01-31,2020-01-27/2020-02-02,2020Q1,2020,2020-02,2020-02-02,2020-01-27/2020-02-02,2020Q1
46790b76,ae3161d426b31579,2020-12-23 00:00:00,2020-12-24,,Lenovo IdeaPad Gaming 3,9ef0,1198.0,website,direct,mobile,US,2020,2020-12,2020-12-23,2020-12-21/2020-12-27,2020Q4,2020,2020-12,2020-12-24,2020-12-21/2020-12-27,2020Q4
16e89c6f,ae3709c963b12329,2020-01-27 00:00:00,2020-01-28,,JBL Quantum 100 Gaming Headset,ab0f,21.55,website,direct,mobile,IE,2020,2020-01,2020-01-27,2020-01-27/2020-02-02,2020Q1,2020,2020-01,2020-01-28,2020-01-27/2020-02-02,2020Q1
16e89c6f,ae3709c963b12330,2020-01-27 00:00:00,2020-01-28,,JBL Quantum 100 Gaming Headset,ab0f,21.55,website,direct,mobile,IE,2020,2020-01,2020-01-27,2020-01-27/2020-02-02,2020Q1,2020,2020-01,2020-01-28,2020-01-27/2020-02-02,2020Q1
7556c01c,ae64c441d6550333,2020-12-28 00:00:00,2020-12-30,,Lenovo IdeaPad Gaming 3,9ef0,1198.0,website,direct,mobile,AE,2020,2020-12,2020-12-28,2020-12-28/2021-01-03,2020Q4,2020,2020-12,2020-12-30,2020-12-28/2021-01-03,2020Q4
87bd5f45,ae70e2123cd57705,2020-01-25 00:00:00,2020-01-26,,JBL Quantum 100 Gaming Headset,ab0f,19.85,website,email,mobile,SE,2020,2020-01,2020-01-25,2020-01-20/2020-01-26,2020Q1,2020,2020-01,2020-01-26,2020-01-20/2020-01-26,2020Q1
0f375bcc,aee33f44c349277,2020-12-28 00:00:00,2020-12-29,,27in 4K gaming monitor,e7e6,502.89,website,direct,mobile,TW,2020,2020-12,2020-12-28,2020-12-28/2021-01-03,2020Q4,2020,2020-12,2020-12-29,2020-12-28/2021-01-03,2020Q4
5f5a5cc3,af870207f8341525,2020-12-13 00:00:00,2020-12-14,1/24/2023,Dell Gaming Mouse,8d4f,65.63,mobile app,direct,desktop,GB,2020,2020-12,2020-12-13,2020-12-07/2020-12-13,2020Q4,2020,2020-12,2020-12-14,2020-12-14/2020-12-20,2020Q4
23f17a20,af92b1dd83617534,2020-12-22 00:00:00,2020-12-24,,Nintendo Switch,e682,153.07,website,direct,desktop,AU,2020,2020-12,2020-12-22,2020-12-21/2020-12-27,2020Q4,2020,2020-12,2020-12-24,2020-12-21/2020-12-27,2020Q4
e57822f3,afd1b1daa8f96939,2020-01-20 00:00:00,2020-01-23,,27in 4K gaming monitor,891b,480.0,website,direct,desktop,US,2020,2020-01,2020-01-20,2020-01-20/2020-01-26,2020Q1,2020,2020-01,2020-01-23,2020-01-20/2020-01-26,2020Q1
e57822f3,afd1b1daa8f96939,2020-01-20 00:00:00,2020-01-23,,27in 4K gaming monitor,891b,480.0,website,direct,desktop,US,2020,2020-01,2020-01-20,2020-01-20/2020-01-26,2020Q1,2020,2020-01,2020-01-23,2020-01-20/2020-01-26,2020Q1
67634da0,b008f14864744649,2020-12-13 00:00:00,2020-12-16,10/1/2025,27in 4K gaming monitor,891b,403.46,website,direct,desktop,SG,2020,2020-12,2020-12-13,2020-12-07/2020-12-13,2020Q4,2020,2020-12,2020-12-16,2020-12-14/2020-12-20,2020Q4
67634da0,b008f14864744650,2020-12-13 00:00:00,2020-12-16,,27in 4K gaming monitor,891b,403.46,website,direct,desktop,SG,2020,2020-12,2020-12-13,2020-12-07/2020-12-13,2020Q4,2020,2020-12,2020-12-16,2020-12-14/2020-12-20,2020Q4
ddcb8de4,b01fdb1186393734,2020-12-06 00:00:00,2020-12-07,,JBL Quantum 100 Gaming Headset,ab0f,23.9,website,direct,desktop,NL,2020,2020-12,2020-12-06,2020-11-30/2020-12-06,2020Q4,2020,2020-12,2020-12-07,2020-12-07/2020-12-13,2020Q4
04892ac0,b093743f0ce4971,2020-12-16 00:00:00,2020-12-19,,27in 4K gaming monitor,891b,453.67,website,direct,desktop,JP,2020,2020-12,2020-12-16,2020-12-14/2020-12-20,2020Q4,2020,2020-12,2020-12-19,2020-12-14/2020-12-20,2020Q4
299a531e,b0be090b9a519824,2020-12-28 00:00:00,2020-12-30,,27in 4K gaming monitor,e7e6,480.0,website,direct,desktop,US,2020,2020-12,2020-12-28,2020-12-28/2021-01-03,2020Q4,2020,2020-12,2020-12-30,2020-12-28/2021-01-03,2020Q4
a978e0c3,b0d3712ec4071848,2020-01-24 00:00:00,2020-01-26,,Nintendo Switch,8d0d,168.0,website,direct,desktop,US,2020,2020-01,2020-01-24,2020-01-20/2020-01-26,2020Q1,2020,2020-01,2020-01-26,2020-01-20/2020-01-26,2020Q1
95482008,b0e00f868712520,2020-12-09 00:00:00,2020-12-12,8/15/2023,27in 4K gaming monitor,891b,480.0,website,direct,desktop,BR,2020,2020-12,2020-12-09,2020-12-07/2020-12-13,2020Q4,2020,2020-12,2020-12-12,2020-12-07/2020-12-13,2020Q4
a35f500a,b10506a017569133,2020-12-03 00:00:00,2020-12-04,,JBL Quantum 100 Gaming Headset,ab0f,24.0,website,direct,desktop,US,2020,2020-12,2020-12-03,2020-11-30/2020-12-06,2020Q4,2020,2020-12,2020-12-04,2020-11-30/2020-12-06,2020Q4
c8987c2c,b145b40b57384827,2020-12-25 00:00:00,2020-12-28,12/27/2022,Nintendo Switch,8e5d,165.8,mobile app,direct,desktop,AU,2020,2020-12,2020-12-25,2020-12-21/2020-12-27,2020Q4,2020,2020-12,2020-12-28,2020-12-28/2021-01-03,2020Q4
ec8be332,b16ee891b1a99942,2020-12-24 00:00:00,2020-12-27,,27in 4K gaming monitor,891b,451.63,website,direct,desktop,NL,2020,2020-12,2020-12-24,2020-12-21/2020-12-27,2020Q4,2020,2020-12,2020-12-27,2020-12-21/2020-12-27,2020Q4
a4c0421d,b1a9bc9b8a869727,2020-12-17 00:00:00,2020-12-19,1/8/2023,Nintendo Switch,e682,181.02,website,direct,desktop,GB,2020,2020-12,2020-12-17,2020-12-14/2020-12-20,2020Q4,2020,2020-12,2020-12-19,2020-12-14/2020-12-20,2020Q4
8c5e82fc,b1b1fe88d9359628,2020-12-24 00:00:00,2020-12-26,10/16/2021,Nintendo Switch,8d0d,176.01,website,direct,desktop,TW,2020,2020-12,2020-12-24,2020-12-21/2020-12-27,2020Q4,2020,2020-12,2020-12-26,2020-12-21/2020-12-27,2020Q4
9ffc43cc,b20616b63f167635,2020-12-03 00:00:00,2020-12-06,,Sony PlayStation 5 Bundle,54ed,2250.93,website,direct,desktop,GB,2020,2020-12,2020-12-03,2020-11-30/2020-12-06,2020Q4,2020,2020-12,2020-12-06,2020-11-30/2020-12-06,2020Q4
911beb8b,b2084ae7b4261524,2020-12-29 00:00:00,2020-12-31,,27in 4K gaming monitor,891b,408.0,website,direct,desktop,US,2020,2020-12,2020-12-29,2020-12-28/2021-01-03,2020Q4,2020,2020-12,2020-12-31,2020-12-28/2021-01-03,2020Q4
911beb8b,b2084ae7b4261525,2020-12-29 00:00:00,2020-12-31,,27in 4K gaming monitor,891b,408.0,website,direct,desktop,US,2020,2020-12,2020-12-29,2020-12-28/2021-01-03,2020Q4,2020,2020-12,2020-12-31,2020-12-28/2021-01-03,2020Q4
cd5d3649,b21d0489d6086745,2020-12-22 00:00:00,2020-12-24,,27in 4K gaming monitor,e7e6,437.64,website,direct,desktop,SG,2020,2020-12,2020-12-22,2020-12-21/2020-12-27,2020Q4,2020,2020-12,2020-12-24,2020-12-21/2020-12-27,2020Q4
00de2691,b232d3d516e3520,2020-12-14 00:00:00,2020-12-17,1/8/2023,27in 4K gaming monitor,e7e6,480.0,website,direct,desktop,US,2020,2020-12,2020-12-14,2020-12-14/2020-12-20,2020Q4,2020,2020-12,2020-12-17,2020-12-14/2020-12-20,2020Q4
00de2691,b232d3d516e3521,2020-12-14 00:00:00,2020-12-17,1/8/2023,27in 4K gaming monitor,e7e6,480.0,website,direct,desktop,US,2020,2020-12,2020-12-14,2020-12-14/2020-12-20,2020Q4,2020,2020-12,2020-12-17,2020-12-14/2020-12-20,2020Q4
b0221109,b241351207074650,2020-12-09 00:00:00,2020-12-11,,JBL Quantum 100 Gaming Headset,ab0f,22.71,website,direct,desktop,JP,2020,2020-12,2020-12-09,2020-12-07/2020-12-13,2020Q4,2020,2020-12,2020-12-11,2020-12-07/2020-12-13,2020Q4
99885ddc,b257edee57864921,2020-01-20 00:00:00,2020-01-23,,JBL Quantum 100 Gaming Headset,ab0f,24.6,website,direct,desktop,RU,2020,2020-01,2020-01-20,2020-01-20/2020-01-26,2020Q1,2020,2020-01,2020-01-23,2020-01-20/2020-01-26,2020Q1
9f005890,b273b4184ef67209,2020-12-05 00:00:00,2020-12-06,,JBL Quantum 100 Gaming Headset,ab0f,24.0,website,direct,desktop,EG,2020,2020-12,2020-12-05,2020-11-30/2020-12-06,2020Q4,2020,2020-12,2020-12-06,2020-11-30/2020-12-06,2020Q4
487a3224,b28872ec17f32336,2020-01-25 00:00:00,2020-01-26,,Sony PlayStation 5 Bundle,54ed,1310.59,website,direct,desktop,CA,2020,2020-01,2020-01-25,2020-01-20/2020-01-26,2020Q1,2020,2020-01,2020-01-26,2020-01-20/2020-01-26,2020Q1
0989cde1,b2beb4953116919,2020-12-29 00:00:00,2021-01-01,,Sony PlayStation 5 Bundle,54ed,1268.62,website,direct,desktop,US,2020,2020-12,2020-12-29,2020-12-28/2021-01-03,2020Q4,2021,2021-01,2021-01-01,2020-12-28/2021-01-03,2021Q1
0989cde1,b2beb4953116920,2020-12-29 00:00:00,2021-01-01,,Sony PlayStation 5 Bundle,54ed,1268.62,website,direct,desktop,US,2020,2020-12,2020-12-29,2020-12-28/2021-01-03,2020Q4,2021,2021-01,2021-01-01,2020-12-28/2021-01-03,2021Q1
88178aca,b2c4650e81057825,2020-12-22 00:00:00,2020-12-25,,27in 4K gaming monitor,891b,450.37,website,direct,desktop,DE,2020,2020-12,2020-12-22,2020-12-21/2020-12-27,2020Q4,2020,2020-12,2020-12-25,2020-12-21/2020-12-27,2020Q4
72f6d168,b2de3560bdc49371,2020-01-31 00:00:00,2020-02-03,,Lenovo IdeaPad Gaming 3,9ef0,1198.0,website,direct,desktop,US,2020,2020-01,2020-01-31,2020-01-27/2020-02-02,2020Q1,2020,2020-02,2020-02-03,2020-02-03/2020-02-09,2020Q1
72f6d168,b2de3560bdc49372,2020-01-31 00:00:00,2020-02-03,,Lenovo IdeaPad Gaming 3,9ef0,1198.0,website,direct,desktop,US,2020,2020-01,2020-01-31,2020-01-27/2020-02-02,2020Q1,2020,2020-02,2020-02-03,2020-02-03/2020-02-09,2020Q1
b2044ae1,b2ebe8300ea75431,2020-12-25 00:00:00,2020-12-28,,Nintendo Switch,e682,168.0,website,social media,tablet,US,2020,2020-12,2020-12-25,2020-12-21/2020-12-27,2020Q4,2020,2020-12,2020-12-28,2020-12-28/2021-01-03,2020Q4
b2044ae1,b2ebe8300ea75432,2020-12-25 00:00:00,2020-12-28,,Nintendo Switch,e682,168.0,website,social media,tablet,US,2020,2020-12,2020-12-25,2020-12-21/2020-12-27,2020Q4,2020,2020-12,2020-12-28,2020-12-28/2021-01-03,2020Q4
2a691f52,b2ee619a63a20162,2020-12-13 00:00:00,2020-12-15,11/27/2022,27in 4K gaming monitor,afbf,298.06,website,direct,desktop,CA,2020,2020-12,2020-12-13,2020-12-07/2020-12-13,2020Q4,2020,2020-12,2020-12-15,2020-12-14/2020-12-20,2020Q4
f3132bd1,b3231f9efd7102738,2020-12-10 00:00:00,2020-12-12,,Dell Gaming Mouse,f81e,52.58,mobile app,email,desktop,CA,2020,2020-12,2020-12-10,2020-12-07/2020-12-13,2020Q4,2020,2020-12,2020-12-12,2020-12-07/2020-12-13,2020Q4
532b8bd3,b345eab320f36655,2020-12-03 00:00:00,2020-12-06,,JBL Quantum 100 Gaming Headset,ab0f,24.0,website,direct,desktop,US,2020,2020-12,2020-12-03,2020-11-30/2020-12-06,2020Q4,2020,2020-12,2020-12-06,2020-11-30/2020-12-06,2020Q4
fcbb1c02,b3490a7a8ff106720,2020-12-10 00:00:00,2020-12-13,,Sony PlayStation 5 Bundle,54ed,1828.4,website,affiliate,unknown,DE,2020,2020-12,2020-12-10,2020-12-07/2020-12-13,2020Q4,2020,2020-12,2020-12-13,2020-12-07/2020-12-13,2020Q4
41c84a5f,b3684d1340a29705,2020-12-03 00:00:00,2020-12-06,,Sony PlayStation 5 Bundle,54ed,1515.93,website,direct,desktop,PL,2020,2020-12,2020-12-03,2020-11-30/2020-12-06,2020Q4,2020,2020-12,2020-12-06,2020-11-30/2020-12-06,2020Q4
8e191713,b3879047cac60337,2020-12-05 00:00:00,2020-12-07,,JBL Quantum 100 Gaming Headset,ab0f,24.0,website,direct,desktop,US,2020,2020-12,2020-12-05,2020-11-30/2020-12-06,2020Q4,2020,2020-12,2020-12-07,2020-12-07/2020-12-13,2020Q4
663fda0d,b391b92b01f44204,2020-12-31 00:00:00,2021-01-01,,Lenovo IdeaPad Gaming 3,04ac,981.09,website,direct,desktop,PT,2020,2020-12,2020-12-31,2020-12-28/2021-01-03,2020Q4,2021,2021-01,2021-01-01,2020-12-28/2021-01-03,2021Q1
87d27f72,b3bc51c549e57736,2020-12-04 00:00:00,2020-12-07,,Nintendo Switch,e682,164.88,website,direct,desktop,DE,2020,2020-12,2020-12-04,2020-11-30/2020-12-06,2020Q4,2020,2020-12,2020-12-07,2020-12-07/2020-12-13,2020Q4
ddaa2a0c,b41bd795c1f93686,2020-12-24 00:00:00,2020-12-26,,JBL Quantum 100 Gaming Headset,ab0f,24.0,website,direct,desktop,US,2020,2020-12,2020-12-24,2020-12-21/2020-12-27,2020Q4,2020,2020-12,2020-12-26,2020-12-21/2020-12-27,2020Q4
921085db,b44132303e161958,2020-12-13 00:00:00,2020-12-16,,Nintendo Switch,8d0d,156.77,website,direct,desktop,JP,2020,2020-12,2020-12-13,2020-12-07/2020-12-13,2020Q4,2020,2020-12,2020-12-16,2020-12-14/2020-12-20,2020Q4
ef513f72,b4610efe65d101111,2020-12-25 00:00:00,2020-12-26,12/30/2022,Nintendo Switch,8e5d,164.98,mobile app,direct,desktop,US,2020,2020-12,2020-12-25,2020-12-21/2020-12-27,2020Q4,2020,2020-12,2020-12-26,2020-12-21/2020-12-27,2020Q4
d0e9d546,b46baa5f3aa88218,2020-12-16 00:00:00,2020-12-18,12/17/2023,27in 4K gaming monitor,891b,381.5,website,direct,desktop,US,2020,2020-12,2020-12-16,2020-12-14/2020-12-20,2020Q4,2020,2020-12,2020-12-18,2020-12-14/2020-12-20,2020Q4
eb65b410,b46e167e2ab99458,2020-12-11 00:00:00,2020-12-12,,Nintendo Switch,e682,168.0,website,direct,desktop,KZ,2020,2020-12,2020-12-11,2020-12-07/2020-12-13,2020Q4,2020,2020-12,2020-12-12,2020-12-07/2020-12-13,2020Q4
eb65b410,b46e167e2ab99459,2020-12-11 00:00:00,2020-12-12,,Nintendo Switch,e682,168.0,website,direct,desktop,KZ,2020,2020-12,2020-12-11,2020-12-07/2020-12-13,2020Q4,2020,2020-12,2020-12-12,2020-12-07/2020-12-13,2020Q4
6ea1b080,b488d13b73f47724,2020-12-06 00:00:00,2020-12-09,,JBL Quantum 100 Gaming Headset,ab0f,25.97,website,direct,desktop,GB,2020,2020-12,2020-12-06,2020-11-30/2020-12-06,2020Q4,2020,2020-12,2020-12-09,2020-12-07/2020-12-13,2020Q4
a8cdb324,b4cc89de15271539,2020-12-21 00:00:00,2020-12-24,2/10/2023,27in 4K gaming monitor,e7e6,436.46,website,direct,desktop,AU,2020,2020-12,2020-12-21,2020-12-21/2020-12-27,2020Q4,2020,2020-12,2020-12-24,2020-12-21/2020-12-27,2020Q4
6089662e,b4f441b805741982,2020-12-08 00:00:00,2020-12-09,,Sony PlayStation 5 Bundle,54ed,1800.0,website,direct,desktop,US,2020,2020-12,2020-12-08,2020-12-07/2020-12-13,2020Q4,2020,2020-12,2020-12-09,2020-12-07/2020-12-13,2020Q4
6089662e,b4f441b805741983,2020-12-08 00:00:00,2020-12-09,,Sony PlayStation 5 Bundle,54ed,1800.0,website,direct,desktop,US,2020,2020-12,2020-12-08,2020-12-07/2020-12-13,2020Q4,2020,2020-12,2020-12-09,2020-12-07/2020-12-13,2020Q4
0bf01cff,b528ed0af2c7902,2020-12-05 00:00:00,2020-12-07,,JBL Quantum 100 Gaming Headset,f5ca,0.0,website,direct,desktop,CA,2020,2020-12,2020-12-05,2020-11-30/2020-12-06,2020Q4,2020,2020-12,2020-12-07,2020-12-07/2020-12-13,2020Q4
b97440e2,b53fd63150378579,2020-12-15 00:00:00,2020-12-18,,Nintendo Switch,8d0d,169.23,website,direct,desktop,SE,2020,2020-12,2020-12-15,2020-12-14/2020-12-20,2020Q4,2020,2020-12,2020-12-18,2020-12-14/2020-12-20,2020Q4
b5f4fff1,b57b89f9f7f77089,2020-12-07 00:00:00,2020-12-08,7/16/2025,Nintendo Switch,e682,168.0,website,direct,desktop,US,2020,2020-12,2020-12-07,2020-12-07/2020-12-13,2020Q4,2020,2020-12,2020-12-08,2020-12-07/2020-12-13,2020Q4
fa6c9532,b59f5061d61105811,2020-01-27 00:00:00,2020-01-29,,Sony PlayStation 5 Bundle,54ed,1800.0,website,direct,desktop,US,2020,2020-01,2020-01-27,2020-01-27/2020-02-02,2020Q1,2020,2020-01,2020-01-29,2020-01-27/2020-02-02,2020Q1
49e40fc3,b5baa4b343432888,2020-12-11 00:00:00,2020-12-13,,Nintendo Switch,e682,168.0,website,direct,desktop,US,2020,2020-12,2020-12-11,2020-12-07/2020-12-13,2020Q4,2020,2020-12,2020-12-13,2020-12-07/2020-12-13,2020Q4
10a1585e,b5e176e84cf9834,2020-12-03 00:00:00,2020-12-05,11/6/2022,27in 4K gaming monitor,891b,325.8,website,direct,desktop,AR,2020,2020-12,2020-12-03,2020-11-30/2020-12-06,2020Q4,2020,2020-12,2020-12-05,2020-11-30/2020-12-06,2020Q4
10a1585e,b5e176e84cf9835,2020-12-03 00:00:00,2020-12-05,11/6/2022,27in 4K gaming monitor,891b,325.8,website,direct,desktop,AR,2020,2020-12,2020-12-03,2020-11-30/2020-12-06,2020Q4,2020,2020-12,2020-12-05,2020-11-30/2020-12-06,2020Q4
fa569b69,b5f299867b8105772,2020-12-12 00:00:00,2020-12-15,,JBL Quantum 100 Gaming Headset,ab0f,23.83,website,direct,desktop,FR,2020,2020-12,2020-12-12,2020-12-07/2020-12-13,2020Q4,2020,2020-12,2020-12-15,2020-12-14/2020-12-20,2020Q4
04ead4e9,b624697ff615125,2020-01-22 00:00:00,2020-01-24,,Nintendo Switch,8d0d,138.24,website,email,mobile,CH,2020,2020-01,2020-01-22,2020-01-20/2020-01-26,2020Q1,2020,2020-01,2020-01-24,2020-01-20/2020-01-26,2020Q1
26e84ac3,b624805a47118752,2020-12-12 00:00:00,2020-12-15,,Sony PlayStation 5 Bundle,54ed,1699.91,website,direct,desktop,CA,2020,2020-12,2020-12-12,2020-12-07/2020-12-13,2020Q4,2020,2020-12,2020-12-15,2020-12-14/2020-12-20,2020Q4
5db5512c,b690baa6c6940872,2020-01-21 00:00:00,2020-01-22,2/1/2022,Nintendo Switch,8d0d,142.8,website,direct,desktop,US,2020,2020-01,2020-01-21,2020-01-20/2020-01-26,2020Q1,2020,2020-01,2020-01-22,2020-01-20/2020-01-26,2020Q1
78de031e,b69ea3a291751692,2020-12-19 00:00:00,2020-12-20,,Nintendo Switch,8d0d,168.0,website,direct,desktop,US,2020,2020-12,2020-12-19,2020-12-14/2020-12-20,2020Q4,2020,2020-12,2020-12-20,2020-12-14/2020-12-20,2020Q4
cd5f5609,b6a48ca83a686753,2020-12-16 00:00:00,2020-12-18,,Nintendo Switch,8d0d,140.15,website,affiliate,unknown,NL,2020,2020-12,2020-12-16,2020-12-14/2020-12-20,2020Q4,2020,2020-12,2020-12-18,2020-12-14/2020-12-20,2020Q4
7ae27a87,b6b53ecf5b452506,2020-12-24 00:00:00,2020-12-26,,Nintendo Switch,e682,168.0,website,direct,desktop,US,2020,2020-12,2020-12-24,2020-12-21/2020-12-27,2020Q4,2020,2020-12,2020-12-26,2020-12-21/2020-12-27,2020Q4
f75a7fbf,b6ddd38f850104506,2020-12-09 00:00:00,2020-12-12,,Acer Nitro V Gaming Laptop,22ea,834.24,website,email,desktop,AT,2020,2020-12,2020-12-09,2020-12-07/2020-12-13,2020Q4,2020,2020-12,2020-12-12,2020-12-07/2020-12-13,2020Q4
94dd4867,b70691c26f863097,2020-01-30 00:00:00,2020-01-31,,Nintendo Switch,8d0d,150.41,website,direct,desktop,DE,2020,2020-01,2020-01-30,2020-01-27/2020-02-02,2020Q1,2020,2020-01,2020-01-31,2020-01-27/2020-02-02,2020Q1
b0f80290,b75b1ec3d3175005,2020-01-29 00:00:00,2020-02-01,,27in 4K gaming monitor,891b,458.32,website,direct,desktop,US,2020,2020-01,2020-01-29,2020-01-27/2020-02-02,2020Q1,2020,2020-02,2020-02-01,2020-01-27/2020-02-02,2020Q1
b0f80290,b75b1ec3d3175005,2020-01-29 00:00:00,2020-02-01,,27in 4K gaming monitor,891b,458.32,website,direct,desktop,US,2020,2020-01,2020-01-29,2020-01-27/2020-02-02,2020Q1,2020,2020-02,2020-02-01,2020-01-27/2020-02-02,2020Q1
7790fe72,b774864a66f51199,2020-12-27 00:00:00,2020-12-28,,JBL Quantum 100 Gaming Headset,ab0f,23.83,website,email,desktop,SI,2020,2020-12,2020-12-27,2020-12-21/2020-12-27,2020Q4,2020,2020-12,2020-12-28,2020-12-28/2021-01-03,2020Q4
001d9e6e,b7b594ffa113199,2020-12-06 00:00:00,2020-12-09,,JBL Quantum 100 Gaming Headset,ab0f,24.0,website,direct,desktop,US,2020,2020-12,2020-12-06,2020-11-30/2020-12-06,2020Q4,2020,2020-12,2020-12-09,2020-12-07/2020-12-13,2020Q4
f1e72cbd,b7bf7d13307102233,2020-01-26 00:00:00,2020-01-29,,Nintendo Switch,8d0d,168.0,website,direct,desktop,US,2020,2020-01,2020-01-26,2020-01-20/2020-01-26,2020Q1,2020,2020-01,2020-01-29,2020-01-27/2020-02-02,2020Q1
b7dc3969,b7f9941a1a277888,2020-01-23 00:00:00,2020-01-24,,27in 4K gaming monitor,891b,288.61,website,direct,desktop,DE,2020,2020-01,2020-01-23,2020-01-20/2020-01-26,2020Q1,2020,2020-01,2020-01-24,2020-01-20/2020-01-26,2020Q1
b7dc3969,b7f9941a1a277888,2020-01-23 00:00:00,2020-01-24,,27in 4K gaming monitor,891b,288.61,website,direct,desktop,DE,2020,2020-01,2020-01-23,2020-01-20/2020-01-26,2020Q1,2020,2020-01,2020-01-24,2020-01-20/2020-01-26,2020Q1
43dbcafc,b81541c505030561,2020-12-21 00:00:00,2020-12-23,7/15/2022,Sony PlayStation 5 Bundle,54ed,1800.0,website,affiliate,unknown,US,2020,2020-12,2020-12-21,2020-12-21/2020-12-27,2020Q4,2020,2020-12,2020-12-23,2020-12-21/2020-12-27,2020Q4
43dbcafc,b81541c505030562,2020-12-21 00:00:00,2020-12-23,7/15/2022,Sony PlayStation 5 Bundle,54ed,1800.0,website,affiliate,unknown,US,2020,2020-12,2020-12-21,2020-12-21/2020-12-27,2020Q4,2020,2020-12,2020-12-23,2020-12-21/2020-12-27,2020Q4
c51afde4,b8381d11e8d83404,2020-12-30 00:00:00,2021-01-01,,Sony PlayStation 5 Bundle,54ed,1756.78,website,direct,desktop,AT,2020,2020-12,2020-12-30,2020-12-28/2021-01-03,2020Q4,2021,2021-01,2021-01-01,2020-12-28/2021-01-03,2021Q1
c817f188,b83bd62a05384626,2020-12-04 00:00:00,2020-12-05,,Nintendo Switch,8d0d,152.83,website,direct,desktop,KR,2020,2020-12,2020-12-04,2020-11-30/2020-12-06,2020Q4,2020,2020-12,2020-12-05,2020-11-30/2020-12-06,2020Q4
f2f1542f,b8a6836534d102673,2020-12-14 00:00:00,2020-12-17,,JBL Quantum 100 Gaming Headset,4c58,23.98,mobile app,direct,desktop,EC,2020,2020-12,2020-12-14,2020-12-14/2020-12-20,2020Q4,2020,2020-12,2020-12-17,2020-12-14/2020-12-20,2020Q4
70b41bb5,b8bb8c313d148527,2020-12-16 00:00:00,2020-12-19,,Nintendo Switch,8d0d,168.0,website,direct,desktop,US,2020,2020-12,2020-12-16,2020-12-14/2020-12-20,2020Q4,2020,2020-12,2020-12-19,2020-12-14/2020-12-20,2020Q4
70b41bb5,b8bb8c313d148528,2020-12-16 00:00:00,2020-12-19,2/14/2022,Nintendo Switch,8d0d,168.0,website,direct,desktop,US,2020,2020-12,2020-12-16,2020-12-14/2020-12-20,2020Q4,2020,2020-12,2020-12-19,2020-12-14/2020-12-20,2020Q4
64232b66,b8e426506c143351,2020-12-26 00:00:00,2020-12-27,2/15/2023,Nintendo Switch,e682,168.0,website,email,desktop,US,2020,2020-12,2020-12-26,2020-12-21/2020-12-27,2020Q4,2020,2020-12,2020-12-27,2020-12-21/2020-12-27,2020Q4
359ca403,b8eddd967b024718,2020-12-26 00:00:00,2020-12-28,,JBL Quantum 100 Gaming Headset,8315,23.38,mobile app,email,desktop,US,2020,2020-12,2020-12-26,2020-12-21/2020-12-27,2020Q4,2020,2020-12,2020-12-28,2020-12-28/2021-01-03,2020Q4
3cb5df7a,b92c6c56b2427610,2020-12-10 00:00:00,2020-12-13,,Nintendo Switch,e682,161.05,website,email,desktop,SE,2020,2020-12,2020-12-10,2020-12-07/2020-12-13,2020Q4,2020,2020-12,2020-12-13,2020-12-07/2020-12-13,2020Q4
2ac27c0c,b96dc8369ee20299,2020-01-29 00:00:00,2020-01-31,,27in 4K gaming monitor,891b,484.89,website,direct,desktop,GB,2020,2020-01,2020-01-29,2020-01-27/2020-02-02,2020Q1,2020,2020-01,2020-01-31,2020-01-27/2020-02-02,2020Q1
2ac27c0c,b96dc8369ee20299,2020-01-29 00:00:00,2020-01-31,,27in 4K gaming monitor,891b,484.89,website,direct,desktop,GB,2020,2020-01,2020-01-29,2020-01-27/2020-02-02,2020Q1,2020,2020-01,2020-01-31,2020-01-27/2020-02-02,2020Q1
d44efcf9,b9938f0938789621,2020-01-20 00:00:00,2020-01-21,,Nintendo Switch,8d0d,148.67,website,direct,desktop,FR,2020,2020-01,2020-01-20,2020-01-20/2020-01-26,2020Q1,2020,2020-01,2020-01-21,2020-01-20/2020-01-26,2020Q1
ecf7fd69,b9960cb370c100106,2020-12-20 00:00:00,2020-12-22,6/6/2023,27in 4K gaming monitor,e7e6,495.83,website,email,desktop,GB,2020,2020-12,2020-12-20,2020-12-14/2020-12-20,2020Q4,2020,2020-12,2020-12-22,2020-12-21/2020-12-27,2020Q4
a7899207,ba0052bf88c70972,2020-12-03 00:00:00,2020-12-05,,JBL Quantum 100 Gaming Headset,ab0f,23.9,website,direct,desktop,IT,2020,2020-12,2020-12-03,2020-11-30/2020-12-06,2020Q4,2020,2020-12,2020-12-05,2020-11-30/2020-12-06,2020Q4
2b0ac8c5,ba2f7dac21e20436,2020-12-22 00:00:00,2020-12-24,,Dell Gaming Mouse,f81e,49.91,mobile app,email,desktop,IE,2020,2020-12,2020-12-22,2020-12-21/2020-12-27,2020Q4,2020,2020-12,2020-12-24,2020-12-21/2020-12-27,2020Q4
2b0ac8c5,ba2f7dac21e20438,2020-12-22 00:00:00,2020-12-24,,Dell Gaming Mouse,f81e,49.91,mobile app,email,desktop,IE,2020,2020-12,2020-12-22,2020-12-21/2020-12-27,2020Q4,2020,2020-12,2020-12-24,2020-12-21/2020-12-27,2020Q4
43f90789,ba3aa880b3d30604,2020-12-22 00:00:00,2020-12-23,6/10/2024,Nintendo Switch,e682,168.0,website,affiliate,unknown,US,2020,2020-12,2020-12-22,2020-12-21/2020-12-27,2020Q4,2020,2020-12,2020-12-23,2020-12-21/2020-12-27,2020Q4
af46d362,ba4b9d6e6a274270,2020-12-12 00:00:00,2020-12-14,,Nintendo Switch,8d0d,168.0,website,direct,desktop,US,2020,2020-12,2020-12-12,2020-12-07/2020-12-13,2020Q4,2020,2020-12,2020-12-14,2020-12-14/2020-12-20,2020Q4
43bbad06,ba7f92bd22730500,2020-12-31 01:54:39,2019-03-31,,JBL Quantum 100 Gaming Headset,ab0f,24.0,website,direct,desktop,US,2020,2020-12,2020-12-31,2020-12-28/2021-01-03,2020Q4,2019,2019-03,2019-03-31,2019-03-25/2019-03-31,2019Q1
73ab4c78,ba80e21aa8649668,2020-12-30 00:00:00,2020-12-31,,Lenovo IdeaPad Gaming 3,04ac,994.37,website,direct,desktop,CA,2020,2020-12,2020-12-30,2020-12-28/2021-01-03,2020Q4,2020,2020-12,2020-12-31,2020-12-28/2021-01-03,2020Q4
d5bc8dd4,bad6040751790257,2020-12-19 00:00:00,2020-12-21,,JBL Quantum 100 Gaming Headset,8315,23.48,mobile app,email,desktop,US,2020,2020-12,2020-12-19,2020-12-14/2020-12-20,2020Q4,2020,2020-12,2020-12-21,2020-12-21/2020-12-27,2020Q4
d5bc8dd4,bad6040751790258,2020-12-19 00:00:00,2020-12-21,,JBL Quantum 100 Gaming Headset,8315,23.48,mobile app,email,desktop,US,2020,2020-12,2020-12-19,2020-12-14/2020-12-20,2020Q4,2020,2020-12,2020-12-21,2020-12-21/2020-12-27,2020Q4
d5bc8dd4,bad6040751790259,2020-12-19 00:00:00,2020-12-21,,JBL Quantum 100 Gaming Headset,8315,23.48,mobile app,email,desktop,US,2020,2020-12,2020-12-19,2020-12-14/2020-12-20,2020Q4,2020,2020-12,2020-12-21,2020-12-21/2020-12-27,2020Q4
28e87725,baef3e9e74b19530,2020-12-12 00:00:00,2020-12-14,,JBL Quantum 100 Gaming Headset,ab0f,20.11,website,direct,desktop,CA,2020,2020-12,2020-12-12,2020-12-07/2020-12-13,2020Q4,2020,2020-12,2020-12-14,2020-12-14/2020-12-20,2020Q4
07e98a00,bb2d12d1eed6303,2020-12-26 00:00:00,2020-12-27,,Dell Gaming Mouse,8d4f,63.61,mobile app,email,desktop,GB,2020,2020-12,2020-12-26,2020-12-21/2020-12-27,2020Q4,2020,2020-12,2020-12-27,2020-12-21/2020-12-27,2020Q4
a5e4f844,bb650113d1170292,2020-12-03 00:00:00,2020-12-04,12/21/2022,Sony PlayStation 5 Bundle,54ed,1800.0,website,direct,desktop,US,2020,2020-12,2020-12-03,2020-11-30/2020-12-06,2020Q4,2020,2020-12,2020-12-04,2020-11-30/2020-12-06,2020Q4
a5e4f844,bb650113d1170293,2020-12-03 00:00:00,2020-12-04,12/21/2022,Sony PlayStation 5 Bundle,54ed,1800.0,website,direct,desktop,US,2020,2020-12,2020-12-03,2020-11-30/2020-12-06,2020Q4,2020,2020-12,2020-12-04,2020-11-30/2020-12-06,2020Q4
591edf7a,bb94d4deea738986,2020-12-19 00:00:00,2020-12-21,,Dell Gaming Mouse,f81e,48.28,mobile app,email,desktop,PE,2020,2020-12,2020-12-19,2020-12-14/2020-12-20,2020Q4,2020,2020-12,2020-12-21,2020-12-21/2020-12-27,2020Q4
900ee848,bb9a3ea292e61133,2020-12-25 00:00:00,2020-12-28,,Nintendo Switch,e682,188.15,website,direct,desktop,GB,2020,2020-12,2020-12-25,2020-12-21/2020-12-27,2020Q4,2020,2020-12,2020-12-28,2020-12-28/2021-01-03,2020Q4
d640f90d,bba1775558290507,2020-01-20 00:00:00,2020-01-21,,27in 4K gaming monitor,891b,234.0,website,direct,desktop,US,2020,2020-01,2020-01-20,2020-01-20/2020-01-26,2020Q1,2020,2020-01,2020-01-21,2020-01-20/2020-01-26,2020Q1
d640f90d,bba1775558290507,2020-01-20 00:00:00,2020-01-21,,27in 4K gaming monitor,891b,234.0,website,direct,desktop,US,2020,2020-01,2020-01-20,2020-01-20/2020-01-26,2020Q1,2020,2020-01,2020-01-21,2020-01-20/2020-01-26,2020Q1
91a9a419,bc1660e480c61769,2020-01-28 00:00:00,2020-01-29,,Nintendo Switch,8d0d,168.0,website,email,mobile,BR,2020,2020-01,2020-01-28,2020-01-27/2020-02-02,2020Q1,2020,2020-01,2020-01-29,2020-01-27/2020-02-02,2020Q1
91a9a419,bc1660e480c61770,2020-01-28 00:00:00,2020-01-29,,Nintendo Switch,8d0d,168.0,website,email,mobile,BR,2020,2020-01,2020-01-28,2020-01-27/2020-02-02,2020Q1,2020,2020-01,2020-01-29,2020-01-27/2020-02-02,2020Q1
b6155d91,bca71ad1bc677144,2020-12-26 00:00:00,2020-12-28,12/10/2022,Sony PlayStation 5 Bundle,54ed,872.13,website,direct,desktop,AU,2020,2020-12,2020-12-26,2020-12-21/2020-12-27,2020Q4,2020,2020-12,2020-12-28,2020-12-28/2021-01-03,2020Q4
f9c721ab,bcbca589239105523,2020-12-21 00:00:00,2020-12-22,,Nintendo Switch,e682,168.0,website,direct,desktop,US,2020,2020-12,2020-12-21,2020-12-21/2020-12-27,2020Q4,2020,2020-12,2020-12-22,2020-12-21/2020-12-27,2020Q4
4aad0999,bcc1cbe00ee33195,2020-12-27 00:00:00,2020-12-29,8/2/2025,27in 4K gaming monitor,e7e6,480.0,website,direct,desktop,US,2020,2020-12,2020-12-27,2020-12-21/2020-12-27,2020Q4,2020,2020-12,2020-12-29,2020-12-28/2021-01-03,2020Q4
2ec185ef,bcd9de91a5121961,2020-12-30 00:00:00,2021-01-01,,Nintendo Switch,e682,202.96,website,direct,desktop,IL,2020,2020-12,2020-12-30,2020-12-28/2021-01-03,2020Q4,2021,2021-01,2021-01-01,2020-12-28/2021-01-03,2021Q1
192d5556,bce7026b85713216,2020-01-27 00:00:00,2020-01-30,,Nintendo Switch,8d0d,168.0,website,direct,desktop,US,2020,2020-01,2020-01-27,2020-01-27/2020-02-02,2020Q1,2020,2020-01,2020-01-30,2020-01-27/2020-02-02,2020Q1
eb0c9eb3,bd1b9a63c6d99323,2020-12-14 00:00:00,2020-12-17,,Dell Gaming Mouse,f81e,53.72,mobile app,email,desktop,AU,2020,2020-12,2020-12-14,2020-12-14/2020-12-20,2020Q4,2020,2020-12,2020-12-17,2020-12-14/2020-12-20,2020Q4
2da71ff1,bd43259bb3621488,2020-12-02 00:00:00,2020-12-04,,Nintendo Switch,8d0d,168.0,website,direct,desktop,IN,2020,2020-12,2020-12-02,2020-11-30/2020-12-06,2020Q4,2020,2020-12,2020-12-04,2020-11-30/2020-12-06,2020Q4
6592d576,bd74c24a3ea43903,2020-12-07 00:00:00,2020-12-10,,Nintendo Switch,e682,187.77,website,direct,desktop,DK,2020,2020-12,2020-12-07,2020-12-07/2020-12-13,2020Q4,2020,2020-12,2020-12-10,2020-12-07/2020-12-13,2020Q4
ab2e5b22,bd985a4790b72582,2020-01-22 00:00:00,2020-01-24,,Nintendo Switch,8d0d,150.41,website,direct,desktop,DK,2020,2020-01,2020-01-22,2020-01-20/2020-01-26,2020Q1,2020,2020-01,2020-01-24,2020-01-20/2020-01-26,2020Q1
9592a3c4,be11db88bb663394,2020-12-06 00:00:00,2020-12-07,,JBL Quantum 100 Gaming Headset,ab0f,24.0,website,direct,desktop,AR,2020,2020-12,2020-12-06,2020-11-30/2020-12-06,2020Q4,2020,2020-12,2020-12-07,2020-12-07/2020-12-13,2020Q4
1d57f022,be297ac138015017,2020-12-30 00:00:00,2021-01-01,9/23/2022,Nintendo Switch,e682,160.34,website,direct,desktop,ES,2020,2020-12,2020-12-30,2020-12-28/2021-01-03,2020Q4,2021,2021-01,2021-01-01,2020-12-28/2021-01-03,2021Q1
bc69af5e,be382531adf79769,2020-12-25 00:00:00,2020-12-27,,JBL Quantum 100 Gaming Headset,ab0f,19.92,website,direct,desktop,CA,2020,2020-12,2020-12-25,2020-12-21/2020-12-27,2020Q4,2020,2020-12,2020-12-27,2020-12-21/2020-12-27,2020Q4
247a83fd,be3e8e7506717731,2020-12-10 00:00:00,2020-12-13,,Sony PlayStation 5 Bundle,54ed,1572.5,website,direct,desktop,US,2020,2020-12,2020-12-10,2020-12-07/2020-12-13,2020Q4,2020,2020-12,2020-12-13,2020-12-07/2020-12-13,2020Q4
4d7fcc58,be53fcf73d134432,2020-12-12 00:00:00,2020-12-14,,Nintendo Switch,e682,168.0,website,direct,desktop,US,2020,2020-12,2020-12-12,2020-12-07/2020-12-13,2020Q4,2020,2020-12,2020-12-14,2020-12-14/2020-12-20,2020Q4
ce723ade,bebc5eafd5e87222,2020-12-05 00:00:00,2020-12-07,,Nintendo Switch,e682,164.88,website,direct,desktop,ES,2020,2020-12,2020-12-05,2020-11-30/2020-12-06,2020Q4,2020,2020-12,2020-12-07,2020-12-07/2020-12-13,2020Q4
f5f8aa08,bec499304a9103921,2020-12-22 00:00:00,2020-12-23,,Nintendo Switch,e682,153.07,website,direct,desktop,AU,2020,2020-12,2020-12-22,2020-12-21/2020-12-27,2020Q4,2020,2020-12,2020-12-23,2020-12-21/2020-12-27,2020Q4
9e14af09,bec682b62ff66811,2020-01-20 00:00:00,2020-01-21,,JBL Quantum 100 Gaming Headset,ab0f,24.0,website,email,mobile,US,2020,2020-01,2020-01-20,2020-01-20/2020-01-26,2020Q1,2020,2020-01,2020-01-21,2020-01-20/2020-01-26,2020Q1
88e39b80,becf62c49cf58152,2020-12-27 00:00:00,2020-12-28,7/28/2022,Nintendo Switch,e682,164.42,website,direct,desktop,DE,2020,2020-12,2020-12-27,2020-12-21/2020-12-27,2020Q4,2020,2020-12,2020-12-28,2020-12-28/2021-01-03,2020Q4
b6a9563e,bed8119ce7877386,2020-12-21 00:00:00,2020-12-22,7/20/2023,27in 4K gaming monitor,891b,408.0,website,direct,desktop,US,2020,2020-12,2020-12-21,2020-12-21/2020-12-27,2020Q4,2020,2020-12,2020-12-22,2020-12-21/2020-12-27,2020Q4
fd28e14a,bf0da0853d2106946,2020-12-22 00:00:00,2020-12-24,,Nintendo Switch,e682,168.0,website,direct,desktop,US,2020,2020-12,2020-12-22,2020-12-21/2020-12-27,2020Q4,2020,2020-12,2020-12-24,2020-12-21/2020-12-27,2020Q4
ac848498,bf33af662bf73094,2020-12-25 00:00:00,2020-12-27,,Nintendo Switch,e682,168.0,website,direct,desktop,HR,2020,2020-12,2020-12-25,2020-12-21/2020-12-27,2020Q4,2020,2020-12,2020-12-27,2020-12-21/2020-12-27,2020Q4
2fe8740b,bf3575b282b22475,2020-12-24 00:00:00,2020-12-27,8/17/2023,Nintendo Switch,e682,160.34,website,direct,desktop,IT,2020,2020-12,2020-12-24,2020-12-21/2020-12-27,2020Q4,2020,2020-12,2020-12-27,2020-12-21/2020-12-27,2020Q4
78643efe,bf653f4695751498,2020-12-08 00:00:00,2020-12-10,,Nintendo Switch,e682,168.0,website,direct,desktop,US,2020,2020-12,2020-12-08,2020-12-07/2020-12-13,2020Q4,2020,2020-12,2020-12-10,2020-12-07/2020-12-13,2020Q4
7dfb8ceb,bf6e03ee65c53815,2020-12-22 00:00:00,2020-12-25,11/22/2022,27in 4K gaming monitor,891b,408.0,website,direct,desktop,US,2020,2020-12,2020-12-22,2020-12-21/2020-12-27,2020Q4,2020,2020-12,2020-12-25,2020-12-21/2020-12-27,2020Q4
7dfb8ceb,bf6e03ee65c53817,2020-12-22 00:00:00,2020-12-25,9/2/2025,27in 4K gaming monitor,891b,408.0,website,direct,desktop,US,2020,2020-12,2020-12-22,2020-12-21/2020-12-27,2020Q4,2020,2020-12,2020-12-25,2020-12-21/2020-12-27,2020Q4
0cb5d2a3,bf77a0f2d2c8224,2020-12-19 00:00:00,2020-12-20,2/1/2022,Nintendo Switch,8d0d,168.0,website,direct,desktop,BR,2020,2020-12,2020-12-19,2020-12-14/2020-12-20,2020Q4,2020,2020-12,2020-12-20,2020-12-14/2020-12-20,2020Q4
b810d7c8,bfb79fa5e2177983,2020-12-03 00:00:00,2020-12-04,,JBL Quantum 100 Gaming Headset,ab0f,24.0,website,direct,desktop,US,2020,2020-12,2020-12-03,2020-11-30/2020-12-06,2020Q4,2020,2020-12,2020-12-04,2020-11-30/2020-12-06,2020Q4
3e831d9e,bffd507649b28336,2020-12-07 00:00:00,2020-12-09,,Lenovo IdeaPad Gaming 3,9ef0,1198.0,website,direct,desktop,US,2020,2020-12,2020-12-07,2020-12-07/2020-12-13,2020Q4,2020,2020-12,2020-12-09,2020-12-07/2020-12-13,2020Q4
0feb9f01,c074e6172c89565,2020-12-17 00:00:00,2020-12-20,,Dell Gaming Mouse,8d4f,58.51,mobile app,email,desktop,AU,2020,2020-12,2020-12-17,2020-12-14/2020-12-20,2020Q4,2020,2020-12,2020-12-20,2020-12-14/2020-12-20,2020Q4
55b41fec,c0992d8bfc237676,2020-12-20 00:00:00,2020-12-21,2/26/2023,Lenovo IdeaPad Gaming 3,9ef0,1198.0,website,email,desktop,US,2020,2020-12,2020-12-20,2020-12-14/2020-12-20,2020Q4,2020,2020-12,2020-12-21,2020-12-21/2020-12-27,2020Q4
1bbfcc2c,c0a76d58ae314299,2020-12-01 00:00:00,2020-12-03,,JBL Quantum 100 Gaming Headset,ab0f,23.83,website,direct,desktop,ES,2020,2020-12,2020-12-01,2020-11-30/2020-12-06,2020Q4,2020,2020-12,2020-12-03,2020-11-30/2020-12-06,2020Q4
71b6aaf4,c0f378842d748881,2020-01-30 00:00:00,2020-02-01,,JBL Quantum 100 Gaming Headset,ab0f,25.66,website,direct,desktop,GB,2020,2020-01,2020-01-30,2020-01-27/2020-02-02,2020Q1,2020,2020-02,2020-02-01,2020-01-27/2020-02-02,2020Q1
47af0273,c1099baca7232051,2020-12-15 00:00:00,2020-12-16,8/31/2025,27in 4K gaming monitor,891b,279.74,website,direct,desktop,CH,2020,2020-12,2020-12-15,2020-12-14/2020-12-20,2020Q4,2020,2020-12,2020-12-16,2020-12-14/2020-12-20,2020Q4
4bda8e39,c156b12b4b733726,2020-12-05 00:00:00,2020-12-08,6/5/2021,Nintendo Switch,8d0d,168.0,website,direct,desktop,US,2020,2020-12,2020-12-05,2020-11-30/2020-12-06,2020Q4,2020,2020-12,2020-12-08,2020-12-07/2020-12-13,2020Q4
ee3d254c,c16a07c3e31100634,2020-01-25 00:00:00,2020-01-27,,Sony PlayStation 5 Bundle,54ed,1800.0,website,direct,desktop,US,2020,2020-01,2020-01-25,2020-01-20/2020-01-26,2020Q1,2020,2020-01,2020-01-27,2020-01-27/2020-02-02,2020Q1
805fbae7,c173994612354796,2020-12-08 00:00:00,2020-12-09,,Nintendo Switch,8d0d,168.0,website,direct,desktop,US,2020,2020-12,2020-12-08,2020-12-07/2020-12-13,2020Q4,2020,2020-12,2020-12-09,2020-12-07/2020-12-13,2020Q4
b8a36cc4,c182a1c1f9978214,2020-01-22 00:00:00,2020-01-25,3/7/2022,Nintendo Switch,8d0d,168.0,website,direct,desktop,US,2020,2020-01,2020-01-22,2020-01-20/2020-01-26,2020Q1,2020,2020-01,2020-01-25,2020-01-20/2020-01-26,2020Q1
e3124daf,c1acb5f724095913,2020-01-21 00:00:00,2020-01-24,,27in 4K gaming monitor,891b,438.06,website,affiliate,unknown,CA,2020,2020-01,2020-01-21,2020-01-20/2020-01-26,2020Q1,2020,2020-01,2020-01-24,2020-01-20/2020-01-26,2020Q1
e3124daf,c1acb5f724095913,2020-01-21 00:00:00,2020-01-24,,27in 4K gaming monitor,891b,438.06,website,affiliate,unknown,CA,2020,2020-01,2020-01-21,2020-01-20/2020-01-26,2020Q1,2020,2020-01,2020-01-24,2020-01-20/2020-01-26,2020Q1
e3124daf,c1acb5f724095914,2020-01-21 00:00:00,2020-01-24,,27in 4K gaming monitor,891b,438.06,website,affiliate,unknown,CA,2020,2020-01,2020-01-21,2020-01-20/2020-01-26,2020Q1,2020,2020-01,2020-01-24,2020-01-20/2020-01-26,2020Q1
e3124daf,c1acb5f724095914,2020-01-21 00:00:00,2020-01-24,,27in 4K gaming monitor,891b,438.06,website,affiliate,unknown,CA,2020,2020-01,2020-01-21,2020-01-20/2020-01-26,2020Q1,2020,2020-01,2020-01-24,2020-01-20/2020-01-26,2020Q1
daf04189,c1b2dfe233e92516,2020-12-26 00:00:00,2020-12-27,,JBL Quantum 100 Gaming Headset,4db1,23.98,mobile app,email,desktop,US,2020,2020-12,2020-12-26,2020-12-21/2020-12-27,2020Q4,2020,2020-12,2020-12-27,2020-12-21/2020-12-27,2020Q4
17053475,c1fdc364ab9476,2020-12-25 00:00:00,2020-12-27,,27in 4K gaming monitor,e7e6,480.0,website,direct,desktop,US,2020,2020-12,2020-12-25,2020-12-21/2020-12-27,2020Q4,2020,2020-12,2020-12-27,2020-12-21/2020-12-27,2020Q4
e842eb6a,c21286e5bf198122,2020-01-31 00:00:00,2020-02-02,,Nintendo Switch,8d0d,148.67,website,direct,desktop,DE,2020,2020-01,2020-01-31,2020-01-27/2020-02-02,2020Q1,2020,2020-02,2020-02-02,2020-01-27/2020-02-02,2020Q1
3ea924e9,c214e06517828390,2020-01-31 00:00:00,2020-02-03,,Nintendo Switch,8d0d,148.67,website,direct,desktop,ES,2020,2020-01,2020-01-31,2020-01-27/2020-02-02,2020Q1,2020,2020-02,2020-02-03,2020-02-03/2020-02-09,2020Q1
3ea924e9,c214e06517828391,2020-01-31 00:00:00,2020-02-03,,Nintendo Switch,8d0d,148.67,website,direct,desktop,ES,2020,2020-01,2020-01-31,2020-01-27/2020-02-02,2020Q1,2020,2020-02,2020-02-03,2020-02-03/2020-02-09,2020Q1
533a5921,c251df5e10c36675,2020-12-05 00:00:00,2020-12-06,,27in 4K gaming monitor,891b,439.2,website,direct,desktop,NL,2020,2020-12,2020-12-05,2020-11-30/2020-12-06,2020Q4,2020,2020-12,2020-12-06,2020-11-30/2020-12-06,2020Q4
ea750807,c279edc461299046,2020-01-28 00:00:00,2020-01-30,2/26/2022,27in 4K gaming monitor,891b,392.96,website,affiliate,unknown,US,2020,2020-01,2020-01-28,2020-01-27/2020-02-02,2020Q1,2020,2020-01,2020-01-30,2020-01-27/2020-02-02,2020Q1
ea750807,c279edc461299046,2020-01-28 00:00:00,2020-01-30,2/26/2022,27in 4K gaming monitor,891b,392.96,website,affiliate,unknown,US,2020,2020-01,2020-01-28,2020-01-27/2020-02-02,2020Q1,2020,2020-01,2020-01-30,2020-01-27/2020-02-02,2020Q1
a0fc44a4,c27aada280168101,2020-12-30 00:00:00,2021-01-01,,Nintendo Switch,e682,164.69,website,email,desktop,IT,2020,2020-12,2020-12-30,2020-12-28/2021-01-03,2020Q4,2021,2021-01,2021-01-01,2020-12-28/2021-01-03,2021Q1
91fa906e,c2a0ac620a861921,2020-12-09 00:00:00,2020-12-12,,27in 4K gaming monitor,891b,414.64,website,direct,desktop,US,2020,2020-12,2020-12-09,2020-12-07/2020-12-13,2020Q4,2020,2020-12,2020-12-12,2020-12-07/2020-12-13,2020Q4
3d6edc01,c2df6a5344a27880,2020-01-28 00:00:00,2020-01-31,,Nintendo Switch,8d0d,148.67,website,direct,desktop,ES,2020,2020-01,2020-01-28,2020-01-27/2020-02-02,2020Q1,2020,2020-01,2020-01-31,2020-01-27/2020-02-02,2020Q1
ce8f5eed,c2f14c1545f87277,2020-12-23 00:00:00,2020-12-24,,Nintendo Switch,8d0d,164.42,website,affiliate,unknown,NL,2020,2020-12,2020-12-23,2020-12-21/2020-12-27,2020Q4,2020,2020-12,2020-12-24,2020-12-21/2020-12-27,2020Q4
096eaed0,c301fbd8bd26886,2020-12-22 00:00:00,2020-12-23,,Sony PlayStation 5 Bundle,54ed,1951.98,website,direct,desktop,NL,2020,2020-12,2020-12-22,2020-12-21/2020-12-27,2020Q4,2020,2020-12,2020-12-23,2020-12-21/2020-12-27,2020Q4
b8aa8b22,c3081b5f5de78232,2020-12-09 00:00:00,2020-12-12,12/2/2022,Nintendo Switch,8d0d,181.02,website,email,desktop,GB,2020,2020-12,2020-12-09,2020-12-07/2020-12-13,2020Q4,2020,2020-12,2020-12-12,2020-12-07/2020-12-13,2020Q4
ea65655d,c31498220cf99012,2020-12-22 00:00:00,2020-12-24,,Sony PlayStation 5 Bundle,54ed,1800.0,website,direct,desktop,US,2020,2020-12,2020-12-22,2020-12-21/2020-12-27,2020Q4,2020,2020-12,2020-12-24,2020-12-21/2020-12-27,2020Q4
7801e0a9,c31e7ef43af51358,2020-12-17 00:00:00,2020-12-19,,Dell Gaming Mouse,f81e,49.98,mobile app,email,desktop,US,2020,2020-12,2020-12-17,2020-12-14/2020-12-20,2020Q4,2020,2020-12,2020-12-19,2020-12-14/2020-12-20,2020Q4
476d2635,c36e1fd43f831968,2020-12-20 00:00:00,2020-12-21,,Nintendo Switch,8d0d,168.0,website,direct,desktop,US,2020,2020-12,2020-12-20,2020-12-14/2020-12-20,2020Q4,2020,2020-12,2020-12-21,2020-12-21/2020-12-27,2020Q4
476d2635,c36e1fd43f831969,2020-12-20 00:00:00,2020-12-21,,Nintendo Switch,8d0d,168.0,website,direct,desktop,US,2020,2020-12,2020-12-20,2020-12-14/2020-12-20,2020Q4,2020,2020-12,2020-12-21,2020-12-21/2020-12-27,2020Q4
476d2635,c36e1fd43f831970,2020-12-20 00:00:00,2020-12-21,5/27/2022,Nintendo Switch,8d0d,168.0,website,direct,desktop,US,2020,2020-12,2020-12-20,2020-12-14/2020-12-20,2020Q4,2020,2020-12,2020-12-21,2020-12-21/2020-12-27,2020Q4
a9df2f2d,c37a115cc4a72019,2020-12-01 00:00:00,2020-12-03,1/4/2023,Nintendo Switch,e682,168.0,website,email,desktop,US,2020,2020-12,2020-12-01,2020-11-30/2020-12-06,2020Q4,2020,2020-12,2020-12-03,2020-11-30/2020-12-06,2020Q4
fe00c709,c3c567a45b9107307,2020-12-15 00:00:00,2020-12-17,8/6/2022,Nintendo Switch,8d0d,168.0,website,direct,desktop,BG,2020,2020-12,2020-12-15,2020-12-14/2020-12-20,2020Q4,2020,2020-12,2020-12-17,2020-12-14/2020-12-20,2020Q4
f1601dea,c4010d0484e102008,2020-12-21 00:00:00,2020-12-22,,27in 4K gaming monitor,e7e6,451.1,website,direct,desktop,NL,2020,2020-12,2020-12-21,2020-12-21/2020-12-27,2020Q4,2020,2020-12,2020-12-22,2020-12-21/2020-12-27,2020Q4
fff83841,c457f079f08108110,2020-12-10 00:00:00,2020-12-12,,Nintendo Switch,8d0d,168.0,website,direct,desktop,US,2020,2020-12,2020-12-10,2020-12-07/2020-12-13,2020Q4,2020,2020-12,2020-12-12,2020-12-07/2020-12-13,2020Q4
c267eee3,c463c99cb4d82296,2020-12-07 00:00:00,2020-12-10,,Nintendo Switch,e682,196.85,website,direct,desktop,IL,2020,2020-12,2020-12-07,2020-12-07/2020-12-13,2020Q4,2020,2020-12,2020-12-10,2020-12-07/2020-12-13,2020Q4
fbc4b7d3,c4a6b8699b5106325,2020-01-28 00:00:00,2020-01-31,,27in 4K gaming monitor,e7e6,431.27,website,direct,desktop,CA,2020,2020-01,2020-01-28,2020-01-27/2020-02-02,2020Q1,2020,2020-01,2020-01-31,2020-01-27/2020-02-02,2020Q1
fbc4b7d3,c4a6b8699b5106325,2020-01-28 00:00:00,2020-01-31,,27in 4K gaming monitor,e7e6,431.27,website,direct,desktop,CA,2020,2020-01,2020-01-28,2020-01-27/2020-02-02,2020Q1,2020,2020-01,2020-01-31,2020-01-27/2020-02-02,2020Q1
951a6fce,c4ddc7da42363211,2020-12-07 00:00:00,2020-12-08,,Nintendo Switch,8d0d,164.42,website,social media,tablet,DE,2020,2020-12,2020-12-07,2020-12-07/2020-12-13,2020Q4,2020,2020-12,2020-12-08,2020-12-07/2020-12-13,2020Q4
951a6fce,c4ddc7da42363212,2020-12-07 00:00:00,2020-12-08,,Nintendo Switch,8d0d,164.42,website,social media,tablet,DE,2020,2020-12,2020-12-07,2020-12-07/2020-12-13,2020Q4,2020,2020-12,2020-12-08,2020-12-07/2020-12-13,2020Q4
92ebad6c,c51b22dfc6262341,2020-12-21 00:00:00,2020-12-22,,Nintendo Switch,e682,168.0,website,direct,desktop,US,2020,2020-12,2020-12-21,2020-12-21/2020-12-27,2020Q4,2020,2020-12,2020-12-22,2020-12-21/2020-12-27,2020Q4
302ede8d,c560e7a0ebf22585,2020-01-22 00:00:00,2020-01-23,,JBL Quantum 100 Gaming Headset,ab0f,24.0,website,direct,desktop,US,2020,2020-01,2020-01-22,2020-01-20/2020-01-26,2020Q1,2020,2020-01,2020-01-23,2020-01-20/2020-01-26,2020Q1
dc2a449a,c589eb921d193027,2020-12-04 00:00:00,2020-12-07,,Nintendo Switch,e682,168.0,website,direct,desktop,US,2020,2020-12,2020-12-04,2020-11-30/2020-12-06,2020Q4,2020,2020-12,2020-12-07,2020-12-07/2020-12-13,2020Q4
553ffb1a,c5aabfced1137512,2020-12-31 00:00:00,2021-01-01,1/16/2023,Nintendo Switch,e682,168.0,website,direct,desktop,PE,2020,2020-12,2020-12-31,2020-12-28/2021-01-03,2020Q4,2021,2021-01,2021-01-01,2020-12-28/2021-01-03,2021Q1
33ddfc10,c5f131dc59124048,2020-12-14 00:00:00,2020-12-15,11/25/2022,Nintendo Switch,8e5d,163.44,mobile app,direct,desktop,US,2020,2020-12,2020-12-14,2020-12-14/2020-12-20,2020Q4,2020,2020-12,2020-12-15,2020-12-14/2020-12-20,2020Q4
cf1e46a4,c62d978d3b887548,2020-12-04 00:00:00,2020-12-06,,Nintendo Switch,e682,168.0,website,direct,desktop,US,2020,2020-12,2020-12-04,2020-11-30/2020-12-06,2020Q4,2020,2020-12,2020-12-06,2020-11-30/2020-12-06,2020Q4
caad75bc,c6405ac5cca85676,2020-12-20 00:00:00,2020-12-21,,JBL Quantum 100 Gaming Headset,ab0f,24.0,website,direct,desktop,US,2020,2020-12,2020-12-20,2020-12-14/2020-12-20,2020Q4,2020,2020-12,2020-12-21,2020-12-21/2020-12-27,2020Q4
74e22236,c64d1bd4f6d50145,2020-12-06 00:00:00,2020-12-08,,Nintendo Switch,8e5d,166.82,mobile app,direct,desktop,GR,2020,2020-12,2020-12-06,2020-11-30/2020-12-06,2020Q4,2020,2020-12,2020-12-08,2020-12-07/2020-12-13,2020Q4
74e22236,c64d1bd4f6d50146,2020-12-06 00:00:00,2020-12-08,,Nintendo Switch,8e5d,166.82,mobile app,direct,desktop,GR,2020,2020-12,2020-12-06,2020-11-30/2020-12-06,2020Q4,2020,2020-12,2020-12-08,2020-12-07/2020-12-13,2020Q4
0c78bd37,c67919966048097,2020-12-30 00:00:00,2020-12-31,,27in 4K gaming monitor,e7e6,480.0,website,email,desktop,US,2020,2020-12,2020-12-30,2020-12-28/2021-01-03,2020Q4,2020,2020-12,2020-12-31,2020-12-28/2021-01-03,2020Q4
0d27d628,c67e28581e08410,2020-01-29 00:00:00,2020-01-30,1/23/2022,Nintendo Switch,e682,168.0,website,direct,desktop,US,2020,2020-01,2020-01-29,2020-01-27/2020-02-02,2020Q1,2020,2020-01,2020-01-30,2020-01-27/2020-02-02,2020Q1
b6765578,c69164dc01d77312,2020-12-09 00:00:00,2020-12-12,,Nintendo Switch,8d0d,168.0,website,direct,desktop,US,2020,2020-12,2020-12-09,2020-12-07/2020-12-13,2020Q4,2020,2020-12,2020-12-12,2020-12-07/2020-12-13,2020Q4
569a722b,c69316c9a2e38007,2020-12-30 00:00:00,2021-01-01,,JBL Quantum 100 Gaming Headset,ab0f,24.0,website,direct,desktop,US,2020,2020-12,2020-12-30,2020-12-28/2021-01-03,2020Q4,2021,2021-01,2021-01-01,2020-12-28/2021-01-03,2021Q1
a08e87f5,c6ae92bfd8a67910,2020-01-26 00:00:00,2020-01-28,2/24/2022,27in 4K gaming monitor,e7e6,480.0,website,direct,desktop,US,2020,2020-01,2020-01-26,2020-01-20/2020-01-26,2020Q1,2020,2020-01,2020-01-28,2020-01-27/2020-02-02,2020Q1
a08e87f5,c6ae92bfd8a67910,2020-01-26 00:00:00,2020-01-28,2/24/2022,27in 4K gaming monitor,e7e6,480.0,website,direct,desktop,US,2020,2020-01,2020-01-26,2020-01-20/2020-01-26,2020Q1,2020,2020-01,2020-01-28,2020-01-27/2020-02-02,2020Q1
cc7cf854,c6ccbab562386366,2020-12-10 00:00:00,2020-12-13,,27in 4K gaming monitor,891b,406.22,website,affiliate,unknown,FR,2020,2020-12,2020-12-10,2020-12-07/2020-12-13,2020Q4,2020,2020-12,2020-12-13,2020-12-07/2020-12-13,2020Q4
d8186e1b,c6e711e89f091305,2020-12-31 00:00:00,2021-01-03,,Nintendo Switch,8d0d,164.42,website,direct,desktop,DE,2020,2020-12,2020-12-31,2020-12-28/2021-01-03,2020Q4,2021,2021-01,2021-01-03,2020-12-28/2021-01-03,2021Q1
153e85ae,c706e0494a711645,2020-12-26 00:00:00,2020-12-29,,Sony PlayStation 5 Bundle,54ed,1711.42,website,direct,desktop,JP,2020,2020-12,2020-12-26,2020-12-21/2020-12-27,2020Q4,2020,2020-12,2020-12-29,2020-12-28/2021-01-03,2020Q4
8839ad75,c7427c3ee7d57874,2020-12-26 00:00:00,2020-12-28,,Dell Gaming Mouse,f81e,49.98,mobile app,email,desktop,US,2020,2020-12,2020-12-26,2020-12-21/2020-12-27,2020Q4,2020,2020-12,2020-12-28,2020-12-28/2021-01-03,2020Q4
32458d87,c749dd7511923410,2020-12-06 00:00:00,2020-12-08,,JBL Quantum 100 Gaming Headset,8315,23.46,mobile app,email,desktop,US,2020,2020-12,2020-12-06,2020-11-30/2020-12-06,2020Q4,2020,2020-12,2020-12-08,2020-12-07/2020-12-13,2020Q4
cc137fb3,c7d92d6126f86230,2020-12-14 00:00:00,2020-12-15,,Nintendo Switch,e682,168.0,website,direct,desktop,US,2020,2020-12,2020-12-14,2020-12-14/2020-12-20,2020Q4,2020,2020-12,2020-12-15,2020-12-14/2020-12-20,2020Q4
46b3ec0b,c7db1dd0e1c31654,2020-01-24 00:00:00,2020-01-27,,Nintendo Switch,8d0d,150.53,website,email,mobile,FR,2020,2020-01,2020-01-24,2020-01-20/2020-01-26,2020Q1,2020,2020-01,2020-01-27,2020-01-27/2020-02-02,2020Q1
46b3ec0b,c7db1dd0e1c31655,2020-01-24 00:00:00,2020-01-27,,Nintendo Switch,8d0d,150.53,website,email,mobile,FR,2020,2020-01,2020-01-24,2020-01-20/2020-01-26,2020Q1,2020,2020-01,2020-01-27,2020-01-27/2020-02-02,2020Q1
3c84f7e2,c832d1cf7a127504,2020-12-15 00:00:00,2020-12-17,5/10/2022,27in 4K gaming monitor,e7e6,451.1,website,direct,desktop,DE,2020,2020-12,2020-12-15,2020-12-14/2020-12-20,2020Q4,2020,2020-12,2020-12-17,2020-12-14/2020-12-20,2020Q4
fff0f51e,c8857fb73c2108093,2020-12-25 00:00:00,2020-12-27,,JBL Quantum 100 Gaming Headset,4c58,23.98,mobile app,direct,desktop,US,2020,2020-12,2020-12-25,2020-12-21/2020-12-27,2020Q4,2020,2020-12,2020-12-27,2020-12-21/2020-12-27,2020Q4
fff0f51e,c8857fb73c2108094,2020-12-25 00:00:00,2020-12-27,,JBL Quantum 100 Gaming Headset,4c58,23.98,mobile app,direct,desktop,US,2020,2020-12,2020-12-25,2020-12-21/2020-12-27,2020Q4,2020,2020-12,2020-12-27,2020-12-21/2020-12-27,2020Q4
b30c11ea,c894fb6189075862,2020-12-05 00:00:00,2020-12-08,7/21/2021,Nintendo Switch,8d0d,158.79,website,direct,desktop,JP,2020,2020-12,2020-12-05,2020-11-30/2020-12-06,2020Q4,2020,2020-12,2020-12-08,2020-12-07/2020-12-13,2020Q4
66fb9c00,c8b94b18fa644487,2020-01-20 00:00:00,2020-01-21,,Nintendo Switch,8d0d,168.0,website,direct,desktop,AR,2020,2020-01,2020-01-20,2020-01-20/2020-01-26,2020Q1,2020,2020-01,2020-01-21,2020-01-20/2020-01-26,2020Q1
66fb9c00,c8b94b18fa644488,2020-01-20 00:00:00,2020-01-21,,Nintendo Switch,8d0d,168.0,website,direct,desktop,AR,2020,2020-01,2020-01-20,2020-01-20/2020-01-26,2020Q1,2020,2020-01,2020-01-21,2020-01-20/2020-01-26,2020Q1
77ed7cf1,c8de3a5497c51330,2020-12-05 00:00:00,2020-12-06,,JBL Quantum 100 Gaming Headset,ab0f,23.03,website,direct,desktop,ES,2020,2020-12,2020-12-05,2020-11-30/2020-12-06,2020Q4,2020,2020-12,2020-12-06,2020-11-30/2020-12-06,2020Q4
36e89ca2,c901cb314e325246,2020-12-04 00:00:00,2020-12-06,,Nintendo Switch,e682,164.42,website,direct,desktop,FR,2020,2020-12,2020-12-04,2020-11-30/2020-12-06,2020Q4,2020,2020-12,2020-12-06,2020-11-30/2020-12-06,2020Q4
d571e8f4,c917fe6a97990110,2020-12-30 00:00:00,2021-01-02,,Nintendo Switch,8d0d,168.0,website,direct,desktop,US,2020,2020-12,2020-12-30,2020-12-28/2021-01-03,2020Q4,2021,2021-01,2021-01-02,2020-12-28/2021-01-03,2021Q1
c2c8b049,c9918422a9982483,2020-01-21 00:00:00,2020-01-22,,27in 4K gaming monitor,891b,367.79,website,direct,desktop,CA,2020,2020-01,2020-01-21,2020-01-20/2020-01-26,2020Q1,2020,2020-01,2020-01-22,2020-01-20/2020-01-26,2020Q1
c2c8b049,c9918422a9982483,2020-01-21 00:00:00,2020-01-22,,27in 4K gaming monitor,891b,367.79,website,direct,desktop,CA,2020,2020-01,2020-01-21,2020-01-20/2020-01-26,2020Q1,2020,2020-01,2020-01-22,2020-01-20/2020-01-26,2020Q1
69a4e9e1,c9f6b06c9ba45595,2020-12-08 00:00:00,2020-12-10,12/4/2022,Lenovo IdeaPad Gaming 3,9ef0,1198.0,website,direct,desktop,US,2020,2020-12,2020-12-08,2020-12-07/2020-12-13,2020Q4,2020,2020-12,2020-12-10,2020-12-07/2020-12-13,2020Q4
69a4e9e1,c9f6b06c9ba45596,2020-12-08 00:00:00,2020-12-10,12/4/2022,Lenovo IdeaPad Gaming 3,9ef0,1198.0,website,direct,desktop,US,2020,2020-12,2020-12-08,2020-12-07/2020-12-13,2020Q4,2020,2020-12,2020-12-10,2020-12-07/2020-12-13,2020Q4
01e707af,c9f6c82ac0d3985,2020-12-20 00:00:00,2020-12-22,,27in 4K gaming monitor,e7e6,480.0,website,direct,desktop,US,2020,2020-12,2020-12-20,2020-12-14/2020-12-20,2020Q4,2020,2020-12,2020-12-22,2020-12-21/2020-12-27,2020Q4
01e707af,c9f6c82ac0d3986,2020-12-20 00:00:00,2020-12-22,11/10/2024,27in 4K gaming monitor,e7e6,480.0,website,direct,desktop,US,2020,2020-12,2020-12-20,2020-12-14/2020-12-20,2020Q4,2020,2020-12,2020-12-22,2020-12-21/2020-12-27,2020Q4
ac808d34,ca26f902f9173087,2020-01-24 00:00:00,2020-01-27,1/27/2022,Nintendo Switch,e682,168.0,website,direct,desktop,US,2020,2020-01,2020-01-24,2020-01-20/2020-01-26,2020Q1,2020,2020-01,2020-01-27,2020-01-27/2020-02-02,2020Q1
a40eb62d,caec731b72269413,2020-12-30 00:00:00,2021-01-02,,JBL Quantum 100 Gaming Headset,ab0f,24.0,website,direct,desktop,US,2020,2020-12,2020-12-30,2020-12-28/2021-01-03,2020Q4,2021,2021-01,2021-01-02,2020-12-28/2021-01-03,2021Q1
a40eb62d,caec731b72269414,2020-12-30 00:00:00,2021-01-02,,JBL Quantum 100 Gaming Headset,ab0f,24.0,website,direct,desktop,US,2020,2020-12,2020-12-30,2020-12-28/2021-01-03,2020Q4,2021,2021-01,2021-01-02,2020-12-28/2021-01-03,2021Q1
c1f33644,cb801afbb2182088,2020-12-28 00:00:00,2020-12-31,,Nintendo Switch,8d0d,168.0,website,direct,desktop,US,2020,2020-12,2020-12-28,2020-12-28/2021-01-03,2020Q4,2020,2020-12,2020-12-31,2020-12-28/2021-01-03,2020Q4
9d673388,cb9f67e2eb366551,2020-12-29 00:00:00,2020-12-30,,JBL Quantum 100 Gaming Headset,4c58,27.54,mobile app,organic,,MX,2020,2020-12,2020-12-29,2020-12-28/2021-01-03,2020Q4,2020,2020-12,2020-12-30,2020-12-28/2021-01-03,2020Q4
46ecd10a,cbb580a438c31783,2020-01-21 00:00:00,2020-01-24,,Nintendo Switch,e682,168.0,website,social media,tablet,GB,2020,2020-01,2020-01-21,2020-01-20/2020-01-26,2020Q1,2020,2020-01,2020-01-24,2020-01-20/2020-01-26,2020Q1
25552a0d,cbd8db914e318091,2020-12-08 00:00:00,2020-12-10,4/14/2023,Nintendo Switch,8d0d,142.8,website,direct,desktop,US,2020,2020-12,2020-12-08,2020-12-07/2020-12-13,2020Q4,2020,2020-12,2020-12-10,2020-12-07/2020-12-13,2020Q4
9f2d0c19,cbe1f1cb60567288,2020-12-31 00:00:00,2021-01-03,,27in 4K gaming monitor,891b,480.0,website,direct,desktop,BR,2020,2020-12,2020-12-31,2020-12-28/2021-01-03,2020Q4,2021,2021-01,2021-01-03,2020-12-28/2021-01-03,2021Q1
023a8b38,cc46906615b4109,2020-12-23 00:00:00,2020-12-26,,Nintendo Switch,8d0d,160.34,website,direct,desktop,BE,2020,2020-12,2020-12-23,2020-12-21/2020-12-27,2020Q4,2020,2020-12,2020-12-26,2020-12-21/2020-12-27,2020Q4
c7711486,cc556aaf34984375,2020-12-01 00:00:00,2020-12-02,,JBL Quantum 100 Gaming Headset,4c58,23.98,mobile app,direct,desktop,US,2020,2020-12,2020-12-01,2020-11-30/2020-12-06,2020Q4,2020,2020-12,2020-12-02,2020-11-30/2020-12-06,2020Q4
691f378d,cc80128c3e645375,2020-12-12 00:00:00,2020-12-14,1/14/2023,27in 4K gaming monitor,e7e6,456.38,website,direct,desktop,JP,2020,2020-12,2020-12-12,2020-12-07/2020-12-13,2020Q4,2020,2020-12,2020-12-14,2020-12-14/2020-12-20,2020Q4
691f378d,cc80128c3e645376,2020-12-12 00:00:00,2020-12-14,,27in 4K gaming monitor,e7e6,456.38,website,direct,desktop,JP,2020,2020-12,2020-12-12,2020-12-07/2020-12-13,2020Q4,2020,2020-12,2020-12-14,2020-12-14/2020-12-20,2020Q4
0d6b27fc,cca5eb6a37b8521,2020-12-25 00:00:00,2020-12-27,,JBL Quantum 100 Gaming Headset,ab0f,24.0,website,direct,desktop,US,2020,2020-12,2020-12-25,2020-12-21/2020-12-27,2020Q4,2020,2020-12,2020-12-27,2020-12-21/2020-12-27,2020Q4
1b9ea2bb,cca856596f414246,2020-12-14 00:00:00,2020-12-15,,Sony PlayStation 5 Bundle,54ed,1800.0,website,direct,desktop,US,2020,2020-12,2020-12-14,2020-12-14/2020-12-20,2020Q4,2020,2020-12,2020-12-15,2020-12-14/2020-12-20,2020Q4
96008786,ccadc0327dd2532,2020-12-20 00:00:00,2020-12-23,,JBL Quantum 100 Gaming Headset,8315,23.56,mobile app,affiliate,unknown,,2020,2020-12,2020-12-20,2020-12-14/2020-12-20,2020Q4,2020,2020-12,2020-12-23,2020-12-21/2020-12-27,2020Q4
71dd973e,ccd8569d4c948932,2020-12-05 00:00:00,2020-12-07,,27in 4K gaming monitor,891b,480.0,website,affiliate,unknown,US,2020,2020-12,2020-12-05,2020-11-30/2020-12-06,2020Q4,2020,2020-12,2020-12-07,2020-12-07/2020-12-13,2020Q4
878c4613,cd183eaebd057608,2020-12-29 00:00:00,2020-12-30,7/8/2025,Nintendo Switch,8d0d,168.0,website,direct,desktop,US,2020,2020-12,2020-12-29,2020-12-28/2021-01-03,2020Q4,2020,2020-12,2020-12-30,2020-12-28/2021-01-03,2020Q4
1451965d,cd25be286a411320,2020-12-29 00:00:00,2021-01-01,,Lenovo IdeaPad Gaming 3,04ac,1198.0,website,direct,desktop,CL,2020,2020-12,2020-12-29,2020-12-28/2021-01-03,2020Q4,2021,2021-01,2021-01-01,2020-12-28/2021-01-03,2021Q1
684ce827,cd44ae956ae45006,2020-01-27 00:00:00,2020-01-28,,JBL Quantum 100 Gaming Headset,ab0f,24.0,website,direct,desktop,US,2020,2020-01,2020-01-27,2020-01-27/2020-02-02,2020Q1,2020,2020-01,2020-01-28,2020-01-27/2020-02-02,2020Q1
7216488f,cd4e316ffa949024,2020-01-31 00:00:00,2020-02-02,,27in 4K gaming monitor,891b,373.26,website,direct,desktop,US,2020,2020-01,2020-01-31,2020-01-27/2020-02-02,2020Q1,2020,2020-02,2020-02-02,2020-01-27/2020-02-02,2020Q1
7216488f,cd4e316ffa949024,2020-01-31 00:00:00,2020-02-02,,27in 4K gaming monitor,891b,373.26,website,direct,desktop,US,2020,2020-01,2020-01-31,2020-01-27/2020-02-02,2020Q1,2020,2020-02,2020-02-02,2020-01-27/2020-02-02,2020Q1
7216488f,cd4e316ffa949025,2020-01-31 00:00:00,2020-02-02,,27in 4K gaming monitor,891b,373.26,website,direct,desktop,US,2020,2020-01,2020-01-31,2020-01-27/2020-02-02,2020Q1,2020,2020-02,2020-02-02,2020-01-27/2020-02-02,2020Q1
7216488f,cd4e316ffa949025,2020-01-31 00:00:00,2020-02-02,,27in 4K gaming monitor,891b,373.26,website,direct,desktop,US,2020,2020-01,2020-01-31,2020-01-27/2020-02-02,2020Q1,2020,2020-02,2020-02-02,2020-01-27/2020-02-02,2020Q1
9cea532c,cd61139602466346,2020-12-25 00:00:00,2020-12-28,,Nintendo Switch,e682,148.35,website,direct,desktop,AU,2020,2020-12,2020-12-25,2020-12-21/2020-12-27,2020Q4,2020,2020-12,2020-12-28,2020-12-28/2021-01-03,2020Q4
11991a8a,cd82fd6ecb510188,2020-12-11 00:00:00,2020-12-14,,Nintendo Switch,e682,106.61,website,email,desktop,MX,2020,2020-12,2020-12-11,2020-12-07/2020-12-13,2020Q4,2020,2020-12,2020-12-14,2020-12-14/2020-12-20,2020Q4
b4cff9ee,cdd2d0923fc76595,2020-12-18 00:00:00,2020-12-21,,27in 4K gaming monitor,e7e6,451.63,website,email,desktop,DE,2020,2020-12,2020-12-18,2020-12-14/2020-12-20,2020Q4,2020,2020-12,2020-12-21,2020-12-21/2020-12-27,2020Q4
b4cff9ee,cdd2d0923fc76596,2020-12-18 00:00:00,2020-12-21,,27in 4K gaming monitor,e7e6,451.63,website,email,desktop,DE,2020,2020-12,2020-12-18,2020-12-14/2020-12-20,2020Q4,2020,2020-12,2020-12-21,2020-12-21/2020-12-27,2020Q4
4a15822b,ce2ef62042732961,2020-12-13 00:00:00,2020-12-15,,27in 4K gaming monitor,891b,404.52,website,direct,desktop,CZ,2020,2020-12,2020-12-13,2020-12-07/2020-12-13,2020Q4,2020,2020-12,2020-12-15,2020-12-14/2020-12-20,2020Q4
a2c290c1,ce670828b2a68837,2020-12-20 00:00:00,2020-12-23,5/25/2024,Nintendo Switch,e682,164.88,website,direct,desktop,ES,2020,2020-12,2020-12-20,2020-12-14/2020-12-20,2020Q4,2020,2020-12,2020-12-23,2020-12-21/2020-12-27,2020Q4
1cd60941,cea8cae638814779,2020-12-19 00:00:00,2020-12-22,3/1/2023,Lenovo IdeaPad Gaming 3,04ac,1097.66,website,direct,desktop,US,2020,2020-12,2020-12-19,2020-12-14/2020-12-20,2020Q4,2020,2020-12,2020-12-22,2020-12-21/2020-12-27,2020Q4
f307933b,cecfad1df47102722,2020-12-26 00:00:00,2020-12-29,2/12/2023,Nintendo Switch,e682,164.69,website,direct,desktop,FI,2020,2020-12,2020-12-26,2020-12-21/2020-12-27,2020Q4,2020,2020-12,2020-12-29,2020-12-28/2021-01-03,2020Q4
f4cf19e7,cee13c3291a103470,2020-12-02 00:00:00,2020-12-03,,27in 4K gaming monitor,891b,480.0,website,email,desktop,US,2020,2020-12,2020-12-02,2020-11-30/2020-12-06,2020Q4,2020,2020-12,2020-12-03,2020-11-30/2020-12-06,2020Q4
51d79e52,cf278a56dfa36143,2020-12-18 00:00:00,2020-12-20,4/20/2023,Nintendo Switch,e682,168.0,website,direct,desktop,US,2020,2020-12,2020-12-18,2020-12-14/2020-12-20,2020Q4,2020,2020-12,2020-12-20,2020-12-14/2020-12-20,2020Q4
d30b0f94,cf4ab8c646689073,2020-12-07 00:00:00,2020-12-08,,JBL Quantum 100 Gaming Headset,ab0f,25.47,website,direct,desktop,GB,2020,2020-12,2020-12-07,2020-12-07/2020-12-13,2020Q4,2020,2020-12,2020-12-08,2020-12-07/2020-12-13,2020Q4
d30b0f94,cf4ab8c646689074,2020-12-07 00:00:00,2020-12-08,,JBL Quantum 100 Gaming Headset,ab0f,25.47,website,direct,desktop,GB,2020,2020-12,2020-12-07,2020-12-07/2020-12-13,2020Q4,2020,2020-12,2020-12-08,2020-12-07/2020-12-13,2020Q4
fd426f0a,cf667d6e742106980,2020-12-12 00:00:00,2020-12-13,,Nintendo Switch,8d0d,149.36,website,email,desktop,CH,2020,2020-12,2020-12-12,2020-12-07/2020-12-13,2020Q4,2020,2020-12,2020-12-13,2020-12-07/2020-12-13,2020Q4
008b02f4,cf885d20ced3388,2020-12-06 00:00:00,2020-12-09,,Nintendo Switch,8e5d,162.36,mobile app,email,desktop,US,2020,2020-12,2020-12-06,2020-11-30/2020-12-06,2020Q4,2020,2020-12,2020-12-09,2020-12-07/2020-12-13,2020Q4
008b02f4,cf885d20ced3389,2020-12-06 00:00:00,2020-12-09,4/17/2023,Nintendo Switch,8e5d,162.36,mobile app,email,desktop,US,2020,2020-12,2020-12-06,2020-11-30/2020-12-06,2020Q4,2020,2020-12,2020-12-09,2020-12-07/2020-12-13,2020Q4
bdbaa6a9,cfc18727c3e80323,2020-12-05 00:00:00,2020-12-06,,Nintendo Switch,e682,164.42,website,direct,desktop,FR,2020,2020-12,2020-12-05,2020-11-30/2020-12-06,2020Q4,2020,2020-12,2020-12-06,2020-11-30/2020-12-06,2020Q4
ee510717,cfed86ef0ea100670,2020-12-22 00:00:00,2020-12-23,1/24/2023,Dell Gaming Mouse,8d4f,51.03,mobile app,direct,desktop,CA,2020,2020-12,2020-12-22,2020-12-21/2020-12-27,2020Q4,2020,2020-12,2020-12-23,2020-12-21/2020-12-27,2020Q4
a031c428,cff343efa1c67732,2020-12-08 00:00:00,2020-12-11,,JBL Quantum 100 Gaming Headset,4db1,23.98,mobile app,email,desktop,TT,2020,2020-12,2020-12-08,2020-12-07/2020-12-13,2020Q4,2020,2020-12,2020-12-11,2020-12-07/2020-12-13,2020Q4
b10b4a91,d00bfc01cf775040,2020-12-19 00:00:00,2020-12-22,,JBL Quantum 100 Gaming Headset,ab0f,26.8,website,direct,desktop,GB,2020,2020-12,2020-12-19,2020-12-14/2020-12-20,2020Q4,2020,2020-12,2020-12-22,2020-12-21/2020-12-27,2020Q4
f133be7b,d069de63bb2101944,2020-01-30 00:00:00,2020-02-02,,Nintendo Switch,8d0d,168.0,website,direct,desktop,US,2020,2020-01,2020-01-30,2020-01-27/2020-02-02,2020Q1,2020,2020-02,2020-02-02,2020-01-27/2020-02-02,2020Q1
f1db2473,d0a679dd8b2102217,2020-12-09 00:00:00,2020-12-11,,Sony PlayStation 5 Bundle,54ed,1810.59,website,direct,desktop,CH,2020,2020-12,2020-12-09,2020-12-07/2020-12-13,2020Q4,2020,2020-12,2020-12-11,2020-12-07/2020-12-13,2020Q4
8d210399,d0d9d428b6d59946,2020-12-21 00:00:00,2020-12-22,,JBL Quantum 100 Gaming Headset,ab0f,20.11,website,direct,desktop,CA,2020,2020-12,2020-12-21,2020-12-21/2020-12-27,2020Q4,2020,2020-12,2020-12-22,2020-12-21/2020-12-27,2020Q4
8d210399,d0d9d428b6d59947,2020-12-21 00:00:00,2020-12-22,,JBL Quantum 100 Gaming Headset,ab0f,20.11,website,direct,desktop,CA,2020,2020-12,2020-12-21,2020-12-21/2020-12-27,2020Q4,2020,2020-12,2020-12-22,2020-12-21/2020-12-27,2020Q4
c5a86029,d0e130e0c6f83632,2020-12-10 00:00:00,2020-12-12,9/13/2024,Nintendo Switch,e682,168.0,website,direct,desktop,US,2020,2020-12,2020-12-10,2020-12-07/2020-12-13,2020Q4,2020,2020-12,2020-12-12,2020-12-07/2020-12-13,2020Q4
d7463ff9,d0ed921429e90936,2020-01-23 00:00:00,2020-01-25,,Nintendo Switch,8d0d,142.8,website,direct,desktop,BY,2020,2020-01,2020-01-23,2020-01-20/2020-01-26,2020Q1,2020,2020-01,2020-01-25,2020-01-20/2020-01-26,2020Q1
99a187b0,d19675cb84b64960,2020-12-30 00:00:00,2021-01-02,,Dell Gaming Mouse,f81e,48.83,mobile app,email,desktop,BR,2020,2020-12,2020-12-30,2020-12-28/2021-01-03,2020Q4,2021,2021-01,2021-01-02,2020-12-28/2021-01-03,2021Q1
7755c9e8,d1d2331924d51103,2020-12-07 00:00:00,2020-12-08,,Dell Gaming Mouse,8d4f,49.98,mobile app,direct,desktop,US,2020,2020-12,2020-12-07,2020-12-07/2020-12-13,2020Q4,2020,2020-12,2020-12-08,2020-12-07/2020-12-13,2020Q4
7755c9e8,d1d2331924d51104,2020-12-07 00:00:00,2020-12-08,,Dell Gaming Mouse,8d4f,49.98,mobile app,direct,desktop,US,2020,2020-12,2020-12-07,2020-12-07/2020-12-13,2020Q4,2020,2020-12,2020-12-08,2020-12-07/2020-12-13,2020Q4
5496d195,d2108844c2837260,2020-01-22 00:00:00,2020-01-23,,JBL Quantum 100 Gaming Headset,8315,23.44,mobile app,email,mobile,AU,2020,2020-01,2020-01-22,2020-01-20/2020-01-26,2020Q1,2020,2020-01,2020-01-23,2020-01-20/2020-01-26,2020Q1
3ff5addb,d21cccd9df228992,2020-12-24 00:00:00,2020-12-25,,Dell Gaming Mouse,f81e,50.99,mobile app,email,desktop,NG,2020,2020-12,2020-12-24,2020-12-21/2020-12-27,2020Q4,2020,2020-12,2020-12-25,2020-12-21/2020-12-27,2020Q4
01c9e4db,d23040bf19b3923,2020-12-12 00:00:00,2020-12-14,1/24/2023,Nintendo Switch,e682,168.0,website,email,desktop,US,2020,2020-12,2020-12-12,2020-12-07/2020-12-13,2020Q4,2020,2020-12,2020-12-14,2020-12-14/2020-12-20,2020Q4
3a6fd807,d2376e8891026637,2020-12-06 00:00:00,2020-12-07,,Sony PlayStation 5 Bundle,54ed,2007.24,website,direct,desktop,FR,2020,2020-12,2020-12-06,2020-11-30/2020-12-06,2020Q4,2020,2020-12,2020-12-07,2020-12-07/2020-12-13,2020Q4
6c396221,d23a9d5d29746707,2020-12-05 00:00:00,2020-12-08,7/13/2021,27in 4K gaming monitor,e7e6,480.0,website,direct,desktop,PH,2020,2020-12,2020-12-05,2020-11-30/2020-12-06,2020Q4,2020,2020-12,2020-12-08,2020-12-07/2020-12-13,2020Q4
f4d4e0cb,d24acbf85a7103484,2020-12-17 00:00:00,2020-12-20,,Dell Gaming Mouse,f81e,49.98,mobile app,email,desktop,US,2020,2020-12,2020-12-17,2020-12-14/2020-12-20,2020Q4,2020,2020-12,2020-12-20,2020-12-14/2020-12-20,2020Q4
d10afd9e,d27c915ec3388267,2020-12-02 00:00:00,2020-12-05,,JBL Quantum 100 Gaming Headset,4db1,23.98,mobile app,email,desktop,US,2020,2020-12,2020-12-02,2020-11-30/2020-12-06,2020Q4,2020,2020-12,2020-12-05,2020-11-30/2020-12-06,2020Q4
ff44dde1,d27f93d70ec107793,2020-12-10 00:00:00,2020-12-12,2/7/2023,Nintendo Switch,8d0d,168.0,website,direct,desktop,US,2020,2020-12,2020-12-10,2020-12-07/2020-12-13,2020Q4,2020,2020-12,2020-12-12,2020-12-07/2020-12-13,2020Q4
ae1a62b8,d2b1841120773779,2020-12-27 00:00:00,2020-12-29,,Nintendo Switch,e682,164.69,website,direct,desktop,BE,2020,2020-12,2020-12-27,2020-12-21/2020-12-27,2020Q4,2020,2020-12,2020-12-29,2020-12-28/2021-01-03,2020Q4
9c0f5075,d2e7046bee666010,2020-01-31 00:00:00,2020-02-01,,Nintendo Switch,8d0d,168.0,website,email,mobile,US,2020,2020-01,2020-01-31,2020-01-27/2020-02-02,2020Q1,2020,2020-02,2020-02-01,2020-01-27/2020-02-02,2020Q1
4363595a,d31b1d4a26b30341,2020-01-28 00:00:00,2020-01-30,,JBL Quantum 100 Gaming Headset,ab0f,25.51,website,direct,desktop,IL,2020,2020-01,2020-01-28,2020-01-27/2020-02-02,2020Q1,2020,2020-01,2020-01-30,2020-01-27/2020-02-02,2020Q1
61c6bdd4,d31f115d18342462,2020-12-19 00:00:00,2020-12-20,,27in 4K gaming monitor,891b,480.0,website,direct,desktop,RO,2020,2020-12,2020-12-19,2020-12-14/2020-12-20,2020Q4,2020,2020-12,2020-12-20,2020-12-14/2020-12-20,2020Q4
61c6bdd4,d31f115d18342464,2020-12-19 00:00:00,2020-12-20,,27in 4K gaming monitor,891b,480.0,website,direct,desktop,RO,2020,2020-12,2020-12-19,2020-12-14/2020-12-20,2020Q4,2020,2020-12,2020-12-20,2020-12-14/2020-12-20,2020Q4
8bbaad71,d34e064c67659348,2020-12-14 00:00:00,2020-12-17,,JBL Quantum 100 Gaming Headset,ab0f,15.44,website,email,desktop,MX,2020,2020-12,2020-12-14,2020-12-14/2020-12-20,2020Q4,2020,2020-12,2020-12-17,2020-12-14/2020-12-20,2020Q4
ac73fb98,d3563e6fc7273064,2020-12-23 00:00:00,2020-12-26,1/4/2026,Nintendo Switch,e682,168.0,website,direct,desktop,US,2020,2020-12,2020-12-23,2020-12-21/2020-12-27,2020Q4,2020,2020-12,2020-12-26,2020-12-21/2020-12-27,2020Q4
ac73fb98,d3563e6fc7273066,2020-12-23 00:00:00,2020-12-26,,Nintendo Switch,e682,168.0,website,direct,desktop,US,2020,2020-12,2020-12-23,2020-12-21/2020-12-27,2020Q4,2020,2020-12,2020-12-26,2020-12-21/2020-12-27,2020Q4
6716249a,d35c366a31244530,2020-01-26 00:00:00,2020-01-27,,JBL Quantum 100 Gaming Headset,8315,23.24,mobile app,direct,desktop,CA,2020,2020-01,2020-01-26,2020-01-20/2020-01-26,2020Q1,2020,2020-01,2020-01-27,2020-01-27/2020-02-02,2020Q1
daea4a9b,d365a69662b92506,2020-12-02 00:00:00,2020-12-03,,JBL Quantum 100 Gaming Headset,ab0f,22.71,website,direct,desktop,JP,2020,2020-12,2020-12-02,2020-11-30/2020-12-06,2020Q4,2020,2020-12,2020-12-03,2020-11-30/2020-12-06,2020Q4
fd031ff5,d392627f42d106865,2020-12-06 00:00:00,2020-12-08,,Lenovo IdeaPad Gaming 3,04ac,1198.0,website,direct,desktop,US,2020,2020-12,2020-12-06,2020-11-30/2020-12-06,2020Q4,2020,2020-12,2020-12-08,2020-12-07/2020-12-13,2020Q4
b7b83ac3,d39c7ff36e577830,2020-12-22 00:00:00,2020-12-25,9/16/2022,Nintendo Switch,e682,168.0,website,direct,desktop,US,2020,2020-12,2020-12-22,2020-12-21/2020-12-27,2020Q4,2020,2020-12,2020-12-25,2020-12-21/2020-12-27,2020Q4
b7b83ac3,d39c7ff36e577831,2020-12-22 00:00:00,2020-12-25,5/24/2025,Nintendo Switch,e682,168.0,website,direct,desktop,US,2020,2020-12,2020-12-22,2020-12-21/2020-12-27,2020Q4,2020,2020-12,2020-12-25,2020-12-21/2020-12-27,2020Q4
5c10c42c,d3ba69fb44e40223,2020-12-30 00:00:00,2021-01-02,,Nintendo Switch,e682,168.0,website,direct,desktop,IN,2020,2020-12,2020-12-30,2020-12-28/2021-01-03,2020Q4,2021,2021-01,2021-01-02,2020-12-28/2021-01-03,2021Q1
5c10c42c,d3ba69fb44e40224,2020-12-30 00:00:00,2021-01-02,3/31/2023,Nintendo Switch,e682,168.0,website,direct,desktop,IN,2020,2020-12,2020-12-30,2020-12-28/2021-01-03,2020Q4,2021,2021-01,2021-01-02,2020-12-28/2021-01-03,2021Q1
cef25d4e,d3df67b55d887455,2020-01-22 00:00:00,2020-01-25,,JBL Quantum 100 Gaming Headset,ab0f,24.0,website,direct,desktop,US,2020,2020-01,2020-01-22,2020-01-20/2020-01-26,2020Q1,2020,2020-01,2020-01-25,2020-01-20/2020-01-26,2020Q1
de536381,d3fbae88e7f93958,2020-12-15 00:00:00,2020-12-16,7/10/2024,Nintendo Switch,8d0d,144.17,website,direct,desktop,AU,2020,2020-12,2020-12-15,2020-12-14/2020-12-20,2020Q4,2020,2020-12,2020-12-16,2020-12-14/2020-12-20,2020Q4
1c8659f4,d41af05bd6c14649,2020-12-30 00:00:00,2021-01-01,,27in 4K gaming monitor,891b,319.27,website,direct,desktop,IT,2020,2020-12,2020-12-30,2020-12-28/2021-01-03,2020Q4,2021,2021-01,2021-01-01,2020-12-28/2021-01-03,2021Q1
281af5e2,d41d801987519224,2020-12-10 00:00:00,2020-12-12,,Sony PlayStation 5 Bundle,54ed,1944.71,website,direct,desktop,ES,2020,2020-12,2020-12-10,2020-12-07/2020-12-13,2020Q4,2020,2020-12,2020-12-12,2020-12-07/2020-12-13,2020Q4
5a0016e6,d487e32106d39331,2020-12-25 00:00:00,2020-12-27,,Lenovo IdeaPad Gaming 3,04ac,1198.0,website,direct,desktop,US,2020,2020-12,2020-12-25,2020-12-21/2020-12-27,2020Q4,2020,2020-12,2020-12-27,2020-12-21/2020-12-27,2020Q4
91869c03,d48d8d3495861700,2020-12-21 00:00:00,2020-12-22,1/11/2023,Sony PlayStation 5 Bundle,54ed,1267.13,website,email,desktop,KR,2020,2020-12,2020-12-21,2020-12-21/2020-12-27,2020Q4,2020,2020-12,2020-12-22,2020-12-21/2020-12-27,2020Q4
b7f77a5b,d48ed11ef1277934,2020-12-24 00:00:00,2020-12-26,,Nintendo Switch,8d0d,154.75,website,direct,desktop,CA,2020,2020-12,2020-12-24,2020-12-21/2020-12-27,2020Q4,2020,2020-12,2020-12-26,2020-12-21/2020-12-27,2020Q4
8b32dc3a,d490010c1ca59142,2020-12-28 00:00:00,2020-12-31,,JBL Quantum 100 Gaming Headset,ab0f,24.0,website,email,desktop,US,2020,2020-12,2020-12-28,2020-12-28/2021-01-03,2020Q4,2020,2020-12,2020-12-31,2020-12-28/2021-01-03,2020Q4
299ebefd,d4bffafd4e319835,2020-12-17 00:00:00,2020-12-18,7/18/2021,27in 4K gaming monitor,891b,480.0,website,direct,desktop,US,2020,2020-12,2020-12-17,2020-12-14/2020-12-20,2020Q4,2020,2020-12,2020-12-18,2020-12-14/2020-12-20,2020Q4
c87da020,d4fbf15432e84768,2020-12-30 00:00:00,2020-12-31,,JBL Quantum 100 Gaming Headset,4c58,23.98,mobile app,direct,desktop,US,2020,2020-12,2020-12-30,2020-12-28/2021-01-03,2020Q4,2020,2020-12,2020-12-31,2020-12-28/2021-01-03,2020Q4
ef85079e,d51e68b7a1c101194,2020-12-31 00:00:00,2021-01-03,,Nintendo Switch,8d0d,168.0,website,direct,desktop,US,2020,2020-12,2020-12-31,2020-12-28/2021-01-03,2020Q4,2021,2021-01,2021-01-03,2020-12-28/2021-01-03,2021Q1
4aeaa4c6,d531fff943233302,2020-01-26 00:00:00,2020-01-27,,JBL Quantum 100 Gaming Headset,ab0f,24.0,website,direct,desktop,KZ,2020,2020-01,2020-01-26,2020-01-20/2020-01-26,2020Q1,2020,2020-01,2020-01-27,2020-01-27/2020-02-02,2020Q1
37670818,d54103a25281006,2020-12-11 00:00:00,2020-12-13,,Nintendo Switch,8d0d,168.0,website,email,desktop,US,2020,2020-12,2020-12-11,2020-12-07/2020-12-13,2020Q4,2020,2020-12,2020-12-13,2020-12-07/2020-12-13,2020Q4
37670818,d54103a25281007,2020-12-11 00:00:00,2020-12-13,,Nintendo Switch,8d0d,168.0,website,email,desktop,US,2020,2020-12,2020-12-11,2020-12-07/2020-12-13,2020Q4,2020,2020-12,2020-12-13,2020-12-07/2020-12-13,2020Q4
96d492af,d541725847163876,2020-12-22 00:00:00,2020-12-24,12/10/2022,Lenovo IdeaPad Gaming 3,9ef0,976.96,website,direct,desktop,CA,2020,2020-12,2020-12-22,2020-12-21/2020-12-27,2020Q4,2020,2020-12,2020-12-24,2020-12-21/2020-12-27,2020Q4
96d492af,d541725847163877,2020-12-22 00:00:00,2020-12-24,12/10/2022,Lenovo IdeaPad Gaming 3,9ef0,976.96,website,direct,desktop,CA,2020,2020-12,2020-12-22,2020-12-21/2020-12-27,2020Q4,2020,2020-12,2020-12-24,2020-12-21/2020-12-27,2020Q4
8bcf123a,d59fd86c51359392,2020-12-10 00:00:00,2020-12-12,10/27/2022,Nintendo Switch,e682,168.0,website,direct,desktop,AE,2020,2020-12,2020-12-10,2020-12-07/2020-12-13,2020Q4,2020,2020-12,2020-12-12,2020-12-07/2020-12-13,2020Q4
8bcf123a,d59fd86c51359393,2020-12-10 00:00:00,2020-12-12,10/27/2022,Nintendo Switch,e682,168.0,website,direct,desktop,AE,2020,2020-12,2020-12-10,2020-12-07/2020-12-13,2020Q4,2020,2020-12,2020-12-12,2020-12-07/2020-12-13,2020Q4
c76074f0,d5a2a59f0e884349,2020-12-21 00:00:00,2020-12-22,,Nintendo Switch,8d0d,160.34,website,direct,desktop,FR,2020,2020-12,2020-12-21,2020-12-21/2020-12-27,2020Q4,2020,2020-12,2020-12-22,2020-12-21/2020-12-27,2020Q4
dc8c4ac8,d5a9abd431093198,2020-12-09 00:00:00,2020-12-10,,Nintendo Switch,8d0d,168.0,website,direct,desktop,GH,2020,2020-12,2020-12-09,2020-12-07/2020-12-13,2020Q4,2020,2020-12,2020-12-10,2020-12-07/2020-12-13,2020Q4
f7cfecb6,d5b0327e085104683,2020-12-06 00:00:00,2020-12-08,,Nintendo Switch,e682,164.88,website,direct,desktop,NL,2020,2020-12,2020-12-06,2020-11-30/2020-12-06,2020Q4,2020,2020-12,2020-12-08,2020-12-07/2020-12-13,2020Q4
29486f48,d5b10688e4f19706,2020-12-20 00:00:00,2020-12-22,,Nintendo Switch,e682,168.0,website,affiliate,unknown,US,2020,2020-12,2020-12-20,2020-12-14/2020-12-20,2020Q4,2020,2020-12,2020-12-22,2020-12-21/2020-12-27,2020Q4
10d216eb,d5d636eb57d9915,2020-12-01 00:00:00,2020-12-03,,Sony PlayStation 5 Bundle,54ed,1800.0,website,direct,desktop,US,2020,2020-12,2020-12-01,2020-11-30/2020-12-06,2020Q4,2020,2020-12,2020-12-03,2020-11-30/2020-12-06,2020Q4
b0bf2ca8,d5efd4e268874906,2020-12-31 00:00:00,2021-01-03,4/20/2025,Nintendo Switch,e682,179.22,website,direct,desktop,GB,2020,2020-12,2020-12-31,2020-12-28/2021-01-03,2020Q4,2021,2021-01,2021-01-03,2020-12-28/2021-01-03,2021Q1
4379ed7e,d5f9ebee79430374,2020-12-24 00:00:00,2020-12-25,,JBL Quantum 100 Gaming Headset,ab0f,21.43,website,direct,desktop,SE,2020,2020-12,2020-12-24,2020-12-21/2020-12-27,2020Q4,2020,2020-12,2020-12-25,2020-12-21/2020-12-27,2020Q4
4379ed7e,d5f9ebee79430376,2020-12-24 00:00:00,2020-12-25,,JBL Quantum 100 Gaming Headset,ab0f,21.43,website,direct,desktop,SE,2020,2020-12,2020-12-24,2020-12-21/2020-12-27,2020Q4,2020,2020-12,2020-12-25,2020-12-21/2020-12-27,2020Q4
d40c5325,d61e8dc647589510,2020-12-19 00:00:00,2020-12-21,,27in 4K gaming monitor,891b,408.0,website,affiliate,unknown,US,2020,2020-12,2020-12-19,2020-12-14/2020-12-20,2020Q4,2020,2020-12,2020-12-21,2020-12-21/2020-12-27,2020Q4
d40c5325,d61e8dc647589511,2020-12-19 00:00:00,2020-12-21,,27in 4K gaming monitor,891b,408.0,website,affiliate,unknown,US,2020,2020-12,2020-12-19,2020-12-14/2020-12-20,2020Q4,2020,2020-12,2020-12-21,2020-12-21/2020-12-27,2020Q4
07600b7c,d62ba9b9e816085,2020-12-03 00:00:00,2020-12-04,,Nintendo Switch,8d0d,168.0,website,direct,desktop,US,2020,2020-12,2020-12-03,2020-11-30/2020-12-06,2020Q4,2020,2020-12,2020-12-04,2020-11-30/2020-12-06,2020Q4
49dff1ad,d64a5fd9ac732882,2020-12-09 00:00:00,2020-12-12,,JBL Quantum 100 Gaming Headset,ab0f,23.24,website,direct,desktop,DE,2020,2020-12,2020-12-09,2020-12-07/2020-12-13,2020Q4,2020,2020-12,2020-12-12,2020-12-07/2020-12-13,2020Q4
9dd5e0b2,d65671153a166716,2020-01-25 00:00:00,2020-01-27,1/6/2022,27in 4K gaming monitor,e7e6,480.0,website,direct,desktop,US,2020,2020-01,2020-01-25,2020-01-20/2020-01-26,2020Q1,2020,2020-01,2020-01-27,2020-01-27/2020-02-02,2020Q1
9dd5e0b2,d65671153a166716,2020-01-25 00:00:00,2020-01-27,1/6/2022,27in 4K gaming monitor,e7e6,480.0,website,direct,desktop,US,2020,2020-01,2020-01-25,2020-01-20/2020-01-26,2020Q1,2020,2020-01,2020-01-27,2020-01-27/2020-02-02,2020Q1
40c3bf28,d67249f041429294,2020-12-08 00:00:00,2020-12-09,11/23/2022,Sony PlayStation 5 Bundle,54ed,1800.0,website,direct,desktop,US,2020,2020-12,2020-12-08,2020-12-07/2020-12-13,2020Q4,2020,2020-12,2020-12-09,2020-12-07/2020-12-13,2020Q4
70924510,d6a79ac85041868,2020-01-29 00:00:00,2020-01-31,6/2/2021,Sony PlayStation 5 Bundle,54ed,1591.48,website,direct,desktop,CR,2020,2020-01,2020-01-29,2020-01-27/2020-02-02,2020Q1,2020,2020-01,2020-01-31,2020-01-27/2020-02-02,2020Q1
60300000,d6d528593aa1603,2020-01-27 00:00:00,2020-01-29,,Nintendo Switch,8d0d,168.0,website,direct,desktop,US,2020,2020-01,2020-01-27,2020-01-27/2020-02-02,2020Q1,2020,2020-01,2020-01-29,2020-01-27/2020-02-02,2020Q1
0a4d62cf,d6d97f32eb67226,2020-12-03 00:00:00,2020-12-04,,Nintendo Switch,e682,168.0,website,direct,desktop,US,2020,2020-12,2020-12-03,2020-11-30/2020-12-06,2020Q4,2020,2020-12,2020-12-04,2020-11-30/2020-12-06,2020Q4
fe305c44,d720d8e3180107390,2020-01-19 00:00:00,2020-01-20,,JBL Quantum 100 Gaming Headset,ab0f,24.0,website,direct,desktop,US,2020,2020-01,2020-01-19,2020-01-13/2020-01-19,2020Q1,2020,2020-01,2020-01-20,2020-01-20/2020-01-26,2020Q1
1582278f,d731d4d594911735,2020-12-26 00:00:00,2020-12-27,8/22/2024,Nintendo Switch,e682,168.0,website,email,desktop,PE,2020,2020-12,2020-12-26,2020-12-21/2020-12-27,2020Q4,2020,2020-12,2020-12-27,2020-12-21/2020-12-27,2020Q4
234c709c,d753c83d92817271,2020-12-05 00:00:00,2020-12-06,8/23/2021,27in 4K gaming monitor,e7e6,506.46,website,direct,desktop,GB,2020,2020-12,2020-12-05,2020-11-30/2020-12-06,2020Q4,2020,2020-12,2020-12-06,2020-11-30/2020-12-06,2020Q4
e918dbe0,d7740ade34998448,2020-12-28 00:00:00,2020-12-31,10/26/2023,Nintendo Switch,8d0d,192.53,website,direct,desktop,DK,2020,2020-12,2020-12-28,2020-12-28/2021-01-03,2020Q4,2020,2020-12,2020-12-31,2020-12-28/2021-01-03,2020Q4
ce00b3b7,d7af046bcf787029,2020-12-12 00:00:00,2020-12-14,,JBL Quantum 100 Gaming Headset,ab0f,26.23,website,direct,desktop,GB,2020,2020-12,2020-12-12,2020-12-07/2020-12-13,2020Q4,2020,2020-12,2020-12-14,2020-12-14/2020-12-20,2020Q4
eec80196,d7ea6e6d198100866,2020-12-27 00:00:00,2020-12-28,7/4/2024,Nintendo Switch,8d0d,164.88,website,direct,desktop,DE,2020,2020-12,2020-12-27,2020-12-21/2020-12-27,2020Q4,2020,2020-12,2020-12-28,2020-12-28/2021-01-03,2020Q4
e15cc839,d87a8dde31195246,2020-12-12 00:00:00,2020-12-13,1/7/2023,27in 4K gaming monitor,e7e6,480.0,website,direct,desktop,BR,2020,2020-12,2020-12-12,2020-12-07/2020-12-13,2020Q4,2020,2020-12,2020-12-13,2020-12-07/2020-12-13,2020Q4
ab4f661d,d8939e744ff72627,2020-12-10 00:00:00,2020-12-13,8/28/2021,Nintendo Switch,e682,164.42,website,direct,desktop,IE,2020,2020-12,2020-12-10,2020-12-07/2020-12-13,2020Q4,2020,2020-12,2020-12-13,2020-12-07/2020-12-13,2020Q4
4154e9bb,d8a4c28812629522,2020-01-22 00:00:00,2020-01-24,,Nintendo Switch,e682,136.82,website,direct,desktop,AU,2020,2020-01,2020-01-22,2020-01-20/2020-01-26,2020Q1,2020,2020-01,2020-01-24,2020-01-20/2020-01-26,2020Q1
5d6c7b0d,d8ae2c8858540752,2020-12-23 00:00:00,2020-12-26,,27in 4K gaming monitor,891b,322.26,website,direct,desktop,GB,2020,2020-12,2020-12-23,2020-12-21/2020-12-27,2020Q4,2020,2020-12,2020-12-26,2020-12-21/2020-12-27,2020Q4
5d6c7b0d,d8ae2c8858540753,2020-12-23 00:00:00,2020-12-26,8/4/2025,27in 4K gaming monitor,891b,322.26,website,direct,desktop,GB,2020,2020-12,2020-12-23,2020-12-21/2020-12-27,2020Q4,2020,2020-12,2020-12-26,2020-12-21/2020-12-27,2020Q4
ec59b073,d8be4b1d08b99862,2020-01-27 00:00:00,2020-01-28,,27in 4K gaming monitor,891b,432.18,website,direct,desktop,NO,2020,2020-01,2020-01-27,2020-01-27/2020-02-02,2020Q1,2020,2020-01,2020-01-28,2020-01-27/2020-02-02,2020Q1
ec59b073,d8be4b1d08b99862,2020-01-27 00:00:00,2020-01-28,,27in 4K gaming monitor,891b,432.18,website,direct,desktop,NO,2020,2020-01,2020-01-27,2020-01-27/2020-02-02,2020Q1,2020,2020-01,2020-01-28,2020-01-27/2020-02-02,2020Q1
559a2530,d8ea824ecb437637,2020-12-05 00:00:00,2020-12-06,9/29/2024,27in 4K gaming monitor,e7e6,480.0,website,direct,desktop,UA,2020,2020-12,2020-12-05,2020-11-30/2020-12-06,2020Q4,2020,2020-12,2020-12-06,2020-11-30/2020-12-06,2020Q4
cbf81150,d9058cc61e186187,2020-12-24 00:00:00,2020-12-25,7/17/2021,27in 4K gaming monitor,e7e6,480.0,website,email,desktop,US,2020,2020-12,2020-12-24,2020-12-21/2020-12-27,2020Q4,2020,2020-12,2020-12-25,2020-12-21/2020-12-27,2020Q4
cbf81150,d9058cc61e186188,2020-12-24 00:00:00,2020-12-25,,27in 4K gaming monitor,e7e6,480.0,website,email,desktop,US,2020,2020-12,2020-12-24,2020-12-21/2020-12-27,2020Q4,2020,2020-12,2020-12-25,2020-12-21/2020-12-27,2020Q4
fbe0faf6,d9094c33911106375,2020-12-11 00:00:00,2020-12-12,,JBL Quantum 100 Gaming Headset,ab0f,24.0,website,organic,,US,2020,2020-12,2020-12-11,2020-12-07/2020-12-13,2020Q4,2020,2020-12,2020-12-12,2020-12-07/2020-12-13,2020Q4
4838ec5b,d936642503d32256,2020-12-27 00:00:00,2020-12-28,,27in 4K gaming monitor,891b,267.54,website,direct,desktop,US,2020,2020-12,2020-12-27,2020-12-21/2020-12-27,2020Q4,2020,2020-12,2020-12-28,2020-12-28/2021-01-03,2020Q4
9b4952a0,d9ac805499065658,2020-12-22 00:00:00,2020-12-23,,Lenovo IdeaPad Gaming 3,9ef0,926.37,website,direct,desktop,AU,2020,2020-12,2020-12-22,2020-12-21/2020-12-27,2020Q4,2020,2020-12,2020-12-23,2020-12-21/2020-12-27,2020Q4
9b4952a0,d9ac805499065659,2020-12-22 00:00:00,2020-12-23,,Lenovo IdeaPad Gaming 3,9ef0,926.37,website,direct,desktop,AU,2020,2020-12,2020-12-22,2020-12-21/2020-12-27,2020Q4,2020,2020-12,2020-12-23,2020-12-21/2020-12-27,2020Q4
f3f42a28,d9c1c679ac3103115,2020-12-23 00:00:00,2020-12-25,,Nintendo Switch,e682,164.42,website,direct,desktop,IE,2020,2020-12,2020-12-23,2020-12-21/2020-12-27,2020Q4,2020,2020-12,2020-12-25,2020-12-21/2020-12-27,2020Q4
796af25d,d9d47a36eec51901,2020-12-17 00:00:00,2020-12-20,,Nintendo Switch,e682,168.0,website,direct,desktop,PY,2020,2020-12,2020-12-17,2020-12-14/2020-12-20,2020Q4,2020,2020-12,2020-12-20,2020-12-14/2020-12-20,2020Q4
796af25d,d9d47a36eec51902,2020-12-17 00:00:00,2020-12-20,,Nintendo Switch,e682,168.0,website,direct,desktop,PY,2020,2020-12,2020-12-17,2020-12-14/2020-12-20,2020Q4,2020,2020-12,2020-12-20,2020-12-14/2020-12-20,2020Q4
d8f5b1ca,da48cd808b991671,2020-01-26 00:00:00,2020-01-28,,27in 4K gaming monitor,891b,480.0,website,direct,desktop,US,2020,2020-01,2020-01-26,2020-01-20/2020-01-26,2020Q1,2020,2020-01,2020-01-28,2020-01-27/2020-02-02,2020Q1
d8f5b1ca,da48cd808b991671,2020-01-26 00:00:00,2020-01-28,,27in 4K gaming monitor,891b,480.0,website,direct,desktop,US,2020,2020-01,2020-01-26,2020-01-20/2020-01-26,2020Q1,2020,2020-01,2020-01-28,2020-01-27/2020-02-02,2020Q1
8852403a,da5d51a4e4357908,2020-12-10 00:00:00,2020-12-12,,Nintendo Switch,e682,148.35,website,direct,desktop,AU,2020,2020-12,2020-12-10,2020-12-07/2020-12-13,2020Q4,2020,2020-12,2020-12-12,2020-12-07/2020-12-13,2020Q4
432a4eb7,da6d75a134130249,2020-12-28 00:00:00,2020-12-29,,Nintendo Switch,8d0d,106.61,website,direct,desktop,MX,2020,2020-12,2020-12-28,2020-12-28/2021-01-03,2020Q4,2020,2020-12,2020-12-29,2020-12-28/2021-01-03,2020Q4
71b500df,da84cb6444348874,2020-12-31 00:00:00,2021-01-02,,27in 4K gaming monitor,891b,480.0,website,direct,desktop,US,2020,2020-12,2020-12-31,2020-12-28/2021-01-03,2020Q4,2021,2021-01,2021-01-02,2020-12-28/2021-01-03,2021Q1
f88a0183,daa0558542f105020,2020-12-08 00:00:00,2020-12-09,,Sony PlayStation 5 Bundle,54ed,2007.24,website,direct,desktop,NL,2020,2020-12,2020-12-08,2020-12-07/2020-12-13,2020Q4,2020,2020-12,2020-12-09,2020-12-07/2020-12-13,2020Q4
e2d73069,dab4e97af2095826,2020-01-26 00:00:00,2020-01-29,,27in 4K gaming monitor,891b,401.28,website,direct,desktop,UA,2020,2020-01,2020-01-26,2020-01-20/2020-01-26,2020Q1,2020,2020-01,2020-01-29,2020-01-27/2020-02-02,2020Q1
e2d73069,dab4e97af2095826,2020-01-26 00:00:00,2020-01-29,,27in 4K gaming monitor,891b,401.28,website,direct,desktop,UA,2020,2020-01,2020-01-26,2020-01-20/2020-01-26,2020Q1,2020,2020-01,2020-01-29,2020-01-27/2020-02-02,2020Q1
99a19e74,daee8cb48a264961,2020-12-06 00:00:00,2020-12-08,,27in 4K gaming monitor,e7e6,480.0,website,direct,desktop,US,2020,2020-12,2020-12-06,2020-11-30/2020-12-06,2020Q4,2020,2020-12,2020-12-08,2020-12-07/2020-12-13,2020Q4
178050dc,db0c23c9a3a12547,2020-12-13 00:00:00,2020-12-14,8/24/2023,27in 4K gaming monitor,891b,350.76,website,affiliate,unknown,US,2020,2020-12,2020-12-13,2020-12-07/2020-12-13,2020Q4,2020,2020-12,2020-12-14,2020-12-14/2020-12-20,2020Q4
534b7a7e,db4347d16b936705,2020-12-04 00:00:00,2020-12-05,7/31/2024,Nintendo Switch,e682,164.88,website,direct,desktop,FR,2020,2020-12,2020-12-04,2020-11-30/2020-12-06,2020Q4,2020,2020-12,2020-12-05,2020-11-30/2020-12-06,2020Q4
1ccff8eb,db510de320114775,2020-12-22 00:00:00,2020-12-24,,Sony PlayStation 5 Bundle,54ed,1380.46,website,direct,desktop,US,2020,2020-12,2020-12-22,2020-12-21/2020-12-27,2020Q4,2020,2020-12,2020-12-24,2020-12-21/2020-12-27,2020Q4
7df8abb2,db65808fc3053806,2020-12-09 00:00:00,2020-12-11,,Nintendo Switch,e682,164.42,website,direct,desktop,DE,2020,2020-12,2020-12-09,2020-12-07/2020-12-13,2020Q4,2020,2020-12,2020-12-11,2020-12-07/2020-12-13,2020Q4
d1d4e5a2,db875a0fe5888579,2020-12-09 00:00:00,2020-12-10,,27in 4K gaming monitor,891b,328.1,website,direct,desktop,US,2020,2020-12,2020-12-09,2020-12-07/2020-12-13,2020Q4,2020,2020-12,2020-12-10,2020-12-07/2020-12-13,2020Q4
d1d4e5a2,db875a0fe5888580,2020-12-09 00:00:00,2020-12-10,,27in 4K gaming monitor,891b,328.1,website,direct,desktop,US,2020,2020-12,2020-12-09,2020-12-07/2020-12-13,2020Q4,2020,2020-12,2020-12-10,2020-12-07/2020-12-13,2020Q4
9cd91929,dbdd41f904066329,2020-12-20 00:00:00,2020-12-21,12/23/2022,Nintendo Switch,e682,181.02,website,direct,desktop,GB,2020,2020-12,2020-12-20,2020-12-14/2020-12-20,2020Q4,2020,2020-12,2020-12-21,2020-12-21/2020-12-27,2020Q4
a8a40298,dbfa19171c271461,2020-12-26 00:00:00,2020-12-27,,JBL Quantum 100 Gaming Headset,2997,20.09,mobile app,direct,desktop,CA,2020,2020-12,2020-12-26,2020-12-21/2020-12-27,2020Q4,2020,2020-12,2020-12-27,2020-12-21/2020-12-27,2020Q4
2bbf5805,dbfcab9dfbf20698,2020-12-31 00:00:00,2021-01-03,,JBL Quantum 100 Gaming Headset,4db1,13.98,mobile app,email,desktop,US,2020,2020-12,2020-12-31,2020-12-28/2021-01-03,2020Q4,2021,2021-01,2021-01-03,2020-12-28/2021-01-03,2021Q1
0100591d,dc128d72e633578,2020-12-19 00:00:00,2020-12-22,,Nintendo Switch,e682,153.07,website,direct,desktop,AU,2020,2020-12,2020-12-19,2020-12-14/2020-12-20,2020Q4,2020,2020-12,2020-12-22,2020-12-21/2020-12-27,2020Q4
f89de1d9,dc1d2fdf56c105051,2020-12-30 00:00:00,2021-01-02,9/21/2025,Nintendo Switch,8d0d,164.69,website,direct,desktop,AT,2020,2020-12,2020-12-30,2020-12-28/2021-01-03,2020Q4,2021,2021-01,2021-01-02,2020-12-28/2021-01-03,2021Q1
f89de1d9,dc1d2fdf56c105052,2020-12-30 00:00:00,2021-01-02,,Nintendo Switch,8d0d,164.69,website,direct,desktop,AT,2020,2020-12,2020-12-30,2020-12-28/2021-01-03,2020Q4,2021,2021-01,2021-01-02,2020-12-28/2021-01-03,2021Q1
6905c31a,dc60ca7ec4a45326,2020-12-18 00:00:00,2020-12-20,,JBL Quantum 100 Gaming Headset,ab0f,25.97,website,direct,desktop,GB,2020,2020-12,2020-12-18,2020-12-14/2020-12-20,2020Q4,2020,2020-12,2020-12-20,2020-12-14/2020-12-20,2020Q4
201e305f,dca48a663a216120,2020-01-27 00:00:00,2020-01-29,,Nintendo Switch,b5f7,167.98,mobile app,email,mobile,US,2020,2020-01,2020-01-27,2020-01-27/2020-02-02,2020Q1,2020,2020-01,2020-01-29,2020-01-27/2020-02-02,2020Q1
8a91f620,dcc8969d25158839,2020-12-25 00:00:00,2020-12-27,,Dell Gaming Mouse,5142,49.98,mobile app,email,desktop,US,2020,2020-12,2020-12-25,2020-12-21/2020-12-27,2020Q4,2020,2020-12,2020-12-27,2020-12-21/2020-12-27,2020Q4
daa51029,dd1a14d909292378,2020-12-08 00:00:00,2020-12-11,,Nintendo Switch,8d0d,158.97,website,direct,desktop,JP,2020,2020-12,2020-12-08,2020-12-07/2020-12-13,2020Q4,2020,2020-12,2020-12-11,2020-12-07/2020-12-13,2020Q4
7d550e55,dd2fc5c9af353528,2020-12-14 00:00:00,2020-12-16,,Nintendo Switch,8d0d,168.0,website,direct,desktop,US,2020,2020-12,2020-12-14,2020-12-14/2020-12-20,2020Q4,2020,2020-12,2020-12-16,2020-12-14/2020-12-20,2020Q4
7d550e55,dd2fc5c9af353529,2020-12-14 00:00:00,2020-12-16,,Nintendo Switch,8d0d,168.0,website,direct,desktop,US,2020,2020-12,2020-12-14,2020-12-14/2020-12-20,2020Q4,2020,2020-12,2020-12-16,2020-12-14/2020-12-20,2020Q4
2b812faa,dd34130667620599,2020-12-01 00:00:00,2020-12-04,,Nintendo Switch,e682,164.42,website,direct,desktop,FR,2020,2020-12,2020-12-01,2020-11-30/2020-12-06,2020Q4,2020,2020-12,2020-12-04,2020-11-30/2020-12-06,2020Q4
35058cbe,dd4f078638124507,2020-12-14 00:00:00,2020-12-17,,27in 4K gaming monitor,e7e6,480.0,website,direct,desktop,PR,2020,2020-12,2020-12-14,2020-12-14/2020-12-20,2020Q4,2020,2020-12,2020-12-17,2020-12-14/2020-12-20,2020Q4
103ef63b,dd75c0ac7d59691,2020-12-19 00:00:00,2020-12-22,,Sony PlayStation 5 Bundle,54ed,1800.0,website,organic,,US,2020,2020-12,2020-12-19,2020-12-14/2020-12-20,2020Q4,2020,2020-12,2020-12-22,2020-12-21/2020-12-27,2020Q4
103ef63b,dd75c0ac7d59692,2020-12-19 00:00:00,2020-12-22,,Sony PlayStation 5 Bundle,54ed,1800.0,website,organic,,US,2020,2020-12,2020-12-19,2020-12-14/2020-12-20,2020Q4,2020,2020-12,2020-12-22,2020-12-21/2020-12-27,2020Q4
8cc04ccf,dd88491fc1b59795,2020-01-23 00:00:00,2020-01-25,,Nintendo Switch,8d0d,168.0,website,direct,desktop,US,2020,2020-01,2020-01-23,2020-01-20/2020-01-26,2020Q1,2020,2020-01,2020-01-25,2020-01-20/2020-01-26,2020Q1
3.32E+263,dd8b86bc28c3141,2020-12-29 00:00:00,2020-12-30,,27in 4K gaming monitor,891b,480.0,website,direct,desktop,US,2020,2020-12,2020-12-29,2020-12-28/2021-01-03,2020Q4,2020,2020-12,2020-12-30,2020-12-28/2021-01-03,2020Q4
d7a6668f,ddfc770164f91102,2020-01-25 00:00:00,2020-01-26,,Lenovo IdeaPad Gaming 3,04ac,1198.0,website,direct,desktop,US,2020,2020-01,2020-01-25,2020-01-20/2020-01-26,2020Q1,2020,2020-01,2020-01-26,2020-01-20/2020-01-26,2020Q1
a8ec619b,de014211c9671591,2020-12-24 00:00:00,2020-12-27,,27in 4K gaming monitor,891b,439.2,website,direct,desktop,GR,2020,2020-12,2020-12-24,2020-12-21/2020-12-27,2020Q4,2020,2020-12,2020-12-27,2020-12-21/2020-12-27,2020Q4
6566878b,de450ebc5c243824,2020-12-06 00:00:00,2020-12-07,,Nintendo Switch,e682,168.0,website,email,desktop,US,2020,2020-12,2020-12-06,2020-11-30/2020-12-06,2020Q4,2020,2020-12,2020-12-07,2020-12-07/2020-12-13,2020Q4
96efaabf,de64f2289eb63936,2020-12-31 00:00:00,2021-01-02,10/9/2023,Nintendo Switch,e682,168.0,website,direct,desktop,BR,2020,2020-12,2020-12-31,2020-12-28/2021-01-03,2020Q4,2021,2021-01,2021-01-02,2020-12-28/2021-01-03,2021Q1
d54360c0,def6c078c5490016,2020-12-08 00:00:00,2020-12-11,12/14/2022,27in 4K gaming monitor,e7e6,480.0,website,direct,desktop,US,2020,2020-12,2020-12-08,2020-12-07/2020-12-13,2020Q4,2020,2020-12,2020-12-11,2020-12-07/2020-12-13,2020Q4
fa743261,df0c23a3e75105824,2020-12-16 00:00:00,2020-12-19,1/6/2023,Nintendo Switch,e682,168.0,website,direct,desktop,US,2020,2020-12,2020-12-16,2020-12-14/2020-12-20,2020Q4,2020,2020-12,2020-12-19,2020-12-14/2020-12-20,2020Q4
97456cd2,df3b74a29bc64065,2020-01-20 00:00:00,2020-01-21,,Nintendo Switch,e682,168.0,website,direct,desktop,US,2020,2020-01,2020-01-20,2020-01-20/2020-01-26,2020Q1,2020,2020-01,2020-01-21,2020-01-20/2020-01-26,2020Q1
7f2663c2,df486436cc754303,2020-12-10 00:00:00,2020-12-13,,27in 4K gaming monitor,e7e6,480.0,website,direct,desktop,US,2020,2020-12,2020-12-10,2020-12-07/2020-12-13,2020Q4,2020,2020-12,2020-12-13,2020-12-07/2020-12-13,2020Q4
81f4afb0,df51ad457a855426,2020-12-06 00:00:00,2020-12-09,10/21/2025,Nintendo Switch,e682,164.42,website,direct,desktop,BE,2020,2020-12,2020-12-06,2020-11-30/2020-12-06,2020Q4,2020,2020-12,2020-12-09,2020-12-07/2020-12-13,2020Q4
f260add0,df58066c48c102414,2020-12-21 00:00:00,2020-12-22,,JBL Quantum 100 Gaming Headset,2997,24.0,mobile app,email,desktop,US,2020,2020-12,2020-12-21,2020-12-21/2020-12-27,2020Q4,2020,2020-12,2020-12-22,2020-12-21/2020-12-27,2020Q4
5aa708d1,df5b62a13ec39630,2020-12-25 00:00:00,2020-12-27,,Nintendo Switch,e682,168.0,website,email,desktop,US,2020,2020-12,2020-12-25,2020-12-21/2020-12-27,2020Q4,2020,2020-12,2020-12-27,2020-12-21/2020-12-27,2020Q4
dbc93f7f,df63d7dcf1692884,2020-12-22 00:00:00,2020-12-23,,Dell Gaming Mouse,8d4f,49.98,mobile app,email,desktop,US,2020,2020-12,2020-12-22,2020-12-21/2020-12-27,2020Q4,2020,2020-12,2020-12-23,2020-12-21/2020-12-27,2020Q4
dbc93f7f,df63d7dcf1692885,2020-12-22 00:00:00,2020-12-23,,Dell Gaming Mouse,8d4f,49.98,mobile app,email,desktop,US,2020,2020-12,2020-12-22,2020-12-21/2020-12-27,2020Q4,2020,2020-12,2020-12-23,2020-12-21/2020-12-27,2020Q4
c52d264d,df650bb672783436,2020-01-31 00:00:00,2020-02-02,,Sony PlayStation 5 Bundle,54ed,1530.0,website,direct,desktop,US,2020,2020-01,2020-01-31,2020-01-27/2020-02-02,2020Q1,2020,2020-02,2020-02-02,2020-01-27/2020-02-02,2020Q1
69909828,df6a136a7181834,2020-12-22 00:00:00,2020-12-24,,Nintendo Switch,e682,168.0,website,direct,desktop,PA,2020,2020-12,2020-12-22,2020-12-21/2020-12-27,2020Q4,2020,2020-12,2020-12-24,2020-12-21/2020-12-27,2020Q4
1ce2326e,df8a916ca6a14799,2020-12-08 00:00:00,2020-12-09,,Dell Gaming Mouse,8d4f,59.55,mobile app,email,desktop,FR,2020,2020-12,2020-12-08,2020-12-07/2020-12-13,2020Q4,2020,2020-12,2020-12-09,2020-12-07/2020-12-13,2020Q4
3c67b956,dfa4a15a2bc27469,2020-12-11 00:00:00,2020-12-12,,Nintendo Switch,e682,168.0,website,direct,desktop,US,2020,2020-12,2020-12-11,2020-12-07/2020-12-13,2020Q4,2020,2020-12,2020-12-12,2020-12-07/2020-12-13,2020Q4
3c67b956,dfa4a15a2bc27470,2020-12-11 00:00:00,2020-12-12,7/4/2023,Nintendo Switch,e682,168.0,website,direct,desktop,US,2020,2020-12,2020-12-11,2020-12-07/2020-12-13,2020Q4,2020,2020-12,2020-12-12,2020-12-07/2020-12-13,2020Q4
7a2145bf,dfaabca451a52186,2020-12-18 00:00:00,2020-12-20,,Nintendo Switch,8d0d,168.0,website,affiliate,unknown,US,2020,2020-12,2020-12-18,2020-12-14/2020-12-20,2020Q4,2020,2020-12,2020-12-20,2020-12-14/2020-12-20,2020Q4
bc01ccb7,dfd9f56fda479602,2020-12-23 00:00:00,2020-12-25,,Nintendo Switch,e682,184.9,website,email,desktop,GB,2020,2020-12,2020-12-23,2020-12-21/2020-12-27,2020Q4,2020,2020-12,2020-12-25,2020-12-21/2020-12-27,2020Q4
bc01ccb7,dfd9f56fda479603,2020-12-23 00:00:00,2020-12-25,4/12/2024,Nintendo Switch,e682,184.9,website,email,desktop,GB,2020,2020-12,2020-12-23,2020-12-21/2020-12-27,2020Q4,2020,2020-12,2020-12-25,2020-12-21/2020-12-27,2020Q4
fb4f5855,dfe80eadd17106170,2020-12-16 00:00:00,2020-12-18,8/18/2025,Nintendo Switch,e682,179.22,website,direct,desktop,GB,2020,2020-12,2020-12-16,2020-12-14/2020-12-20,2020Q4,2020,2020-12,2020-12-18,2020-12-14/2020-12-20,2020Q4
b1944ab8,dff01927cac75259,2020-12-03 00:00:00,2020-12-06,,JBL Quantum 100 Gaming Headset,ab0f,24.0,website,direct,desktop,HK,2020,2020-12,2020-12-03,2020-11-30/2020-12-06,2020Q4,2020,2020-12,2020-12-06,2020-11-30/2020-12-06,2020Q4
bd7ee932,dff71a4e14880216,2020-12-02 00:00:00,2020-12-03,1/17/2023,Nintendo Switch,e682,184.9,website,direct,desktop,GB,2020,2020-12,2020-12-02,2020-11-30/2020-12-06,2020Q4,2020,2020-12,2020-12-03,2020-11-30/2020-12-06,2020Q4
eb0f381f,e0181697eff99327,2020-12-23 00:00:00,2020-12-25,,Nintendo Switch,e682,168.0,website,direct,desktop,US,2020,2020-12,2020-12-23,2020-12-21/2020-12-27,2020Q4,2020,2020-12,2020-12-25,2020-12-21/2020-12-27,2020Q4
eb0f381f,e0181697eff99328,2020-12-23 00:00:00,2020-12-25,,Nintendo Switch,e682,168.0,website,direct,desktop,US,2020,2020-12,2020-12-23,2020-12-21/2020-12-27,2020Q4,2020,2020-12,2020-12-25,2020-12-21/2020-12-27,2020Q4
eb0f381f,e0181697eff99329,2020-12-23 00:00:00,2020-12-25,,Nintendo Switch,e682,168.0,website,direct,desktop,US,2020,2020-12,2020-12-23,2020-12-21/2020-12-27,2020Q4,2020,2020-12,2020-12-25,2020-12-21/2020-12-27,2020Q4
6267888e,e02aa3f9ad642669,2020-12-20 00:00:00,2020-12-22,,Lenovo IdeaPad Gaming 3,9ef0,1198.0,website,direct,desktop,US,2020,2020-12,2020-12-20,2020-12-14/2020-12-20,2020Q4,2020,2020-12,2020-12-22,2020-12-21/2020-12-27,2020Q4
47661e6c,e02db5a671b31959,2020-12-30 00:00:00,2020-12-31,12/29/2022,Dell Gaming Mouse,8d4f,49.98,mobile app,email,desktop,US,2020,2020-12,2020-12-30,2020-12-28/2021-01-03,2020Q4,2020,2020-12,2020-12-31,2020-12-28/2021-01-03,2020Q4
2235cd6c,e0339d2feaf16886,2020-12-29 00:00:00,2020-12-30,,Dell Gaming Mouse,8d4f,51.03,mobile app,direct,desktop,US,2020,2020-12,2020-12-29,2020-12-28/2021-01-03,2020Q4,2020,2020-12,2020-12-30,2020-12-28/2021-01-03,2020Q4
d93678d4,e03b6e2bced91761,2020-12-29 00:00:00,2020-12-31,,Nintendo Switch,8d0d,168.0,website,direct,desktop,US,2020,2020-12,2020-12-29,2020-12-28/2021-01-03,2020Q4,2020,2020-12,2020-12-31,2020-12-28/2021-01-03,2020Q4
fa321501,e08ae853eb1105715,2020-12-22 00:00:00,2020-12-23,,JBL Quantum 100 Gaming Headset,4c58,19.06,mobile app,direct,desktop,GB,2020,2020-12,2020-12-22,2020-12-21/2020-12-27,2020Q4,2020,2020-12,2020-12-23,2020-12-21/2020-12-27,2020Q4
44855c0b,e092d1e728530803,2020-01-28 00:00:00,2020-01-31,,Nintendo Switch,e682,175.86,website,direct,desktop,GB,2020,2020-01,2020-01-28,2020-01-27/2020-02-02,2020Q1,2020,2020-01,2020-01-31,2020-01-27/2020-02-02,2020Q1
93324607,e0a6d3443c62473,2020-12-03 00:00:00,2020-12-04,,Dell Gaming Mouse,8d4f,49.26,mobile app,direct,desktop,MX,2020,2020-12,2020-12-03,2020-11-30/2020-12-06,2020Q4,2020,2020-12,2020-12-04,2020-11-30/2020-12-06,2020Q4
d1b2263c,e0e7670c99988521,2020-12-26 00:00:00,2020-12-28,,JBL Quantum 100 Gaming Headset,ab0f,22.18,website,direct,desktop,KR,2020,2020-12,2020-12-26,2020-12-21/2020-12-27,2020Q4,2020,2020-12,2020-12-28,2020-12-28/2021-01-03,2020Q4
5.14E+075,e0ee24a42123010,2020-12-15 00:00:00,2020-12-16,,Lenovo IdeaPad Gaming 3,04ac,1220.21,website,email,desktop,DK,2020,2020-12,2020-12-15,2020-12-14/2020-12-20,2020Q4,2020,2020-12,2020-12-16,2020-12-14/2020-12-20,2020Q4
f08c8ed3,e11898cff59101691,2020-12-02 00:00:00,2020-12-04,,Nintendo Switch,e682,156.24,website,email,desktop,CA,2020,2020-12,2020-12-02,2020-11-30/2020-12-06,2020Q4,2020,2020-12,2020-12-04,2020-11-30/2020-12-06,2020Q4
28f5b74c,e17df4735c119561,2020-12-18 00:00:00,2020-12-21,,27in 4K gaming monitor,e7e6,480.0,website,direct,desktop,IS,2020,2020-12,2020-12-18,2020-12-14/2020-12-20,2020Q4,2020,2020-12,2020-12-21,2020-12-21/2020-12-27,2020Q4
30480ca8,e199beafcd222621,2020-01-27 00:00:00,2020-01-28,,Nintendo Switch,8d0d,132.03,website,email,mobile,AU,2020,2020-01,2020-01-27,2020-01-27/2020-02-02,2020Q1,2020,2020-01,2020-01-28,2020-01-27/2020-02-02,2020Q1
b453a743,e19ebd65b3876425,2020-12-09 00:00:00,2020-12-12,,JBL Quantum 100 Gaming Headset,4c58,13.98,mobile app,direct,desktop,US,2020,2020-12,2020-12-09,2020-12-07/2020-12-13,2020Q4,2020,2020-12,2020-12-12,2020-12-07/2020-12-13,2020Q4
c015c35f,e1b2d48abe281334,2020-12-28 00:00:00,2020-12-31,,Nintendo Switch,e682,168.0,website,direct,desktop,AR,2020,2020-12,2020-12-28,2020-12-28/2021-01-03,2020Q4,2020,2020-12,2020-12-31,2020-12-28/2021-01-03,2020Q4
89d514ef,e1d3e0a591c58539,2020-12-16 00:00:00,2020-12-18,,27in 4K gaming monitor,e7e6,480.0,website,direct,desktop,US,2020,2020-12,2020-12-16,2020-12-14/2020-12-20,2020Q4,2020,2020-12,2020-12-18,2020-12-14/2020-12-20,2020Q4
3e44f6a5,e1d49b39bbb28236,2020-12-19 00:00:00,2020-12-20,,Nintendo Switch,e682,164.88,website,direct,desktop,DE,2020,2020-12,2020-12-19,2020-12-14/2020-12-20,2020Q4,2020,2020-12,2020-12-20,2020-12-14/2020-12-20,2020Q4
3e44f6a5,e1d49b39bbb28237,2020-12-19 00:00:00,2020-12-20,,Nintendo Switch,e682,164.88,website,direct,desktop,DE,2020,2020-12,2020-12-19,2020-12-14/2020-12-20,2020Q4,2020,2020-12,2020-12-20,2020-12-14/2020-12-20,2020Q4
9edfcdd0,e22507d82f067161,2020-12-03 00:00:00,2020-12-05,,Dell Gaming Mouse,8d4f,49.98,mobile app,direct,desktop,US,2020,2020-12,2020-12-03,2020-11-30/2020-12-06,2020Q4,2020,2020-12,2020-12-05,2020-11-30/2020-12-06,2020Q4
7d172948,e24ea80ca5453423,2020-12-05 00:00:00,2020-12-08,4/17/2024,Nintendo Switch,e682,150.61,website,direct,desktop,CA,2020,2020-12,2020-12-05,2020-11-30/2020-12-06,2020Q4,2020,2020-12,2020-12-08,2020-12-07/2020-12-13,2020Q4
c1cc9184,e27b225e94882024,2020-12-17 00:00:00,2020-12-20,,Nintendo Switch,8d0d,168.0,website,direct,desktop,US,2020,2020-12,2020-12-17,2020-12-14/2020-12-20,2020Q4,2020,2020-12,2020-12-20,2020-12-14/2020-12-20,2020Q4
1d3785c0,e2a6675d36214952,2020-12-07 00:00:00,2020-12-09,9/4/2022,Nintendo Switch,e682,49.05,website,direct,desktop,TR,2020,2020-12,2020-12-07,2020-12-07/2020-12-13,2020Q4,2020,2020-12,2020-12-09,2020-12-07/2020-12-13,2020Q4
1d3785c0,e2a6675d36214953,2020-12-07 00:00:00,2020-12-09,,Nintendo Switch,e682,49.05,website,direct,desktop,TR,2020,2020-12,2020-12-07,2020-12-07/2020-12-13,2020Q4,2020,2020-12,2020-12-09,2020-12-07/2020-12-13,2020Q4
76f2f7d0,e2a6851775650953,2020-12-13 00:00:00,2020-12-14,8/28/2023,Nintendo Switch,e682,168.0,website,email,desktop,HT,2020,2020-12,2020-12-13,2020-12-07/2020-12-13,2020Q4,2020,2020-12,2020-12-14,2020-12-14/2020-12-20,2020Q4
a5121a6b,e2ad33f3d9569890,2020-12-25 00:00:00,2020-12-28,9/30/2022,Nintendo Switch,8d0d,168.0,website,email,desktop,US,2020,2020-12,2020-12-25,2020-12-21/2020-12-27,2020Q4,2020,2020-12,2020-12-28,2020-12-28/2021-01-03,2020Q4
a5121a6b,e2ad33f3d9569891,2020-12-25 00:00:00,2020-12-28,10/20/2025,Nintendo Switch,8d0d,168.0,website,email,desktop,US,2020,2020-12,2020-12-25,2020-12-21/2020-12-27,2020Q4,2020,2020-12,2020-12-28,2020-12-28/2021-01-03,2020Q4
2e2b7f9a,e3012c5f09221709,2020-12-18 00:00:00,2020-12-21,,Nintendo Switch,e682,153.1,website,direct,desktop,CH,2020,2020-12,2020-12-18,2020-12-14/2020-12-20,2020Q4,2020,2020-12,2020-12-21,2020-12-21/2020-12-27,2020Q4
47e36dac,e3158c926e132128,2020-12-11 00:00:00,2020-12-12,4/14/2022,27in 4K gaming monitor,891b,480.0,website,direct,desktop,US,2020,2020-12,2020-12-11,2020-12-07/2020-12-13,2020Q4,2020,2020-12,2020-12-12,2020-12-07/2020-12-13,2020Q4
d74ac52e,e32f28e627990949,2020-12-18 00:00:00,2020-12-19,,27in 4K gaming monitor,891b,445.02,website,affiliate,unknown,US,2020,2020-12,2020-12-18,2020-12-14/2020-12-20,2020Q4,2020,2020-12,2020-12-19,2020-12-14/2020-12-20,2020Q4
d74ac52e,e32f28e627990950,2020-12-18 00:00:00,2020-12-19,,27in 4K gaming monitor,891b,445.02,website,affiliate,unknown,US,2020,2020-12,2020-12-18,2020-12-14/2020-12-20,2020Q4,2020,2020-12,2020-12-19,2020-12-14/2020-12-20,2020Q4
e6bdaf11,e341e26fad197473,2020-12-17 00:00:00,2020-12-19,,27in 4K gaming monitor,891b,473.95,website,direct,desktop,CH,2020,2020-12,2020-12-17,2020-12-14/2020-12-20,2020Q4,2020,2020-12,2020-12-19,2020-12-14/2020-12-20,2020Q4
59616bd1,e3dfebc754f39084,2020-12-14 00:00:00,2020-12-17,,27in 4K gaming monitor,e7e6,480.0,website,direct,desktop,US,2020,2020-12,2020-12-14,2020-12-14/2020-12-20,2020Q4,2020,2020-12,2020-12-17,2020-12-14/2020-12-20,2020Q4
28a8b8d2,e3ee09c1af519437,2020-12-01 00:00:00,2020-12-04,,Nintendo Switch,8d0d,168.0,website,email,desktop,US,2020,2020-12,2020-12-01,2020-11-30/2020-12-06,2020Q4,2020,2020-12,2020-12-04,2020-11-30/2020-12-06,2020Q4
28a8b8d2,e3ee09c1af519438,2020-12-01 00:00:00,2020-12-04,,Nintendo Switch,8d0d,168.0,website,email,desktop,US,2020,2020-12,2020-12-01,2020-11-30/2020-12-06,2020Q4,2020,2020-12,2020-12-04,2020-11-30/2020-12-06,2020Q4
a15e3d24,e410ab38e7b68260,2020-01-21 00:00:00,2020-01-24,,Nintendo Switch,e682,168.0,website,direct,desktop,US,2020,2020-01,2020-01-21,2020-01-20/2020-01-26,2020Q1,2020,2020-01,2020-01-24,2020-01-20/2020-01-26,2020Q1
7e568025,e4155e0d10953957,2020-12-06 00:00:00,2020-12-08,11/9/2025,Nintendo Switch,8d0d,168.0,website,affiliate,unknown,US,2020,2020-12,2020-12-06,2020-11-30/2020-12-06,2020Q4,2020,2020-12,2020-12-08,2020-12-07/2020-12-13,2020Q4
70de58bf,e4689fe7ddd48592,2020-01-28 00:00:00,2020-01-31,,JBL Quantum 100 Gaming Headset,ab0f,24.0,website,direct,desktop,BY,2020,2020-01,2020-01-28,2020-01-27/2020-02-02,2020Q1,2020,2020-01,2020-01-31,2020-01-27/2020-02-02,2020Q1
f0cf787f,e4a5e5ef629101803,2020-12-14 00:00:00,2020-12-15,1/18/2023,Nintendo Switch,e682,168.0,website,direct,desktop,CZ,2020,2020-12,2020-12-14,2020-12-14/2020-12-20,2020Q4,2020,2020-12,2020-12-15,2020-12-14/2020-12-20,2020Q4
eb77cf63,e4afa01a57299485,2020-12-09 00:00:00,2020-12-12,,27in 4K gaming monitor,e7e6,480.0,website,email,desktop,US,2020,2020-12,2020-12-09,2020-12-07/2020-12-13,2020Q4,2020,2020-12,2020-12-12,2020-12-07/2020-12-13,2020Q4
15c0809b,e4d672e6c7711844,2020-12-02 00:00:00,2020-12-05,,27in 4K gaming monitor,891b,340.08,website,direct,desktop,US,2020,2020-12,2020-12-02,2020-11-30/2020-12-06,2020Q4,2020,2020-12,2020-12-05,2020-11-30/2020-12-06,2020Q4
10730817,e4dfd70a610302,2020-12-04 00:00:00,2020-12-05,,27in 4K gaming monitor,e7e6,445.51,website,direct,desktop,CA,2020,2020-12,2020-12-04,2020-11-30/2020-12-06,2020Q4,2020,2020-12,2020-12-05,2020-11-30/2020-12-06,2020Q4
ed1ac502,e51528c4dfd100160,2020-12-09 00:00:00,2020-12-10,,Nintendo Switch,8d0d,168.0,website,direct,desktop,IS,2020,2020-12,2020-12-09,2020-12-07/2020-12-13,2020Q4,2020,2020-12,2020-12-10,2020-12-07/2020-12-13,2020Q4
bc935106,e5168a9c2f379827,2020-12-25 00:00:00,2020-12-27,,Nintendo Switch,e682,168.0,website,direct,desktop,US,2020,2020-12,2020-12-25,2020-12-21/2020-12-27,2020Q4,2020,2020-12,2020-12-27,2020-12-21/2020-12-27,2020Q4
7de32c7c,e5673ad22c453768,2020-01-24 00:00:00,2020-01-27,,Nintendo Switch,e682,168.0,website,direct,desktop,US,2020,2020-01,2020-01-24,2020-01-20/2020-01-26,2020Q1,2020,2020-01,2020-01-27,2020-01-27/2020-02-02,2020Q1
2d14ac1e,e56d6e51dc221247,2020-12-04 00:00:00,2020-12-07,,27in 4K gaming monitor,e7e6,307.98,website,email,desktop,MX,2020,2020-12,2020-12-04,2020-11-30/2020-12-06,2020Q4,2020,2020-12,2020-12-07,2020-12-07/2020-12-13,2020Q4
79a7ebd3,e58cda7452c51982,2020-12-01 00:00:00,2020-12-02,5/14/2022,Nintendo Switch,8d0d,168.0,website,direct,desktop,US,2020,2020-12,2020-12-01,2020-11-30/2020-12-06,2020Q4,2020,2020-12,2020-12-02,2020-11-30/2020-12-06,2020Q4
fd5574ab,e5c64fcd689107006,2020-12-02 00:00:00,2020-12-03,,JBL Quantum 100 Gaming Headset,ab0f,6.11,website,direct,desktop,TR,2020,2020-12,2020-12-02,2020-11-30/2020-12-06,2020Q4,2020,2020-12,2020-12-03,2020-11-30/2020-12-06,2020Q4
27d73f4d,e5ff51e013019130,2020-12-15 00:00:00,2020-12-17,,27in 4K gaming monitor,891b,480.0,website,direct,desktop,US,2020,2020-12,2020-12-15,2020-12-14/2020-12-20,2020Q4,2020,2020-12,2020-12-17,2020-12-14/2020-12-20,2020Q4
27d73f4d,e5ff51e013019131,2020-12-15 00:00:00,2020-12-17,,27in 4K gaming monitor,891b,480.0,website,direct,desktop,US,2020,2020-12,2020-12-15,2020-12-14/2020-12-20,2020Q4,2020,2020-12,2020-12-17,2020-12-14/2020-12-20,2020Q4
74160c3e,e61377b43af49852,2020-12-23 00:00:00,2020-12-24,,JBL Quantum 100 Gaming Headset,4c58,34.86,mobile app,direct,desktop,SE,2020,2020-12,2020-12-23,2020-12-21/2020-12-27,2020Q4,2020,2020-12,2020-12-24,2020-12-21/2020-12-27,2020Q4
74160c3e,e61377b43af49853,2020-12-23 00:00:00,2020-12-24,,JBL Quantum 100 Gaming Headset,4c58,34.86,mobile app,direct,desktop,SE,2020,2020-12,2020-12-23,2020-12-21/2020-12-27,2020Q4,2020,2020-12,2020-12-24,2020-12-21/2020-12-27,2020Q4
cd42bc75,e62ec37bf6786682,2020-12-30 00:00:00,2020-12-31,,Dell Gaming Mouse,f81e,49.98,mobile app,email,desktop,US,2020,2020-12,2020-12-30,2020-12-28/2021-01-03,2020Q4,2020,2020-12,2020-12-31,2020-12-28/2021-01-03,2020Q4
b40f48f8,e646b081ceb76314,2020-12-18 00:00:00,2020-12-20,1/3/2023,Nintendo Switch,e682,168.0,website,direct,desktop,BG,2020,2020-12,2020-12-18,2020-12-14/2020-12-20,2020Q4,2020,2020-12,2020-12-20,2020-12-14/2020-12-20,2020Q4
4720b238,e6f1faa749d31853,2020-12-21 00:00:00,2020-12-24,,JBL Quantum 100 Gaming Headset,ab0f,19.92,website,direct,desktop,CA,2020,2020-12,2020-12-21,2020-12-21/2020-12-27,2020Q4,2020,2020-12,2020-12-24,2020-12-21/2020-12-27,2020Q4
408ef2e4,e7128a9f4e629201,2020-01-23 00:00:00,2020-01-26,,27in 4K gaming monitor,e7e6,480.0,website,direct,desktop,MY,2020,2020-01,2020-01-23,2020-01-20/2020-01-26,2020Q1,2020,2020-01,2020-01-26,2020-01-20/2020-01-26,2020Q1
408ef2e4,e7128a9f4e629201,2020-01-23 00:00:00,2020-01-26,,27in 4K gaming monitor,e7e6,480.0,website,direct,desktop,MY,2020,2020-01,2020-01-23,2020-01-20/2020-01-26,2020Q1,2020,2020-01,2020-01-26,2020-01-20/2020-01-26,2020Q1
c4ce1107,e7540b36f8683296,2020-01-25 00:00:00,2020-01-26,1/5/2022,Nintendo Switch,8d0d,142.8,website,email,mobile,US,2020,2020-01,2020-01-25,2020-01-20/2020-01-26,2020Q1,2020,2020-01,2020-01-26,2020-01-20/2020-01-26,2020Q1
cdce9574,e75804bb9e186930,2020-12-05 00:00:00,2020-12-08,,JBL Quantum 100 Gaming Headset,ab0f,24.0,website,direct,desktop,IN,2020,2020-12,2020-12-05,2020-11-30/2020-12-06,2020Q4,2020,2020-12,2020-12-08,2020-12-07/2020-12-13,2020Q4
fc1de2aa,e795fd3cb98106492,2020-12-27 00:00:00,2020-12-30,,JBL Quantum 100 Gaming Headset,4c58,23.98,mobile app,direct,desktop,US,2020,2020-12,2020-12-27,2020-12-21/2020-12-27,2020Q4,2020,2020-12,2020-12-30,2020-12-28/2021-01-03,2020Q4
b6f07320,e79959b9b3977521,2020-12-08 00:00:00,2020-12-09,,JBL Quantum 100 Gaming Headset,ab0f,24.0,website,direct,desktop,US,2020,2020-12,2020-12-08,2020-12-07/2020-12-13,2020Q4,2020,2020-12,2020-12-09,2020-12-07/2020-12-13,2020Q4
78ccc0b6,e7a3039ee7851663,2020-12-25 00:00:00,2020-12-27,,Nintendo Switch,e682,168.0,website,direct,desktop,US,2020,2020-12,2020-12-25,2020-12-21/2020-12-27,2020Q4,2020,2020-12,2020-12-27,2020-12-21/2020-12-27,2020Q4
442d715a,e7b34f1d39330681,2020-12-20 00:00:00,2020-12-22,,27in 4K gaming monitor,e7e6,428.18,website,email,desktop,RU,2020,2020-12,2020-12-20,2020-12-14/2020-12-20,2020Q4,2020,2020-12,2020-12-22,2020-12-21/2020-12-27,2020Q4
bed9eea0,e7bd1e3c03180809,2020-12-23 00:00:00,2020-12-25,,Dell Gaming Mouse,8d4f,59.72,mobile app,direct,desktop,FR,2020,2020-12,2020-12-23,2020-12-21/2020-12-27,2020Q4,2020,2020-12,2020-12-25,2020-12-21/2020-12-27,2020Q4
327be286,e7ce8a75d3123500,2020-01-29 00:00:00,2020-01-31,,Dell Gaming Mouse,b0ee,49.98,mobile app,direct,desktop,US,2020,2020-01,2020-01-29,2020-01-27/2020-02-02,2020Q1,2020,2020-01,2020-01-31,2020-01-27/2020-02-02,2020Q1
4e14d932,e7d511914b434660,2020-12-22 00:00:00,2020-12-24,12/1/2022,Sony PlayStation 5 Bundle,54ed,1393.84,website,direct,desktop,US,2020,2020-12,2020-12-22,2020-12-21/2020-12-27,2020Q4,2020,2020-12,2020-12-24,2020-12-21/2020-12-27,2020Q4
a74e06c1,e858786d4dc70884,2020-12-05 00:00:00,2020-12-07,,JBL Quantum 100 Gaming Headset,ab0f,24.0,website,direct,desktop,US,2020,2020-12,2020-12-05,2020-11-30/2020-12-06,2020Q4,2020,2020-12,2020-12-07,2020-12-07/2020-12-13,2020Q4
343cb7f6,e89f16c716f24184,2020-12-18 00:00:00,2020-12-19,,27in 4K gaming monitor,e7e6,480.0,website,direct,desktop,US,2020,2020-12,2020-12-18,2020-12-14/2020-12-20,2020Q4,2020,2020-12,2020-12-19,2020-12-14/2020-12-20,2020Q4
3d71e566,e8f7b2a16f327884,2020-12-19 00:00:00,2020-12-21,,Lenovo IdeaPad Gaming 3,9ef0,1198.0,website,direct,desktop,US,2020,2020-12,2020-12-19,2020-12-14/2020-12-20,2020Q4,2020,2020-12,2020-12-21,2020-12-21/2020-12-27,2020Q4
030d55ce,e92e2e5a0794422,2020-12-20 00:00:00,2020-12-23,,Nintendo Switch,8d0d,168.0,website,direct,desktop,US,2020,2020-12,2020-12-20,2020-12-14/2020-12-20,2020Q4,2020,2020-12,2020-12-23,2020-12-21/2020-12-27,2020Q4
0a2df4ff,e95618271237180,2020-12-22 00:00:00,2020-12-25,,27in 4K gaming monitor,891b,403.4,website,direct,desktop,AR,2020,2020-12,2020-12-22,2020-12-21/2020-12-27,2020Q4,2020,2020-12,2020-12-25,2020-12-21/2020-12-27,2020Q4
cf338a59,e9578cfdaf787578,2020-01-23 00:00:00,2020-01-26,,JBL Quantum 100 Gaming Headset,ab0f,21.6,website,direct,desktop,DE,2020,2020-01,2020-01-23,2020-01-20/2020-01-26,2020Q1,2020,2020-01,2020-01-26,2020-01-20/2020-01-26,2020Q1
cf338a59,e9578cfdaf787579,2020-01-23 00:00:00,2020-01-26,,JBL Quantum 100 Gaming Headset,ab0f,21.6,website,direct,desktop,DE,2020,2020-01,2020-01-23,2020-01-20/2020-01-26,2020Q1,2020,2020-01,2020-01-26,2020-01-20/2020-01-26,2020Q1
4b947adb,e9b71c3b91b33594,2020-12-12 00:00:00,2020-12-14,9/7/2023,Nintendo Switch,8d0d,168.0,website,affiliate,unknown,US,2020,2020-12,2020-12-12,2020-12-07/2020-12-13,2020Q4,2020,2020-12,2020-12-14,2020-12-14/2020-12-20,2020Q4
4b947adb,e9b71c3b91b33595,2020-12-12 00:00:00,2020-12-14,9/27/2022,Nintendo Switch,8d0d,168.0,website,affiliate,unknown,US,2020,2020-12,2020-12-12,2020-12-07/2020-12-13,2020Q4,2020,2020-12,2020-12-14,2020-12-14/2020-12-20,2020Q4
fac11fad,e9bccf48e7b105948,2020-12-22 00:00:00,2020-12-23,,JBL Quantum 100 Gaming Headset,8315,23.58,mobile app,email,desktop,US,2020,2020-12,2020-12-22,2020-12-21/2020-12-27,2020Q4,2020,2020-12,2020-12-23,2020-12-21/2020-12-27,2020Q4
692c7649,e9f7eb783d145404,2020-12-14 00:00:00,2020-12-15,5/20/2023,27in 4K gaming monitor,891b,439.2,website,direct,desktop,ES,2020,2020-12,2020-12-14,2020-12-14/2020-12-20,2020Q4,2020,2020-12,2020-12-15,2020-12-14/2020-12-20,2020Q4
e4ed5222,ea82bd8c64096692,2020-12-08 00:00:00,2020-12-11,,27in 4K gaming monitor,891b,432.0,website,direct,desktop,US,2020,2020-12,2020-12-08,2020-12-07/2020-12-13,2020Q4,2020,2020-12,2020-12-11,2020-12-07/2020-12-13,2020Q4
929c05c5,ea9ea542b7a62189,2020-01-27 00:00:00,2020-01-29,,Nintendo Switch,8d0d,150.21,website,direct,desktop,KR,2020,2020-01,2020-01-27,2020-01-27/2020-02-02,2020Q1,2020,2020-01,2020-01-29,2020-01-27/2020-02-02,2020Q1
1f902dd7,eab15b2aae415921,2020-12-02 00:00:00,2020-12-03,,Nintendo Switch,e682,144.17,website,direct,desktop,AU,2020,2020-12,2020-12-02,2020-11-30/2020-12-06,2020Q4,2020,2020-12,2020-12-03,2020-11-30/2020-12-06,2020Q4
364b2ecc,eacaf7c9efd24973,2020-12-09 00:00:00,2020-12-11,,Nintendo Switch,8d0d,168.0,website,direct,desktop,US,2020,2020-12,2020-12-09,2020-12-07/2020-12-13,2020Q4,2020,2020-12,2020-12-11,2020-12-07/2020-12-13,2020Q4
57e1a21c,eb2cd492aa338497,2020-12-31 00:00:00,2021-01-03,,27in 4K gaming monitor,e7e6,480.0,website,direct,desktop,US,2020,2020-12,2020-12-31,2020-12-28/2021-01-03,2020Q4,2021,2021-01,2021-01-03,2020-12-28/2021-01-03,2021Q1
9df13935,eb5fca0654a66762,2020-12-06 00:00:00,2020-12-08,,JBL Quantum 100 Gaming Headset,ab0f,24.0,website,direct,desktop,US,2020,2020-12,2020-12-06,2020-11-30/2020-12-06,2020Q4,2020,2020-12,2020-12-08,2020-12-07/2020-12-13,2020Q4
2c0eb315,eb675a4e5d120843,2020-01-21 00:00:00,2020-01-24,,Nintendo Switch,8d0d,168.0,website,direct,desktop,US,2020,2020-01,2020-01-21,2020-01-20/2020-01-26,2020Q1,2020,2020-01,2020-01-24,2020-01-20/2020-01-26,2020Q1
07c7c6f3,eb93fc014236250,2020-12-24 00:00:00,2020-12-25,,27in 4K gaming monitor,e7e6,480.0,website,direct,desktop,US,2020,2020-12,2020-12-24,2020-12-21/2020-12-27,2020Q4,2020,2020-12,2020-12-25,2020-12-21/2020-12-27,2020Q4
98fe445f,eb9be6594d564736,2020-12-27 00:00:00,2020-12-29,8/16/2023,27in 4K gaming monitor,891b,139.98,website,direct,desktop,TR,2020,2020-12,2020-12-27,2020-12-21/2020-12-27,2020Q4,2020,2020-12,2020-12-29,2020-12-28/2021-01-03,2020Q4
4639721,ebd5c5c27d6150,2020-12-15 00:00:00,2020-12-16,,Nintendo Switch,e682,168.0,website,direct,desktop,US,2020,2020-12,2020-12-15,2020-12-14/2020-12-20,2020Q4,2020,2020-12,2020-12-16,2020-12-14/2020-12-20,2020Q4
8f9db927,ebdbdbd174560974,2020-12-06 00:00:00,2020-12-09,,Acer Nitro V Gaming Laptop,22ea,798.0,website,direct,desktop,US,2020,2020-12,2020-12-06,2020-11-30/2020-12-06,2020Q4,2020,2020-12,2020-12-09,2020-12-07/2020-12-13,2020Q4
b85cb661,ebfb5eb98f478099,2020-12-27 00:00:00,2020-12-30,,Nintendo Switch,8d0d,204.43,website,direct,desktop,IL,2020,2020-12,2020-12-27,2020-12-21/2020-12-27,2020Q4,2020,2020-12,2020-12-30,2020-12-28/2021-01-03,2020Q4
099d8be7,ec21fb7726e6954,2020-01-27 00:00:00,2020-01-28,,27in 4K gaming monitor,891b,407.22,website,direct,desktop,DE,2020,2020-01,2020-01-27,2020-01-27/2020-02-02,2020Q1,2020,2020-01,2020-01-28,2020-01-27/2020-02-02,2020Q1
099d8be7,ec21fb7726e6954,2020-01-27 00:00:00,2020-01-28,,27in 4K gaming monitor,891b,407.22,website,direct,desktop,DE,2020,2020-01,2020-01-27,2020-01-27/2020-02-02,2020Q1,2020,2020-01,2020-01-28,2020-01-27/2020-02-02,2020Q1
f0050959,ec59412c5f1101413,2020-12-23 00:00:00,2020-12-25,,JBL Quantum 100 Gaming Headset,ab0f,24.0,website,direct,desktop,US,2020,2020-12,2020-12-23,2020-12-21/2020-12-27,2020Q4,2020,2020-12,2020-12-25,2020-12-21/2020-12-27,2020Q4
acac53d8,ec9a610c87973158,2020-12-22 00:00:00,2020-12-23,,Lenovo IdeaPad Gaming 3,04ac,1198.0,website,direct,desktop,US,2020,2020-12,2020-12-22,2020-12-21/2020-12-27,2020Q4,2020,2020-12,2020-12-23,2020-12-21/2020-12-27,2020Q4
acac53d8,ec9a610c87973159,2020-12-22 00:00:00,2020-12-23,,Lenovo IdeaPad Gaming 3,04ac,1198.0,website,direct,desktop,US,2020,2020-12,2020-12-22,2020-12-21/2020-12-27,2020Q4,2020,2020-12,2020-12-23,2020-12-21/2020-12-27,2020Q4
ec5a06fb,ecc9678836c99863,2020-12-11 00:00:00,2020-12-13,,27in 4K gaming monitor,e7e6,480.0,website,organic,,US,2020,2020-12,2020-12-11,2020-12-07/2020-12-13,2020Q4,2020,2020-12,2020-12-13,2020-12-07/2020-12-13,2020Q4
58328657,ecd8532446f1544,2020-12-16 00:00:00,2020-12-18,,JBL Quantum 100 Gaming Headset,ab0f,23.24,website,direct,desktop,DE,2020,2020-12,2020-12-16,2020-12-14/2020-12-20,2020Q4,2020,2020-12,2020-12-18,2020-12-14/2020-12-20,2020Q4
d021193a,ece68f6887787928,2020-12-27 00:00:00,2020-12-29,,27in 4K gaming monitor,891b,450.86,website,direct,desktop,NL,2020,2020-12,2020-12-27,2020-12-21/2020-12-27,2020Q4,2020,2020-12,2020-12-29,2020-12-28/2021-01-03,2020Q4
044e2e18,ed168a7d52f4885,2020-12-18 00:00:00,2020-12-20,,JBL Quantum 100 Gaming Headset,ab0f,24.0,website,direct,desktop,US,2020,2020-12,2020-12-18,2020-12-14/2020-12-20,2020Q4,2020,2020-12,2020-12-20,2020-12-14/2020-12-20,2020Q4
044e2e18,ed168a7d52f4887,2020-12-18 00:00:00,2020-12-20,,JBL Quantum 100 Gaming Headset,ab0f,24.0,website,direct,desktop,US,2020,2020-12,2020-12-18,2020-12-14/2020-12-20,2020Q4,2020,2020-12,2020-12-20,2020-12-14/2020-12-20,2020Q4
420eb963,ed34bf17dd929807,2020-12-31 00:00:00,2021-01-03,,Lenovo IdeaPad Gaming 3,04ac,958.4,website,direct,desktop,US,2020,2020-12,2020-12-31,2020-12-28/2021-01-03,2020Q4,2021,2021-01,2021-01-03,2020-12-28/2021-01-03,2021Q1
420eb963,ed34bf17dd929808,2020-12-31 00:00:00,2021-01-03,,Lenovo IdeaPad Gaming 3,04ac,958.4,website,direct,desktop,US,2020,2020-12,2020-12-31,2020-12-28/2021-01-03,2020Q4,2021,2021-01,2021-01-03,2020-12-28/2021-01-03,2021Q1
c0d8e452,ed4cac1c75b81673,2020-12-14 00:00:00,2020-12-17,9/16/2023,Nintendo Switch,e682,168.0,website,direct,desktop,US,2020,2020-12,2020-12-14,2020-12-14/2020-12-20,2020Q4,2020,2020-12,2020-12-17,2020-12-14/2020-12-20,2020Q4
4be31d78,eda5b55ec7433748,2020-12-26 00:00:00,2020-12-27,12/4/2021,27in 4K gaming monitor,891b,285.68,website,direct,desktop,PL,2020,2020-12,2020-12-26,2020-12-21/2020-12-27,2020Q4,2020,2020-12,2020-12-27,2020-12-21/2020-12-27,2020Q4
ada06dc9,eddcf8739eb73579,2020-12-10 00:00:00,2020-12-13,,JBL Quantum 100 Gaming Headset,ab0f,20.46,website,direct,desktop,RU,2020,2020-12,2020-12-10,2020-12-07/2020-12-13,2020Q4,2020,2020-12,2020-12-13,2020-12-07/2020-12-13,2020Q4
595699ae,ee117d26d0039067,2020-12-11 00:00:00,2020-12-13,5/25/2021,27in 4K gaming monitor,891b,124.64,website,email,desktop,US,2020,2020-12,2020-12-11,2020-12-07/2020-12-13,2020Q4,2020,2020-12,2020-12-13,2020-12-07/2020-12-13,2020Q4
85a7e99a,ee1a8c96c1056850,2020-12-26 00:00:00,2020-12-27,,Sony PlayStation 5 Bundle,54ed,1530.0,website,direct,desktop,US,2020,2020-12,2020-12-26,2020-12-21/2020-12-27,2020Q4,2020,2020-12,2020-12-27,2020-12-21/2020-12-27,2020Q4
85a7e99a,ee1a8c96c1056851,2020-12-26 00:00:00,2020-12-27,,Sony PlayStation 5 Bundle,54ed,1530.0,website,direct,desktop,US,2020,2020-12,2020-12-26,2020-12-21/2020-12-27,2020Q4,2020,2020-12,2020-12-27,2020-12-21/2020-12-27,2020Q4
93f4a64b,ee39d520fd662729,2020-12-10 00:00:00,2020-12-13,,Nintendo Switch,e682,168.0,website,direct,desktop,US,2020,2020-12,2020-12-10,2020-12-07/2020-12-13,2020Q4,2020,2020-12,2020-12-13,2020-12-07/2020-12-13,2020Q4
6f77d899,ee3cb457bfe48057,2020-12-02 00:00:00,2020-12-03,3/11/2024,27in 4K gaming monitor,e7e6,480.0,website,direct,desktop,US,2020,2020-12,2020-12-02,2020-11-30/2020-12-06,2020Q4,2020,2020-12,2020-12-03,2020-11-30/2020-12-06,2020Q4
a26f7ddd,ee9380b2cc068701,2020-12-03 00:00:00,2020-12-06,,Dell Gaming Mouse,8d4f,64.25,mobile app,email,desktop,GB,2020,2020-12,2020-12-03,2020-11-30/2020-12-06,2020Q4,2020,2020-12,2020-12-06,2020-11-30/2020-12-06,2020Q4
5d63c6d7,eeb7edfbc0e40718,2020-12-12 00:00:00,2020-12-13,,Nintendo Switch,8d0d,154.75,website,direct,desktop,CA,2020,2020-12,2020-12-12,2020-12-07/2020-12-13,2020Q4,2020,2020-12,2020-12-13,2020-12-07/2020-12-13,2020Q4
ebaa9d56,ef135188ee999555,2020-12-11 00:00:00,2020-12-14,,Sony PlayStation 5 Bundle,54ed,1551.01,website,direct,desktop,RU,2020,2020-12,2020-12-11,2020-12-07/2020-12-13,2020Q4,2020,2020-12,2020-12-14,2020-12-14/2020-12-20,2020Q4
4b083750,ef2db51b18533360,2020-12-12 00:00:00,2020-12-14,7/27/2022,Nintendo Switch,e682,160.34,website,direct,desktop,DE,2020,2020-12,2020-12-12,2020-12-07/2020-12-13,2020Q4,2020,2020-12,2020-12-14,2020-12-14/2020-12-20,2020Q4
4b083750,ef2db51b18533361,2020-12-12 00:00:00,2020-12-14,,Nintendo Switch,e682,160.34,website,direct,desktop,DE,2020,2020-12,2020-12-12,2020-12-07/2020-12-13,2020Q4,2020,2020-12,2020-12-14,2020-12-14/2020-12-20,2020Q4
8ea2ce92,efada1e940e60569,2020-01-23 00:00:00,2020-01-25,,Nintendo Switch,8d0d,135.84,website,direct,desktop,AU,2020,2020-01,2020-01-23,2020-01-20/2020-01-26,2020Q1,2020,2020-01,2020-01-25,2020-01-20/2020-01-26,2020Q1
fdf31437,efb60a323b7107282,2020-12-10 00:00:00,2020-12-11,3/14/2022,Nintendo Switch,8e5d,168.48,mobile app,email,desktop,US,2020,2020-12,2020-12-10,2020-12-07/2020-12-13,2020Q4,2020,2020-12,2020-12-11,2020-12-07/2020-12-13,2020Q4
d23347d6,efd71a3157f88729,2020-01-31 00:00:00,2020-02-02,,JBL Quantum 100 Gaming Headset,ab0f,18.27,website,direct,desktop,CA,2020,2020-01,2020-01-31,2020-01-27/2020-02-02,2020Q1,2020,2020-02,2020-02-02,2020-01-27/2020-02-02,2020Q1
e03db009,eff217beb2c94810,2020-12-14 00:00:00,2020-12-15,,27in 4K gaming monitor,891b,448.88,website,direct,desktop,CA,2020,2020-12,2020-12-14,2020-12-14/2020-12-20,2020Q4,2020,2020-12,2020-12-15,2020-12-14/2020-12-20,2020Q4
c1f6296e,f04cd88440f82094,2020-12-21 00:00:00,2020-12-24,12/7/2022,JBL Quantum 100 Gaming Headset,ab0f,24.0,website,direct,desktop,US,2020,2020-12,2020-12-21,2020-12-21/2020-12-27,2020Q4,2020,2020-12,2020-12-24,2020-12-21/2020-12-27,2020Q4
847c7dfb,f063fb91b9756358,2020-12-05 00:00:00,2020-12-07,,27in 4K gaming monitor,e7e6,480.0,website,direct,desktop,US,2020,2020-12,2020-12-05,2020-11-30/2020-12-06,2020Q4,2020,2020-12,2020-12-07,2020-12-07/2020-12-13,2020Q4
bbffbf33,f086b071dc479599,2020-12-19 00:00:00,2020-12-20,,Dell Gaming Mouse,8d4f,62.45,mobile app,direct,desktop,AU,2020,2020-12,2020-12-19,2020-12-14/2020-12-20,2020Q4,2020,2020-12,2020-12-20,2020-12-14/2020-12-20,2020Q4
d0f1023b,f0bf3c2607988225,2020-12-11 00:00:00,2020-12-12,,27in 4K gaming monitor,891b,408.0,website,direct,desktop,IN,2020,2020-12,2020-12-11,2020-12-07/2020-12-13,2020Q4,2020,2020-12,2020-12-12,2020-12-07/2020-12-13,2020Q4
56f67134,f0cf58b753b38168,2020-12-11 00:00:00,2020-12-13,,Nintendo Switch,e682,168.0,website,direct,desktop,US,2020,2020-12,2020-12-11,2020-12-07/2020-12-13,2020Q4,2020,2020-12,2020-12-13,2020-12-07/2020-12-13,2020Q4
e413eb6d,f0d9612765296335,2020-12-31 00:00:00,2021-01-01,,Nintendo Switch,e682,188.15,website,direct,desktop,GB,2020,2020-12,2020-12-31,2020-12-28/2021-01-03,2020Q4,2021,2021-01,2021-01-01,2020-12-28/2021-01-03,2021Q1
3e23ac5d,f0ec579d5e828166,2020-12-13 00:00:00,2020-12-16,,Lenovo IdeaPad Gaming 3,04ac,1198.0,website,direct,desktop,US,2020,2020-12,2020-12-13,2020-12-07/2020-12-13,2020Q4,2020,2020-12,2020-12-16,2020-12-14/2020-12-20,2020Q4
aba4798c,f0f20021e1572772,2020-12-12 00:00:00,2020-12-15,,Dell Gaming Mouse,8d4f,49.98,mobile app,email,desktop,US,2020,2020-12,2020-12-12,2020-12-07/2020-12-13,2020Q4,2020,2020-12,2020-12-15,2020-12-14/2020-12-20,2020Q4
aba4798c,f0f20021e1572773,2020-12-12 00:00:00,2020-12-15,,Dell Gaming Mouse,8d4f,49.98,mobile app,email,desktop,US,2020,2020-12,2020-12-12,2020-12-07/2020-12-13,2020Q4,2020,2020-12,2020-12-15,2020-12-14/2020-12-20,2020Q4
863f4df7,f0f932cb33f57104,2020-12-25 00:00:00,2020-12-28,,Dell Gaming Mouse,f81e,49.98,mobile app,email,desktop,US,2020,2020-12,2020-12-25,2020-12-21/2020-12-27,2020Q4,2020,2020-12,2020-12-28,2020-12-28/2021-01-03,2020Q4
9877e5f9,f109bbe8d3764515,2020-12-17 00:00:00,2020-12-20,,Nintendo Switch,8d0d,152.04,website,email,desktop,CA,2020,2020-12,2020-12-17,2020-12-14/2020-12-20,2020Q4,2020,2020-12,2020-12-20,2020-12-14/2020-12-20,2020Q4
9877e5f9,f109bbe8d3764516,2020-12-17 00:00:00,2020-12-20,,Nintendo Switch,8d0d,152.04,website,email,desktop,CA,2020,2020-12,2020-12-17,2020-12-14/2020-12-20,2020Q4,2020,2020-12,2020-12-20,2020-12-14/2020-12-20,2020Q4
267f51dd,f1442832cfb18589,2020-12-24 00:00:00,2020-12-27,3/19/2025,Nintendo Switch,8d0d,184.9,website,direct,desktop,GB,2020,2020-12,2020-12-24,2020-12-21/2020-12-27,2020Q4,2020,2020-12,2020-12-27,2020-12-21/2020-12-27,2020Q4
267f51dd,f1442832cfb18590,2020-12-24 00:00:00,2020-12-27,,Nintendo Switch,8d0d,184.9,website,direct,desktop,GB,2020,2020-12,2020-12-24,2020-12-21/2020-12-27,2020Q4,2020,2020-12,2020-12-27,2020-12-21/2020-12-27,2020Q4
6e49472b,f228dcab80b47598,2020-12-19 00:00:00,2020-12-22,,JBL Quantum 100 Gaming Headset,4db1,23.98,mobile app,email,desktop,US,2020,2020-12,2020-12-19,2020-12-14/2020-12-20,2020Q4,2020,2020-12,2020-12-22,2020-12-21/2020-12-27,2020Q4
6e49472b,f228dcab80b47599,2020-12-19 00:00:00,2020-12-22,,JBL Quantum 100 Gaming Headset,4db1,23.98,mobile app,email,desktop,US,2020,2020-12,2020-12-19,2020-12-14/2020-12-20,2020Q4,2020,2020-12,2020-12-22,2020-12-21/2020-12-27,2020Q4
f9f71e9f,f2b06f64d89105619,2020-12-30 00:00:00,2021-01-01,4/28/2023,Nintendo Switch,8d0d,181.02,website,direct,desktop,GB,2020,2020-12,2020-12-30,2020-12-28/2021-01-03,2020Q4,2021,2021-01,2021-01-01,2020-12-28/2021-01-03,2021Q1
f9f71e9f,f2b06f64d89105620,2020-12-30 00:00:00,2021-01-01,7/8/2025,Nintendo Switch,8d0d,181.02,website,direct,desktop,GB,2020,2020-12,2020-12-30,2020-12-28/2021-01-03,2020Q4,2021,2021-01,2021-01-01,2020-12-28/2021-01-03,2021Q1
1c3c7150,f2fa8f087d414525,2020-12-04 00:00:00,2020-12-07,,Dell Gaming Mouse,f81e,49.98,mobile app,email,desktop,AR,2020,2020-12,2020-12-04,2020-11-30/2020-12-06,2020Q4,2020,2020-12,2020-12-07,2020-12-07/2020-12-13,2020Q4
2e111f67,f3152d4dc3321668,2020-12-04 00:00:00,2020-12-05,,Nintendo Switch,e682,179.22,website,direct,desktop,GB,2020,2020-12,2020-12-04,2020-11-30/2020-12-06,2020Q4,2020,2020-12,2020-12-05,2020-11-30/2020-12-06,2020Q4
cbf5bc7f,f3168a3fa6386178,2020-12-27 00:00:00,2020-12-29,,JBL Quantum 100 Gaming Headset,ab0f,23.87,website,direct,desktop,ES,2020,2020-12,2020-12-27,2020-12-21/2020-12-27,2020Q4,2020,2020-12,2020-12-29,2020-12-28/2021-01-03,2020Q4
b88cae09,f339105441178170,2020-12-07 00:00:00,2020-12-09,,JBL Quantum 100 Gaming Headset,ab0f,24.0,website,direct,desktop,US,2020,2020-12,2020-12-07,2020-12-07/2020-12-13,2020Q4,2020,2020-12,2020-12-09,2020-12-07/2020-12-13,2020Q4
25acfaa0,f339e4545fe18231,2020-12-04 00:00:00,2020-12-06,,Sony PlayStation 5 Bundle,54ed,1951.98,website,direct,desktop,ES,2020,2020-12,2020-12-04,2020-11-30/2020-12-06,2020Q4,2020,2020-12,2020-12-06,2020-11-30/2020-12-06,2020Q4
231a8a05,f34855c49d917208,2020-01-20 00:00:00,2020-01-23,,Nintendo Switch,8d0d,168.0,website,direct,desktop,RO,2020,2020-01,2020-01-20,2020-01-20/2020-01-26,2020Q1,2020,2020-01,2020-01-23,2020-01-20/2020-01-26,2020Q1
c7b2cb8a,f369453f9e784486,2020-12-13 00:00:00,2020-12-16,,27in 4K gaming monitor,891b,302.64,website,direct,desktop,CA,2020,2020-12,2020-12-13,2020-12-07/2020-12-13,2020Q4,2020,2020-12,2020-12-16,2020-12-14/2020-12-20,2020Q4
7a7291af,f380ac8190152314,2020-12-19 00:00:00,2020-12-21,,Dell Gaming Mouse,f81e,49.98,mobile app,email,desktop,US,2020,2020-12,2020-12-19,2020-12-14/2020-12-20,2020Q4,2020,2020-12,2020-12-21,2020-12-21/2020-12-27,2020Q4
716b8658,f385ec9a2bd48784,2020-12-24 00:00:00,2020-12-26,,Nintendo Switch,e682,168.0,website,email,desktop,AZ,2020,2020-12,2020-12-24,2020-12-21/2020-12-27,2020Q4,2020,2020-12,2020-12-26,2020-12-21/2020-12-27,2020Q4
4efbd5ce,f38e09e867835031,2020-12-02 00:00:00,2020-12-05,,JBL Quantum 100 Gaming Headset,ab0f,21.49,website,direct,desktop,KR,2020,2020-12,2020-12-02,2020-11-30/2020-12-06,2020Q4,2020,2020-12,2020-12-05,2020-11-30/2020-12-06,2020Q4
052c1e82,f38faf022b25230,2020-01-30 00:00:00,2020-02-01,,27in 4K gaming monitor,891b,445.58,website,direct,desktop,US,2020,2020-01,2020-01-30,2020-01-27/2020-02-02,2020Q1,2020,2020-02,2020-02-01,2020-01-27/2020-02-02,2020Q1
052c1e82,f38faf022b25230,2020-01-30 00:00:00,2020-02-01,,27in 4K gaming monitor,891b,445.58,website,direct,desktop,US,2020,2020-01,2020-01-30,2020-01-27/2020-02-02,2020Q1,2020,2020-02,2020-02-01,2020-01-27/2020-02-02,2020Q1
f80f7517,f3a0ba9ba4e104796,2020-12-15 00:00:00,2020-12-17,,Sony PlayStation 5 Bundle,54ed,1297.85,website,affiliate,unknown,NO,2020,2020-12,2020-12-15,2020-12-14/2020-12-20,2020Q4,2020,2020-12,2020-12-17,2020-12-14/2020-12-20,2020Q4
3f07fed7,f3c7bb48ed428554,2020-12-05 00:00:00,2020-12-06,,Nintendo Switch,e682,168.0,website,email,desktop,US,2020,2020-12,2020-12-05,2020-11-30/2020-12-06,2020Q4,2020,2020-12,2020-12-06,2020-11-30/2020-12-06,2020Q4
6cae675f,f3f8379cc4946899,2020-12-03 00:00:00,2020-12-04,,Nintendo Switch,8d0d,168.0,website,direct,desktop,US,2020,2020-12,2020-12-03,2020-11-30/2020-12-06,2020Q4,2020,2020-12,2020-12-04,2020-11-30/2020-12-06,2020Q4
6cae675f,f3f8379cc4946900,2020-12-03 00:00:00,2020-12-04,2/10/2023,Nintendo Switch,8d0d,168.0,website,direct,desktop,US,2020,2020-12,2020-12-03,2020-11-30/2020-12-06,2020Q4,2020,2020-12,2020-12-04,2020-11-30/2020-12-06,2020Q4
c56e9c51,f40803d068f83547,2020-12-02 00:00:00,2020-12-03,9/8/2021,Nintendo Switch,e682,168.0,website,direct,desktop,US,2020,2020-12,2020-12-02,2020-11-30/2020-12-06,2020Q4,2020,2020-12,2020-12-03,2020-11-30/2020-12-06,2020Q4
eb57abfb,f42844b9db299439,2020-12-22 00:00:00,2020-12-24,,JBL Quantum 100 Gaming Headset,4c58,13.98,mobile app,direct,desktop,US,2020,2020-12,2020-12-22,2020-12-21/2020-12-27,2020Q4,2020,2020-12,2020-12-24,2020-12-21/2020-12-27,2020Q4
0dd1138c,f4447f0fba68679,2020-12-22 00:00:00,2020-12-24,,Nintendo Switch,8d0d,168.0,website,direct,desktop,US,2020,2020-12,2020-12-22,2020-12-21/2020-12-27,2020Q4,2020,2020-12,2020-12-24,2020-12-21/2020-12-27,2020Q4
0dd1138c,f4447f0fba68680,2020-12-22 00:00:00,2020-12-24,,Nintendo Switch,8d0d,168.0,website,direct,desktop,US,2020,2020-12,2020-12-22,2020-12-21/2020-12-27,2020Q4,2020,2020-12,2020-12-24,2020-12-21/2020-12-27,2020Q4
acecc487,f46730d231a73274,2020-01-27 00:00:00,2020-01-29,,27in 4K gaming monitor,891b,412.16,website,direct,desktop,GB,2020,2020-01,2020-01-27,2020-01-27/2020-02-02,2020Q1,2020,2020-01,2020-01-29,2020-01-27/2020-02-02,2020Q1
acecc487,f46730d231a73274,2020-01-27 00:00:00,2020-01-29,,27in 4K gaming monitor,891b,412.16,website,direct,desktop,GB,2020,2020-01,2020-01-27,2020-01-27/2020-02-02,2020Q1,2020,2020-01,2020-01-29,2020-01-27/2020-02-02,2020Q1
6429fa5f,f4b96daf22443361,2020-01-29 00:00:00,2020-01-31,,Nintendo Switch,e682,168.0,website,direct,desktop,US,2020,2020-01,2020-01-29,2020-01-27/2020-02-02,2020Q1,2020,2020-01,2020-01-31,2020-01-27/2020-02-02,2020Q1
ea28893c,f4cf32b828c98917,2020-12-10 00:00:00,2020-12-11,12/2/2022,Nintendo Switch,e682,168.0,website,direct,desktop,IN,2020,2020-12,2020-12-10,2020-12-07/2020-12-13,2020Q4,2020,2020-12,2020-12-11,2020-12-07/2020-12-13,2020Q4
d3877768,f5db64443b389305,2020-12-04 00:00:00,2020-12-06,,JBL Quantum 100 Gaming Headset,ab0f,24.0,website,direct,desktop,US,2020,2020-12,2020-12-04,2020-11-30/2020-12-06,2020Q4,2020,2020-12,2020-12-06,2020-11-30/2020-12-06,2020Q4
c466c8bd,f5f6a06360683155,2020-12-11 00:00:00,2020-12-14,,Nintendo Switch,e682,168.0,website,direct,desktop,US,2020,2020-12,2020-12-11,2020-12-07/2020-12-13,2020Q4,2020,2020-12,2020-12-14,2020-12-14/2020-12-20,2020Q4
37cf6bef,f5fc774556525610,2020-12-13 00:00:00,2020-12-15,7/21/2024,27in 4K gaming monitor,e7e6,480.0,website,direct,desktop,US,2020,2020-12,2020-12-13,2020-12-07/2020-12-13,2020Q4,2020,2020-12,2020-12-15,2020-12-14/2020-12-20,2020Q4
37cf6bef,f5fc774556525611,2020-12-13 00:00:00,2020-12-15,,27in 4K gaming monitor,e7e6,480.0,website,direct,desktop,US,2020,2020-12,2020-12-13,2020-12-07/2020-12-13,2020Q4,2020,2020-12,2020-12-15,2020-12-14/2020-12-20,2020Q4
be86383a,f65fcb290d780654,2020-12-13 00:00:00,2020-12-15,,Nintendo Switch,8e5d,168.54,mobile app,direct,desktop,US,2020,2020-12,2020-12-13,2020-12-07/2020-12-13,2020Q4,2020,2020-12,2020-12-15,2020-12-14/2020-12-20,2020Q4
cc0ef5e4,f68852796a986221,2020-12-15 00:00:00,2020-12-18,1/14/2023,27in 4K gaming monitor,891b,408.0,website,direct,desktop,US,2020,2020-12,2020-12-15,2020-12-14/2020-12-20,2020Q4,2020,2020-12,2020-12-18,2020-12-14/2020-12-20,2020Q4
c81af59f,f68d487b02f84630,2020-12-22 00:00:00,2020-12-23,2/17/2023,Dell Gaming Mouse,8d4f,48.5,mobile app,email,desktop,CL,2020,2020-12,2020-12-22,2020-12-21/2020-12-27,2020Q4,2020,2020-12,2020-12-23,2020-12-21/2020-12-27,2020Q4
c81af59f,f68d487b02f84631,2020-12-22 00:00:00,2020-12-23,2/17/2023,Dell Gaming Mouse,8d4f,48.5,mobile app,email,desktop,CL,2020,2020-12,2020-12-22,2020-12-21/2020-12-27,2020Q4,2020,2020-12,2020-12-23,2020-12-21/2020-12-27,2020Q4
e732655d,f699109e78c97665,2020-12-07 00:00:00,2020-12-08,2/2/2025,Nintendo Switch,e682,168.0,website,direct,desktop,US,2020,2020-12,2020-12-07,2020-12-07/2020-12-13,2020Q4,2020,2020-12,2020-12-08,2020-12-07/2020-12-13,2020Q4
82f1489b,f6a657e394755792,2020-12-26 00:00:00,2020-12-29,,JBL Quantum 100 Gaming Headset,2997,24.0,mobile app,direct,desktop,,2020,2020-12,2020-12-26,2020-12-21/2020-12-27,2020Q4,2020,2020-12,2020-12-29,2020-12-28/2021-01-03,2020Q4
09822c16,f6bd58ad0666909,2020-12-29 00:00:00,2020-12-30,11/26/2024,Nintendo Switch,8e5d,161.12,mobile app,email,desktop,US,2020,2020-12,2020-12-29,2020-12-28/2021-01-03,2020Q4,2020,2020-12,2020-12-30,2020-12-28/2021-01-03,2020Q4
2b3c2027,f6e5906061920504,2020-12-14 00:00:00,2020-12-17,,Acer Nitro V Gaming Laptop,22ea,798.0,website,direct,desktop,US,2020,2020-12,2020-12-14,2020-12-14/2020-12-20,2020Q4,2020,2020-12,2020-12-17,2020-12-14/2020-12-20,2020Q4
4897f8ea,f7226ef5d1832395,2020-01-24 00:00:00,2020-01-25,,Nintendo Switch,e682,168.0,website,direct,desktop,US,2020,2020-01,2020-01-24,2020-01-20/2020-01-26,2020Q1,2020,2020-01,2020-01-25,2020-01-20/2020-01-26,2020Q1
b5b5829c,f763ed6b6a876971,2020-12-07 00:00:00,2020-12-08,,Nintendo Switch,8d0d,168.0,website,social media,tablet,US,2020,2020-12,2020-12-07,2020-12-07/2020-12-13,2020Q4,2020,2020-12,2020-12-08,2020-12-07/2020-12-13,2020Q4
c0be19c3,f7923c9fa0b81628,2020-12-31 00:00:00,2021-01-02,3/26/2023,Nintendo Switch,e682,168.0,website,direct,desktop,US,2020,2020-12,2020-12-31,2020-12-28/2021-01-03,2020Q4,2021,2021-01,2021-01-02,2020-12-28/2021-01-03,2021Q1
4db9b917,f7945ab92e434529,2020-01-29 00:00:00,2020-01-31,,JBL Quantum 100 Gaming Headset,ab0f,25.49,website,direct,desktop,GB,2020,2020-01,2020-01-29,2020-01-27/2020-02-02,2020Q1,2020,2020-01,2020-01-31,2020-01-27/2020-02-02,2020Q1
35e70700,f7a41a28fdc24835,2020-12-04 00:00:00,2020-12-06,9/22/2022,27in 4K gaming monitor,891b,410.92,website,affiliate,unknown,DK,2020,2020-12,2020-12-04,2020-11-30/2020-12-06,2020Q4,2020,2020-12,2020-12-06,2020-11-30/2020-12-06,2020Q4
7a05b9ed,f7a57f8b70552131,2020-12-28 00:00:00,2020-12-30,,JBL Quantum 100 Gaming Headset,4c58,28.65,mobile app,organic,,DE,2020,2020-12,2020-12-28,2020-12-28/2021-01-03,2020Q4,2020,2020-12,2020-12-30,2020-12-28/2021-01-03,2020Q4
04eeb8c0,f7be96cb9175136,2020-12-21 00:00:00,2020-12-24,,Nintendo Switch,e682,168.0,website,direct,desktop,US,2020,2020-12,2020-12-21,2020-12-21/2020-12-27,2020Q4,2020,2020-12,2020-12-24,2020-12-21/2020-12-27,2020Q4
b4464edb,f849d985ca276410,2020-01-25 00:00:00,2020-01-27,,JBL Quantum 100 Gaming Headset,ab0f,23.06,website,email,mobile,DK,2020,2020-01,2020-01-25,2020-01-20/2020-01-26,2020Q1,2020,2020-01,2020-01-27,2020-01-27/2020-02-02,2020Q1
279de0e1,f862d379a3219051,2020-12-03 00:00:00,2020-12-04,,JBL Quantum 100 Gaming Headset,ab0f,25.47,website,direct,desktop,GB,2020,2020-12,2020-12-03,2020-11-30/2020-12-06,2020Q4,2020,2020-12,2020-12-04,2020-11-30/2020-12-06,2020Q4
2e68cebc,f8a289fbfc221792,2020-12-17 00:00:00,2020-12-18,11/29/2022,Nintendo Switch,e682,152.04,website,email,desktop,CA,2020,2020-12,2020-12-17,2020-12-14/2020-12-20,2020Q4,2020,2020-12,2020-12-18,2020-12-14/2020-12-20,2020Q4
197fceb8,f8b17a6f37813339,2020-12-08 00:00:00,2020-12-11,11/29/2022,27in 4K gaming monitor,e7e6,480.0,website,affiliate,unknown,US,2020,2020-12,2020-12-08,2020-12-07/2020-12-13,2020Q4,2020,2020-12,2020-12-11,2020-12-07/2020-12-13,2020Q4
c1c40ee1,f8b8868060282010,2020-01-23 00:00:00,2020-01-26,,27in 4K gaming monitor,891b,480.0,website,direct,desktop,IN,2020,2020-01,2020-01-23,2020-01-20/2020-01-26,2020Q1,2020,2020-01,2020-01-26,2020-01-20/2020-01-26,2020Q1
c1c40ee1,f8b8868060282010,2020-01-23 00:00:00,2020-01-26,,27in 4K gaming monitor,891b,480.0,website,direct,desktop,IN,2020,2020-01,2020-01-23,2020-01-20/2020-01-26,2020Q1,2020,2020-01,2020-01-26,2020-01-20/2020-01-26,2020Q1
938e189c,f8c791fef5562574,2020-12-23 00:00:00,2020-12-25,,Nintendo Switch,8d0d,156.24,website,direct,desktop,CA,2020,2020-12,2020-12-23,2020-12-21/2020-12-27,2020Q4,2020,2020-12,2020-12-25,2020-12-21/2020-12-27,2020Q4
02c36cbb,f925ccc7b734319,2020-12-09 00:00:00,2020-12-11,,Nintendo Switch,8d0d,115.33,website,direct,desktop,AU,2020,2020-12,2020-12-09,2020-12-07/2020-12-13,2020Q4,2020,2020-12,2020-12-11,2020-12-07/2020-12-13,2020Q4
9a3d7793,f92934e922865216,2020-12-23 00:00:00,2020-12-25,,Nintendo Switch,8d0d,168.0,website,direct,desktop,US,2020,2020-12,2020-12-23,2020-12-21/2020-12-27,2020Q4,2020,2020-12,2020-12-25,2020-12-21/2020-12-27,2020Q4
18ecdc2a,f965209f0c513124,2020-12-13 00:00:00,2020-12-16,,Sony PlayStation 5 Bundle,54ed,1800.0,website,direct,desktop,US,2020,2020-12,2020-12-13,2020-12-07/2020-12-13,2020Q4,2020,2020-12,2020-12-16,2020-12-14/2020-12-20,2020Q4
070165a0,f9c589690995936,2020-12-30 00:00:00,2021-01-02,,Nintendo Switch,e682,168.0,website,direct,desktop,US,2020,2020-12,2020-12-30,2020-12-28/2021-01-03,2020Q4,2021,2021-01,2021-01-02,2020-12-28/2021-01-03,2021Q1
d826a18c,f9e0417a88391318,2020-12-09 00:00:00,2020-12-12,2/7/2025,Nintendo Switch,8d0d,160.34,website,direct,desktop,ES,2020,2020-12,2020-12-09,2020-12-07/2020-12-13,2020Q4,2020,2020-12,2020-12-12,2020-12-07/2020-12-13,2020Q4
25edf7f5,face7dec61918369,2020-01-24 00:00:00,2020-01-27,12/18/2021,Nintendo Switch,e682,190.79,website,direct,desktop,IL,2020,2020-01,2020-01-24,2020-01-20/2020-01-26,2020Q1,2020,2020-01,2020-01-27,2020-01-27/2020-02-02,2020Q1
1615821,fae0a3c59a376,2020-12-01 00:00:00,2020-12-04,,JBL Quantum 100 Gaming Headset,ab0f,25.97,website,direct,desktop,GB,2020,2020-12,2020-12-01,2020-11-30/2020-12-06,2020Q4,2020,2020-12,2020-12-04,2020-11-30/2020-12-06,2020Q4
71bdc355,fae0bec350e48888,2020-01-22 00:00:00,2020-01-25,,Nintendo Switch,8d0d,153.08,website,direct,desktop,JP,2020,2020-01,2020-01-22,2020-01-20/2020-01-26,2020Q1,2020,2020-01,2020-01-25,2020-01-20/2020-01-26,2020Q1
810bfdd0,fb0d9eee01e55073,2020-12-20 00:00:00,2020-12-21,6/27/2021,Nintendo Switch,8d0d,187.77,website,email,desktop,DK,2020,2020-12,2020-12-20,2020-12-14/2020-12-20,2020Q4,2020,2020-12,2020-12-21,2020-12-21/2020-12-27,2020Q4
810bfdd0,fb0d9eee01e55074,2020-12-20 00:00:00,2020-12-21,6/24/2023,Nintendo Switch,8d0d,187.77,website,email,desktop,DK,2020,2020-12,2020-12-20,2020-12-14/2020-12-20,2020Q4,2020,2020-12,2020-12-21,2020-12-21/2020-12-27,2020Q4
a23132b8,fb237cfaf1268592,2020-12-28 00:00:00,2020-12-29,10/10/2023,Nintendo Switch,e682,168.0,website,direct,desktop,US,2020,2020-12,2020-12-28,2020-12-28/2021-01-03,2020Q4,2020,2020-12,2020-12-29,2020-12-28/2021-01-03,2020Q4
8b8daee8,fb26e69e0c859280,2020-01-30 00:00:00,2020-02-01,,27in 4K gaming monitor,891b,312.0,website,direct,desktop,US,2020,2020-01,2020-01-30,2020-01-27/2020-02-02,2020Q1,2020,2020-02,2020-02-01,2020-01-27/2020-02-02,2020Q1
8b8daee8,fb26e69e0c859280,2020-01-30 00:00:00,2020-02-01,,27in 4K gaming monitor,891b,312.0,website,direct,desktop,US,2020,2020-01,2020-01-30,2020-01-27/2020-02-02,2020Q1,2020,2020-02,2020-02-01,2020-01-27/2020-02-02,2020Q1
daf13ab5,fbe269f8ac892517,2020-12-17 00:00:00,2020-12-20,,Nintendo Switch,e682,164.88,website,direct,desktop,DE,2020,2020-12,2020-12-17,2020-12-14/2020-12-20,2020Q4,2020,2020-12,2020-12-20,2020-12-14/2020-12-20,2020Q4
af7d9829,fc629d3dc5474356,2020-01-30 00:00:00,2020-02-02,,27in 4K gaming monitor,891b,360.42,website,affiliate,unknown,US,2020,2020-01,2020-01-30,2020-01-27/2020-02-02,2020Q1,2020,2020-02,2020-02-02,2020-01-27/2020-02-02,2020Q1
af7d9829,fc629d3dc5474356,2020-01-30 00:00:00,2020-02-02,,27in 4K gaming monitor,891b,360.42,website,affiliate,unknown,US,2020,2020-01,2020-01-30,2020-01-27/2020-02-02,2020Q1,2020,2020-02,2020-02-02,2020-01-27/2020-02-02,2020Q1
96d13cee,fc7a6aa3bfc63868,2020-12-08 00:00:00,2020-12-10,1/19/2025,Nintendo Switch,e682,168.0,website,direct,desktop,US,2020,2020-12,2020-12-08,2020-12-07/2020-12-13,2020Q4,2020,2020-12,2020-12-10,2020-12-07/2020-12-13,2020Q4
26264b7d,fcb9bc75c4118455,2020-12-03 00:00:00,2020-12-04,,27in 4K gaming monitor,891b,325.8,website,direct,desktop,US,2020,2020-12,2020-12-03,2020-11-30/2020-12-06,2020Q4,2020,2020-12,2020-12-04,2020-11-30/2020-12-06,2020Q4
9dc670a1,fcc5fd17c3e66694,2020-12-29 00:00:00,2021-01-01,,JBL Quantum 100 Gaming Headset,4db1,23.98,mobile app,email,desktop,US,2020,2020-12,2020-12-29,2020-12-28/2021-01-03,2020Q4,2021,2021-01,2021-01-01,2020-12-28/2021-01-03,2021Q1
f3c221a7,fcdb2543496103038,2020-01-23 00:00:00,2020-01-25,,Sony PlayStation 5 Bundle,54ed,1814.23,website,direct,desktop,FR,2020,2020-01,2020-01-23,2020-01-20/2020-01-26,2020Q1,2020,2020-01,2020-01-25,2020-01-20/2020-01-26,2020Q1
0fb6f6ac,fcf743c61869489,2020-12-05 00:00:00,2020-12-08,9/30/2022,27in 4K gaming monitor,891b,408.3,website,email,desktop,JP,2020,2020-12,2020-12-05,2020-11-30/2020-12-06,2020Q4,2020,2020-12,2020-12-08,2020-12-07/2020-12-13,2020Q4
e021a033,fd1d6f6c4c394771,2020-12-17 00:00:00,2020-12-18,12/30/2022,Nintendo Switch,e682,154.75,website,direct,desktop,CA,2020,2020-12,2020-12-17,2020-12-14/2020-12-20,2020Q4,2020,2020-12,2020-12-18,2020-12-14/2020-12-20,2020Q4
e021a033,fd1d6f6c4c394772,2020-12-17 00:00:00,2020-12-18,12/30/2022,Nintendo Switch,e682,154.75,website,direct,desktop,CA,2020,2020-12,2020-12-17,2020-12-14/2020-12-20,2020Q4,2020,2020-12,2020-12-18,2020-12-14/2020-12-20,2020Q4
581535b8,fd1fff6753238582,2020-12-28 00:00:00,2020-12-30,6/2/2021,27in 4K gaming monitor,e7e6,146.29,website,direct,desktop,TR,2020,2020-12,2020-12-28,2020-12-28/2021-01-03,2020Q4,2020,2020-12,2020-12-30,2020-12-28/2021-01-03,2020Q4
a4a3060f,fd5e6be827069676,2020-12-20 00:00:00,2020-12-21,,JBL Quantum 100 Gaming Headset,ab0f,24.0,website,direct,desktop,US,2020,2020-12,2020-12-20,2020-12-14/2020-12-20,2020Q4,2020,2020-12,2020-12-21,2020-12-21/2020-12-27,2020Q4
2c706997,fd7982fed8020984,2020-12-25 00:00:00,2020-12-28,,JBL Quantum 100 Gaming Headset,ab0f,23.24,website,direct,desktop,PT,2020,2020-12,2020-12-25,2020-12-21/2020-12-27,2020Q4,2020,2020-12,2020-12-28,2020-12-28/2021-01-03,2020Q4
2c706997,fd7982fed8020985,2020-12-25 00:00:00,2020-12-28,,JBL Quantum 100 Gaming Headset,ab0f,23.24,website,direct,desktop,PT,2020,2020-12,2020-12-25,2020-12-21/2020-12-27,2020Q4,2020,2020-12,2020-12-28,2020-12-28/2021-01-03,2020Q4
2c706997,fd7982fed8020986,2020-12-25 00:00:00,2020-12-28,,JBL Quantum 100 Gaming Headset,ab0f,23.24,website,direct,desktop,PT,2020,2020-12,2020-12-25,2020-12-21/2020-12-27,2020Q4,2020,2020-12,2020-12-28,2020-12-28/2021-01-03,2020Q4
054bf215,fda68b75b6b5280,2020-12-31 00:00:00,2021-01-02,,27in 4K gaming monitor,e7e6,480.0,website,direct,desktop,US,2020,2020-12,2020-12-31,2020-12-28/2021-01-03,2020Q4,2021,2021-01,2021-01-02,2020-12-28/2021-01-03,2021Q1
278ae7d2,fdb9f77149d19028,2020-12-02 00:00:00,2020-12-04,,JBL Quantum 100 Gaming Headset,ab0f,24.0,website,email,desktop,US,2020,2020-12,2020-12-02,2020-11-30/2020-12-06,2020Q4,2020,2020-12,2020-12-04,2020-11-30/2020-12-06,2020Q4
24aece5e,fdeeded9d1617822,2020-12-07 00:00:00,2020-12-08,,JBL Quantum 100 Gaming Headset,ab0f,24.0,website,direct,desktop,US,2020,2020-12,2020-12-07,2020-12-07/2020-12-13,2020Q4,2020,2020-12,2020-12-08,2020-12-07/2020-12-13,2020Q4
21c82880,fe3a05a60ac16730,2020-12-13 00:00:00,2020-12-16,12/31/2022,Dell Gaming Mouse,8d4f,49.98,mobile app,email,desktop,US,2020,2020-12,2020-12-13,2020-12-07/2020-12-13,2020Q4,2020,2020-12,2020-12-16,2020-12-14/2020-12-20,2020Q4
21c82880,fe3a05a60ac16731,2020-12-13 00:00:00,2020-12-16,12/31/2022,Dell Gaming Mouse,8d4f,49.98,mobile app,email,desktop,US,2020,2020-12,2020-12-13,2020-12-07/2020-12-13,2020Q4,2020,2020-12,2020-12-16,2020-12-14/2020-12-20,2020Q4
741a2d55,fe493297a1549856,2020-12-17 00:00:00,2020-12-20,,Nintendo Switch,e682,168.0,website,direct,desktop,AR,2020,2020-12,2020-12-17,2020-12-14/2020-12-20,2020Q4,2020,2020-12,2020-12-20,2020-12-14/2020-12-20,2020Q4
5271eb00,fe85938cdb036366,2020-01-27 00:00:00,2020-01-30,,Nintendo Switch,e682,139.2,website,direct,desktop,CH,2020,2020-01,2020-01-27,2020-01-27/2020-02-02,2020Q1,2020,2020-01,2020-01-30,2020-01-27/2020-02-02,2020Q1
5d100c1c,fe988919dff40598,2020-01-24 00:00:00,2020-01-26,,Nintendo Switch,8d0d,175.86,website,direct,desktop,GB,2020,2020-01,2020-01-24,2020-01-20/2020-01-26,2020Q1,2020,2020-01,2020-01-26,2020-01-20/2020-01-26,2020Q1
33e2878c,fef8a801ae724056,2020-12-02 00:00:00,2020-12-05,,Nintendo Switch,e682,164.88,website,direct,desktop,DE,2020,2020-12,2020-12-02,2020-11-30/2020-12-06,2020Q4,2020,2020-12,2020-12-05,2020-11-30/2020-12-06,2020Q4
960e5438,ff1335abbde63575,2020-12-23 00:00:00,2020-12-26,1/24/2023,Lenovo IdeaPad Gaming 3,9ef0,1198.0,website,direct,desktop,US,2020,2020-12,2020-12-23,2020-12-21/2020-12-27,2020Q4,2020,2020-12,2020-12-26,2020-12-21/2020-12-27,2020Q4
5aaf8a6b,ff33917b6c639642,2020-12-04 00:00:00,2020-12-05,2/27/2025,Nintendo Switch,e682,168.0,website,direct,desktop,US,2020,2020-12,2020-12-04,2020-11-30/2020-12-06,2020Q4,2020,2020-12,2020-12-05,2020-11-30/2020-12-06,2020Q4
8822241b,ff6de27f17c57848,2020-01-26 00:00:00,2020-01-28,,Nintendo Switch,8e5d,162.2,mobile app,social media,tablet,US,2020,2020-01,2020-01-26,2020-01-20/2020-01-26,2020Q1,2020,2020-01,2020-01-28,2020-01-27/2020-02-02,2020Q1
92b2a867,ffae0e4080c62235,2020-12-09 00:00:00,2020-12-11,,Acer Nitro V Gaming Laptop,22ea,798.0,website,direct,desktop,CZ,2020,2020-12,2020-12-09,2020-12-07/2020-12-13,2020Q4,2020,2020-12,2020-12-11,2020-12-07/2020-12-13,2020Q4
9cc5df7b,ffe6bc3a64566290,2020-12-21 00:00:00,2020-12-22,,Nintendo Switch,e682,164.88,website,direct,desktop,BE,2020,2020-12,2020-12-21,2020-12-21/2020-12-27,2020Q4,2020,2020-12,2020-12-22,2020-12-21/2020-12-27,2020Q4
5444ffa9,ffeb3ac2f3737125,2020-12-20 00:00:00,2020-12-23,1/11/2023,27in 4K gaming monitor,e7e6,506.46,website,direct,desktop,GB,2020,2020-12,2020-12-20,2020-12-14/2020-12-20,2020Q4,2020,2020-12,2020-12-23,2020-12-21/2020-12-27,2020Q4
